team_id,sprint_id,total_tasks,team_size,planned_story_points,completed_story_points,total_effort_minutes,total_time_spent,sprint_number,historical_velocity_avg,developer_availability_rate,absence_days_total,overtime_hours_total,concurrent_assignments,skill_match_ratio,avg_seniority_level,actual_sprint_cost
T1,S1,7,4,10.0,10.0,24796.0,0.0,1,10.0,0.6,1,0.0,2.0,1.0,1.60944,4479.6
T1,S2,9,2,16.0,16.0,145888.0,0.0,704,11.4584,0.8,1,0.0,1.0,1.0,1.09861,15588.8
T1,S3,1,1,1.0,1.0,10425.0,0.0,1558,11.9457,0.9,0,0.0,0.5,1.0,0.693147,1542.5
T1,S4,5,4,14.0,14.0,95030.0,0.0,2191,21.3649,0.6,1,0.0,2.0,1.0,1.60944,11503.0
T1,S5,12,8,28.0,28.0,166500.0,0.0,3167,37.056,0.2,2,0.0,4.0,1.0,2.19722,20650.0
T1,S6,16,8,41.0,41.0,134126.0,0.0,3278,36.6031,0.2,2,0.0,4.0,1.0,2.19722,17412.6
T1,S7,29,10,80.0,80.0,272601.0,0.0,3352,36.1365,0.0,3,0.0,5.0,1.0,2.3979,32260.1
T1,S8,17,9,41.0,41.0,244589.0,0.0,3434,35.5401,0.1,3,0.0,4.5,1.0,2.30259,28958.9
T1,S9,21,10,69.0,69.0,143074.0,0.0,3507,200.0,0.0,3,0.0,5.0,1.0,2.3979,19307.4
T1,S10,29,10,85.0,85.0,323966.0,0.0,2,10.0,0.0,3,0.0,5.0,1.0,2.3979,37396.6
T1,S11,28,10,100.0,97.0,204650.0,0.0,87,31.7616,0.0,3,1.5,5.0,0.97,2.3979,25540.0
T1,S12,28,10,111.0,111.0,207559.0,0.0,166,21.8242,0.0,3,0.0,5.0,1.0,2.3979,25755.9
T1,S13,18,9,74.0,74.0,80754.0,0.0,226,17.6168,0.1,3,0.0,4.5,1.0,2.30259,12575.4
T1,S14,28,12,106.0,106.0,331044.0,0.0,308,16.5824,0.0,4,0.0,6.0,1.0,2.56495,39104.4
T1,S15,14,10,57.0,57.0,187247.0,0.0,404,16.9052,0.0,3,0.0,5.0,1.0,2.3979,23724.7
T1,S16,25,11,70.0,70.0,152554.0,0.0,472,14.8902,0.0,3,0.0,5.5,1.0,2.48491,20755.4
T1,S17,44,12,109.0,109.0,184732.0,0.0,533,13.4977,0.0,4,0.0,6.0,1.0,2.56495,24473.2
T1,S18,61,15,193.0,193.0,459223.0,0.0,609,12.174,0.0,5,0.0,7.5,1.0,2.77259,53422.3
T1,S19,28,9,90.0,85.0,130401.0,0.0,649,11.8731,0.1,3,2.5,4.5,0.944444,2.30259,17665.1
T1,S20,28,12,92.0,91.0,284641.0,0.0,705,11.4649,0.0,4,0.5,6.0,0.98913,2.56495,34489.1
T1,S21,34,11,114.0,114.0,355160.0,0.0,778,10.7964,0.0,3,0.0,5.5,1.0,2.48491,41016.0
T1,S22,27,9,89.0,89.0,221453.0,0.0,864,10.2072,0.1,3,0.0,4.5,1.0,2.30259,26645.3
T1,S23,25,9,103.0,103.0,241465.0,0.0,929,9.85968,0.1,3,0.0,4.5,1.0,2.30259,28646.5
T1,S24,35,11,139.0,139.0,408983.0,0.0,984,9.67831,0.0,3,0.0,5.5,1.0,2.48491,46398.3
T1,S25,6,4,15.0,15.0,30203.0,0.0,1045,9.39587,0.6,1,0.0,2.0,1.0,1.60944,5020.3
T1,S26,38,11,105.0,102.0,123458.0,0.0,1136,8.72007,0.0,3,1.5,5.5,0.971429,2.48491,17920.8
T1,S27,61,11,183.0,183.0,393032.0,0.0,1242,8.17831,0.0,3,0.0,5.5,1.0,2.48491,44803.2
T1,S28,48,10,148.0,148.0,390194.0,1.0,1346,7.85895,0.0,3,0.0,5.0,1.0,2.3979,44019.4
T1,S29,27,10,86.0,86.0,267888.0,0.0,1451,8.2323,0.0,3,0.0,5.0,1.0,2.3979,31788.8
T1,S30,60,14,231.0,231.0,765048.0,0.0,1559,11.9386,0.0,4,0.0,7.0,1.0,2.70805,83504.8
T1,S31,38,13,131.0,131.0,272469.0,180.0,1666,14.6873,0.0,4,0.0,6.5,1.0,2.63906,33746.9
T1,S32,13,5,27.0,27.0,76864.0,0.0,1775,20.1276,0.5,2,0.0,2.5,1.0,1.79176,10186.4
T1,S33,10,5,48.0,48.0,265702.0,0.0,1883,22.2989,0.5,2,0.0,2.5,1.0,1.79176,29070.2
T1,S34,9,7,64.0,64.0,146166.0,0.0,1981,21.946,0.3,2,0.0,3.5,1.0,2.07944,18116.6
T1,S35,66,11,147.0,147.0,116629.0,0.0,2073,21.0758,0.0,3,0.0,5.5,1.0,2.48491,17162.9
T1,S36,56,12,167.2,167.2,141729.0,0.0,2084,21.1099,0.0,4,0.0,6.0,1.0,2.56495,20172.9
T1,S37,65,15,282.0,282.0,391863.0,0.0,2094,21.2356,0.0,5,0.0,7.5,1.0,2.77259,46686.3
T1,S38,21,8,73.0,73.0,68380.0,0.0,2104,21.4547,0.2,2,0.0,4.0,1.0,2.19722,10838.0
T1,S39,22,10,65.0,65.0,53899.0,0.0,2115,21.6477,0.0,3,0.0,5.0,1.0,2.3979,10389.9
T1,S40,78,14,294.0,289.0,351930.0,0.0,2192,21.3616,0.0,4,2.5,7.0,0.982993,2.70805,42318.0
T1,S41,50,9,159.0,159.0,426374.0,0.0,2293,26.8424,0.1,3,0.0,4.5,1.0,2.30259,47137.4
T1,S42,64,11,175.0,175.0,345213.0,0.0,2378,26.5363,0.0,3,0.0,5.5,1.0,2.48491,40021.3
T1,S43,61,14,257.0,257.0,446447.0,0.0,2467,27.9828,0.0,4,0.0,7.0,1.0,2.70805,51644.7
T1,S44,24,10,113.0,113.0,343602.0,0.0,2570,29.4931,0.0,3,0.0,5.0,1.0,2.3979,39360.2
T1,S45,39,8,170.0,170.0,405831.0,0.0,2671,29.9774,0.2,2,0.0,4.0,1.0,2.19722,44583.1
T1,S46,59,9,294.0,294.0,275819.0,0.0,2766,29.78,0.1,3,0.0,4.5,1.0,2.30259,32081.9
T1,S47,36,10,87.0,87.0,196673.0,0.0,2874,30.8299,0.0,3,0.0,5.0,1.0,2.3979,24667.3
T1,S48,69,12,250.0,250.0,728726.0,0.0,2973,32.199,0.0,4,0.0,6.0,1.0,2.56495,78872.6
T1,S49,42,10,212.0,212.0,308413.0,0.0,3078,35.8925,0.0,3,0.0,5.0,1.0,2.3979,35841.3
T1,S50,20,8,128.0,128.0,531449.0,0.0,3168,37.0531,0.2,2,0.0,4.0,1.0,2.19722,57144.9
T1,S51,40,13,140.0,140.0,332718.0,0.0,3204,36.932,0.0,4,0.0,6.5,1.0,2.63906,39771.8
T1,S52,30,8,110.0,110.0,122944.0,0.0,3215,36.912,0.2,2,0.0,4.0,1.0,2.19722,16294.4
T1,S53,31,9,115.0,115.0,140274.0,0.0,3226,36.8519,0.1,3,0.0,4.5,1.0,2.30259,18527.4
T1,S54,18,9,49.0,49.0,71968.0,0.0,3234,36.7978,0.1,3,0.0,4.5,1.0,2.30259,11696.8
T1,S55,111,13,274.0,274.0,259357.0,0.0,3244,36.7398,0.0,4,0.0,6.5,1.0,2.63906,32435.7
T1,S56,22,9,44.0,44.0,52494.0,0.0,3254,36.7443,0.1,3,0.0,4.5,1.0,2.30259,9749.4
T1,S57,29,12,66.0,66.0,159167.0,0.0,3264,36.6768,0.0,4,0.0,6.0,1.0,2.56495,21916.7
T1,S58,33,7,59.0,59.0,86448.0,0.0,3266,36.6745,0.3,2,0.0,3.5,1.0,2.07944,12144.8
T1,S59,24,9,108.0,108.0,92608.0,0.0,3270,36.6489,0.1,3,0.0,4.5,1.0,2.30259,13760.8
T1,S60,13,7,39.0,39.0,23379.0,0.0,3279,36.6044,0.3,2,0.0,3.5,1.0,2.07944,5837.9
T1,S61,49,10,121.0,121.0,49257.0,0.0,3286,36.5444,0.0,3,0.0,5.0,1.0,2.3979,9925.7
T1,S62,33,9,95.0,95.0,105238.0,0.0,3292,36.5236,0.1,3,0.0,4.5,1.0,2.30259,15023.8
T1,S63,30,9,62.0,62.0,38090.0,0.0,3300,36.476,0.1,3,0.0,4.5,1.0,2.30259,8309.0
T1,S64,15,7,72.0,72.0,71888.0,0.0,3308,36.4189,0.3,2,0.0,3.5,1.0,2.07944,10688.8
T1,S65,10,4,12.0,12.0,3458.0,0.0,3315,36.3942,0.6,1,0.0,2.0,1.0,1.60944,2345.8
T1,S66,17,6,18.0,18.0,59539.0,0.0,3322,36.3458,0.4,2,0.0,3.0,1.0,1.94591,8953.9
T2,S67,3,1,0.0,0.0,0.0,0.0,3330,36.3389,0.9,0,0.0,0.5,0.0,0.693147,500.0
T2,S68,10,1,0.0,0.0,1565.0,0.0,3341,36.254,0.9,0,0.0,0.5,0.0,0.693147,656.5
T2,S69,6,2,0.0,0.0,305.0,0.0,3347,36.189,0.8,1,0.0,1.0,0.0,1.09861,1030.5
T2,S70,2,1,0.0,0.0,25.0,0.0,3353,36.1495,0.9,0,0.0,0.5,0.0,0.693147,502.5
T2,S71,3,1,0.0,0.0,5.0,0.0,3357,36.1091,0.9,0,0.0,0.5,0.0,0.693147,500.5
T2,S72,8,1,0.0,0.0,64376.0,0.0,3363,36.0527,0.9,0,0.0,0.5,0.0,0.693147,6937.6
T2,S74,14,2,0.0,0.0,9751.0,0.0,3376,35.9402,0.8,1,0.0,1.0,0.0,1.09861,1975.1
T2,S75,3,1,0.0,0.0,13138.0,0.0,3385,35.8568,0.9,0,0.0,0.5,0.0,0.693147,1813.8
T2,S76,29,3,0.0,0.0,114003.0,0.0,3393,35.7837,0.7,1,0.0,1.5,0.0,1.38629,12900.3
T2,S77,2,1,0.0,0.0,0.0,0.0,3403,35.707,0.9,0,0.0,0.5,0.0,0.693147,500.0
T2,S78,13,1,0.0,0.0,110349.0,0.0,3414,35.6438,0.9,0,0.0,0.5,0.0,0.693147,11534.9
T2,S79,19,2,0.0,0.0,197421.0,0.0,3425,35.5687,0.8,1,0.0,1.0,0.0,1.09861,20742.1
T2,S80,13,2,8.0,8.0,41050.0,0.0,3435,35.5417,0.8,1,0.0,1.0,1.0,1.09861,5105.0
T2,S81,5,1,0.0,0.0,5893.0,0.0,3442,35.5334,0.9,0,0.0,0.5,0.0,0.693147,1089.3
T2,S82,2,1,0.0,0.0,102.0,0.0,3449,35.4815,0.9,0,0.0,0.5,0.0,0.693147,510.2
T2,S83,8,3,7.0,7.0,33539.0,0.0,3456,35.4441,0.7,1,0.0,1.5,1.0,1.38629,4853.9
T2,S84,29,3,20.0,20.0,1680711.0,0.0,3466,35.5591,0.7,1,0.0,1.5,1.0,1.38629,169571.0
T2,S85,19,3,8.0,8.0,78629.0,0.0,3475,35.5283,0.7,1,0.0,1.5,1.0,1.38629,9362.9
T2,S86,24,4,3.0,3.0,139673.0,0.0,3482,35.5186,0.6,1,0.0,2.0,1.0,1.60944,15967.3
T2,S87,20,2,26710115.0,26710115.0,211035.0,0.0,3489,35.4671,0.8,1,0.0,1.0,1.0,1.09861,22103.5
T2,S88,7,2,1.0,1.0,6654.0,0.0,3496,200.0,0.8,1,0.0,1.0,1.0,1.09861,1665.4
T2,S89,17,2,27.0,27.0,89820.0,0.0,3502,200.0,0.8,1,0.0,1.0,1.0,1.09861,9982.0
T2,S90,2,1,3.0,3.0,634.0,0.0,3508,200.0,0.9,0,0.0,0.5,1.0,0.693147,563.4
T2,S91,28,3,22.0,22.0,373316.0,0.0,3517,200.0,0.7,1,0.0,1.5,1.0,1.38629,38831.6
T2,S92,35,3,54.0,54.0,533005.0,0.0,3528,200.0,0.7,1,0.0,1.5,1.0,1.38629,54800.5
T2,S93,4,2,1.0,1.0,42199.0,0.0,3538,200.0,0.8,1,0.0,1.0,1.0,1.09861,5219.9
T2,S94,2,1,1.0,1.0,94.0,0.0,3549,200.0,0.9,0,0.0,0.5,1.0,0.693147,509.4
T2,S95,6,2,16.0,16.0,218.0,0.0,3560,200.0,0.8,1,0.0,1.0,1.0,1.09861,1021.8
T2,S96,1,1,3.0,3.0,208.0,0.0,3569,200.0,0.9,0,0.0,0.5,1.0,0.693147,520.8
T2,S97,1,1,1.0,1.0,1234.0,0.0,3577,200.0,0.9,0,0.0,0.5,1.0,0.693147,623.4
T2,S99,2,1,4.0,4.0,64.0,0.0,3594,200.0,0.9,0,0.0,0.5,1.0,0.693147,506.4
T2,S100,3,1,5.0,5.0,524.0,0.0,3,47.5,0.9,0,0.0,0.5,1.0,0.693147,552.4
T2,S102,2,2,6.0,6.0,16.0,0.0,17,16.125,0.8,1,0.0,1.0,1.0,1.09861,1001.6
T2,S105,3,2,13.0,13.0,596.0,60.0,41,24.0,0.8,1,0.0,1.0,1.0,1.09861,1059.6
T2,S107,1,1,1.0,1.0,0.0,0.0,60,38.5932,0.9,0,0.0,0.5,1.0,0.693147,500.0
T2,S108,2,1,1.0,1.0,19774.0,0.0,70,37.4565,0.9,0,0.0,0.5,1.0,0.693147,2477.4
T2,S109,1,1,1.0,1.0,4246.0,0.0,79,34.2628,0.9,0,0.0,0.5,1.0,0.693147,924.6
T2,S113,3,1,3.0,3.0,207.0,0.0,111,30.2955,0.9,0,0.0,0.5,1.0,0.693147,520.7
T2,S116,8,3,40.0,40.0,918611.0,0.0,139,25.279,0.7,1,0.0,1.5,1.0,1.38629,93361.1
T2,S117,8,2,30.0,30.0,36030.0,120.0,148,24.1803,0.8,1,0.0,1.0,1.0,1.09861,4603.0
T2,S118,2,2,6.0,6.0,89037.0,0.0,155,23.2922,0.8,1,0.0,1.0,1.0,1.09861,9903.7
T2,S120,9,2,20.0,20.0,147858.0,120.0,167,22.3614,0.8,1,0.0,1.0,1.0,1.09861,15785.8
T3,S125,1,1,0.0,0.0,501.0,0.0,199,19.3221,0.9,0,0.0,0.5,0.0,0.693147,550.1
T3,S127,1,1,5.0,5.0,32024.0,0.0,208,18.6898,0.9,0,0.0,0.5,1.0,0.693147,3702.4
T3,S128,2,2,8.0,8.0,110863.0,0.0,213,18.3197,0.8,1,0.0,1.0,1.0,1.09861,12086.3
T3,S132,1,1,0.0,0.0,4448.0,0.0,239,17.289,0.9,0,0.0,0.5,0.0,0.693147,944.8
T3,S133,1,1,3.0,3.0,20686.0,0.0,249,17.1403,0.9,0,0.0,0.5,1.0,0.693147,2568.6
T3,S134,1,1,5.0,5.0,25971.0,0.0,259,17.3054,0.9,0,0.0,0.5,1.0,0.693147,3097.1
T3,S136,1,1,1.0,1.0,542.0,0.0,275,17.8277,0.9,0,0.0,0.5,1.0,0.693147,554.2
T3,S137,2,1,3.0,3.0,60314.0,0.0,281,17.4635,0.9,0,0.0,0.5,1.0,0.693147,6531.4
T3,S138,5,3,15.0,15.0,143842.0,0.0,290,16.93,0.7,1,0.0,1.5,1.0,1.38629,15884.2
T3,S140,4,2,10.0,10.0,187386.0,0.0,309,16.8727,0.8,1,0.0,1.0,1.0,1.09861,19738.6
T3,S141,2,2,2.0,2.0,25801.0,0.0,320,17.0871,0.8,1,0.0,1.0,1.0,1.09861,3580.1
T3,S142,2,1,6.0,6.0,58783.0,0.0,331,17.6751,0.9,0,0.0,0.5,1.0,0.693147,6378.3
T3,S143,1,0,5.0,5.0,21456.0,0.0,342,17.5859,1.0,0,0.0,0.0,1.0,0.0,2145.6
T3,S144,2,1,8.0,8.0,72640.0,0.0,353,17.4937,0.9,0,0.0,0.5,1.0,0.693147,7764.0
T3,S146,1,1,1.0,1.0,7300.0,0.0,371,17.7886,0.9,0,0.0,0.5,1.0,0.693147,1230.0
T3,S147,2,1,3.0,3.0,2570.0,0.0,381,17.8784,0.9,0,0.0,0.5,1.0,0.693147,757.0
T3,S148,6,3,12.0,12.0,69965.0,0.0,391,17.4277,0.7,1,0.0,1.5,1.0,1.38629,8496.5
T3,S150,2,1,8.0,8.0,44325.0,0.0,405,17.0044,0.9,0,0.0,0.5,1.0,0.693147,4932.5
T3,S151,1,1,5.0,5.0,107624.0,0.0,409,16.8696,0.9,0,0.0,0.5,1.0,0.693147,11262.4
T3,S152,2,1,3.0,3.0,15002.0,0.0,414,16.6871,0.9,0,0.0,0.5,1.0,0.693147,2000.2
T3,S153,1,1,5.0,5.0,33220.0,0.0,420,16.5126,0.9,0,0.0,0.5,1.0,0.693147,3822.0
T3,S154,2,0,7.0,7.0,46.0,0.0,426,16.3007,1.0,0,0.0,0.0,1.0,0.0,4.6
T3,S155,1,1,3.0,3.0,33680.0,0.0,430,16.2186,0.9,0,0.0,0.5,1.0,0.693147,3868.0
T3,S157,5,3,5.5,5.5,63438.0,0.0,441,15.8427,0.7,1,0.0,1.5,1.0,1.38629,7843.8
T3,S158,5,4,8.0,8.0,84302.0,0.0,452,15.4729,0.6,1,0.0,2.0,1.0,1.60944,10430.2
T3,S159,18,3,24.0,24.0,334916.0,0.0,463,15.1218,0.7,1,0.0,1.5,1.0,1.38629,34991.6
T3,S160,1,1,2.0,2.0,2140.0,0.0,473,15.007,0.9,0,0.0,0.5,1.0,0.693147,714.0
T3,S161,6,2,12.5,12.5,92028.0,0.0,484,14.6693,0.8,1,0.0,1.0,1.0,1.09861,10202.8
T3,S162,1,1,2.0,2.0,8593.0,0.0,493,14.4325,0.9,0,0.0,0.5,1.0,0.693147,1359.3
T3,S163,10,3,17.0,17.0,93720.0,0.0,502,14.1872,0.7,1,0.0,1.5,1.0,1.38629,10872.0
T3,S164,1,1,1.0,1.0,9639.0,0.0,506,14.1085,0.9,0,0.0,0.5,1.0,0.693147,1463.9
T3,S166,13,3,12.5,12.5,70987.0,0.0,516,13.8598,0.7,1,0.0,1.5,1.0,1.38629,8598.7
T3,S167,9,4,11.5,11.5,79277.0,0.0,523,13.6998,0.6,1,0.0,2.0,1.0,1.60944,9927.7
T3,S168,6,4,7.0,7.0,53448.0,0.0,528,13.5916,0.6,1,0.0,2.0,1.0,1.60944,7344.8
T3,S169,5,2,11.0,11.0,72143.0,0.0,531,13.5279,0.8,1,0.0,1.0,1.0,1.09861,8214.3
T3,S170,5,2,4.0,4.0,24529.0,0.0,534,13.6769,0.8,1,0.0,1.0,1.0,1.09861,3452.9
T3,S171,10,4,12.0,12.0,32569.0,0.0,538,13.5862,0.6,1,0.0,2.0,1.0,1.60944,5256.9
T3,S172,7,2,13.5,13.5,100049.0,0.0,542,13.5412,0.8,1,0.0,1.0,1.0,1.09861,11004.9
T3,S174,2,1,4.0,4.0,47810.0,0.0,549,13.4166,0.9,0,0.0,0.5,1.0,0.693147,5281.0
T3,S175,1,1,3.0,3.0,3071.0,0.0,559,13.2066,0.9,0,0.0,0.5,1.0,0.693147,807.1
T3,S176,4,3,1.5,1.5,13371.0,0.0,570,12.9566,0.7,1,0.0,1.5,1.0,1.38629,2837.1
T3,S178,6,3,16.5,16.5,123872.0,0.0,589,12.5456,0.7,1,0.0,1.5,1.0,1.38629,13887.2
T3,S179,3,2,5.5,5.5,39945.0,0.0,599,12.3684,0.8,1,0.0,1.0,1.0,1.09861,4994.5
T3,S180,3,1,3.5,3.5,20543.0,0.0,610,12.4709,0.9,0,0.0,0.5,1.0,0.693147,2554.3
T3,S181,4,2,6.5,6.5,40362.0,0.0,614,12.4132,0.8,1,0.0,1.0,1.0,1.09861,5036.2
T3,S183,5,4,9.5,9.5,32511.0,0.0,624,12.2597,0.6,1,0.0,2.0,1.0,1.60944,5251.1
T3,S184,7,2,12.0,12.0,74360.0,0.0,628,12.2094,0.8,1,0.0,1.0,1.0,1.09861,8436.0
T3,S187,2,1,2.5,2.5,15976.0,0.0,636,12.0823,0.9,0,0.0,0.5,1.0,0.693147,2097.6
T3,S188,3,1,2.0,2.0,36145.0,0.0,638,12.0483,0.9,0,0.0,0.5,1.0,0.693147,4114.5
T3,S189,5,3,1.0,1.0,139744.0,0.0,643,11.9747,0.7,1,0.0,1.5,1.0,1.38629,15474.4
T3,S190,1,1,1.0,1.0,2887.0,0.0,650,11.9858,0.9,0,0.0,0.5,1.0,0.693147,788.7
T3,S192,7,2,3.0,2.5,27004.0,0.0,657,11.8876,0.8,1,0.25,1.0,0.833333,1.09861,3712.9
T3,S193,2,1,1.0,1.0,29631.0,0.0,663,11.7852,0.9,0,0.0,0.5,1.0,0.693147,3463.1
T3,S195,4,2,5.5,5.5,32158.0,0.0,671,11.6459,0.8,1,0.0,1.0,1.0,1.09861,4215.8
T3,S196,8,2,7.0,7.0,78528.0,0.0,672,11.6368,0.8,1,0.0,1.0,1.0,1.09861,8852.8
T3,S197,11,3,7.0,7.0,100314.0,0.0,680,11.644,0.7,1,0.0,1.5,1.0,1.38629,11531.4
T3,S198,3,2,2.0,2.0,35586.0,0.0,689,11.5963,0.8,1,0.0,1.0,1.0,1.09861,4558.6
T3,S200,5,4,5.5,5.5,66809.0,0.0,706,11.5777,0.6,1,0.0,2.0,1.0,1.60944,8680.9
T3,S201,2,1,2.0,2.0,30560.0,0.0,711,11.511,0.9,0,0.0,0.5,1.0,0.693147,3556.0
T3,S202,9,3,6.5,6.5,63478.0,0.0,718,11.4586,0.7,1,0.0,1.5,1.0,1.38629,7847.8
T3,S203,2,2,2.0,2.0,52847.0,0.0,726,11.3618,0.8,1,0.0,1.0,1.0,1.09861,6284.7
T3,S204,2,1,1.5,1.5,25252.0,0.0,734,11.2596,0.9,0,0.0,0.5,1.0,0.693147,3025.2
T3,S205,9,2,8.0,8.0,169206.0,0.0,739,11.1853,0.8,1,0.0,1.0,1.0,1.09861,17920.6
T3,S206,6,4,7.0,7.0,57789.0,0.0,747,11.0989,0.6,1,0.0,2.0,1.0,1.60944,7778.9
T3,S207,2,2,1.0,1.0,3189.0,0.0,753,11.0316,0.8,1,0.0,1.0,1.0,1.09861,1318.9
T3,S208,8,3,3.5,3.5,100030.0,0.0,761,10.955,0.7,1,0.0,1.5,1.0,1.38629,11503.0
T3,S209,6,2,2.5,2.5,14871.0,0.0,769,10.8728,0.8,1,0.0,1.0,1.0,1.09861,2487.1
T3,S210,10,3,5.0,5.0,290624.0,0.0,779,10.929,0.7,1,0.0,1.5,1.0,1.38629,30562.4
T3,S211,13,4,8.5,8.5,55911.0,0.0,785,10.8709,0.6,1,0.0,2.0,1.0,1.60944,7591.1
T3,S212,7,2,4.5,4.5,44698.0,0.0,792,10.8499,0.8,1,0.0,1.0,1.0,1.09861,5469.8
T3,S213,13,4,13.0,13.0,224885.0,0.0,801,10.796,0.6,1,0.0,2.0,1.0,1.60944,24488.5
T3,S214,10,4,7.0,7.0,171763.0,0.0,810,10.7426,0.6,1,0.0,2.0,1.0,1.60944,19176.3
T3,S215,8,2,5.0,5.0,97725.0,0.0,816,10.7138,0.8,1,0.0,1.0,1.0,1.09861,10772.5
T3,S216,21,7,10.5,10.5,241964.0,0.0,823,10.6396,0.3,2,0.0,3.5,1.0,2.07944,27696.4
T3,S218,11,4,9.5,9.5,95031.0,0.0,842,10.4248,0.6,1,0.0,2.0,1.0,1.60944,11503.1
T3,S219,28,2,16.0,16.0,106590.0,0.0,853,10.3073,0.8,1,0.0,1.0,1.0,1.09861,11659.0
T3,S220,23,5,11.0,11.0,117179.0,0.0,865,10.2984,0.5,2,0.0,2.5,1.0,1.79176,14217.9
T3,S221,29,4,20.0,20.0,103115.0,0.0,876,10.1815,0.6,1,0.0,2.0,1.0,1.60944,12311.5
T3,S222,33,4,22.5,22.5,156520.0,0.0,884,10.1175,0.6,1,0.0,2.0,1.0,1.60944,17652.0
T3,S223,57,6,37.5,37.5,584763.0,0.0,889,10.1084,0.4,2,0.0,3.0,1.0,1.94591,61476.3
T3,S224,10,6,7.0,7.0,116416.0,0.0,896,10.0958,0.4,2,0.0,3.0,1.0,1.94591,14641.6
T3,S225,7,3,2.0,2.0,62326.0,0.0,902,10.0641,0.7,1,0.0,1.5,1.0,1.38629,7732.6
T3,S226,27,5,9.5,9.5,153044.0,0.0,907,10.013,0.5,2,0.0,2.5,1.0,1.79176,17804.4
T3,S227,12,4,11.0,11.0,126515.0,0.0,912,9.97177,0.6,1,0.0,2.0,1.0,1.60944,14651.5
T3,S228,19,5,10.5,10.5,88142.0,0.0,917,9.94136,0.5,2,0.0,2.5,1.0,1.79176,11314.2
T3,S229,12,4,11.0,11.0,135824.0,0.0,921,9.91498,0.6,1,0.0,2.0,1.0,1.60944,15582.4
T3,S230,41,8,33.5,33.5,188496.0,0.0,930,9.95994,0.2,2,0.0,4.0,1.0,2.19722,22849.6
T3,S231,27,7,22.5,22.5,260688.0,0.0,936,9.93613,0.3,2,0.0,3.5,1.0,2.07944,29568.8
T3,S232,5,4,4.5,4.5,64373.0,0.0,941,9.91466,0.6,1,0.0,2.0,1.0,1.60944,8437.3
T3,S233,10,4,14.5,14.5,242578.0,0.0,946,9.86697,0.6,1,0.0,2.0,1.0,1.60944,26257.8
T3,S234,17,4,22.5,22.5,153137.0,0.0,950,9.84066,0.6,1,0.0,2.0,1.0,1.60944,17313.7
T3,S235,12,5,24.5,24.5,208378.0,0.0,956,9.80867,0.5,2,0.0,2.5,1.0,1.79176,23337.8
T3,S236,14,6,14.5,14.5,227340.0,0.0,960,9.79748,0.4,2,0.0,3.0,1.0,1.94591,25734.0
T3,S237,9,4,14.5,14.5,127741.0,0.0,964,9.78015,0.6,1,0.0,2.0,1.0,1.60944,14774.1
T3,S238,9,5,6.0,6.0,68677.0,0.0,971,9.73174,0.5,2,0.0,2.5,1.0,1.79176,9367.7
T3,S239,25,4,22.0,22.0,112508.0,0.0,978,9.69476,0.6,1,0.0,2.0,1.0,1.60944,13250.8
T3,S240,26,5,14.0,14.0,128540.0,0.0,985,9.80974,0.5,2,0.0,2.5,1.0,1.79176,15354.0
T3,S241,11,1,10.5,10.5,66003.0,0.0,992,9.77577,0.9,0,0.0,0.5,1.0,0.693147,7100.3
T3,S242,7,1,3.5,3.5,75758.0,0.0,1002,9.69858,0.9,0,0.0,0.5,1.0,0.693147,8075.8
T3,S243,5,2,2.0,2.0,33395.0,0.0,1006,9.66645,0.8,1,0.0,1.0,1.0,1.09861,4339.5
T3,S244,6,5,9.0,9.0,72664.0,0.0,1013,9.60206,0.5,2,0.0,2.5,1.0,1.79176,9766.4
T3,S245,12,6,8.0,8.0,75339.0,0.0,1017,9.59181,0.4,2,0.0,3.0,1.0,1.94591,10533.9
T3,S246,22,4,20.0,20.0,94682.0,0.0,1021,9.56204,0.6,1,0.0,2.0,1.0,1.60944,11468.2
T3,S247,11,4,9.5,9.5,42951.0,360.0,1026,9.53491,0.6,1,0.0,2.0,1.0,1.60944,6295.1
T3,S248,6,3,4.5,4.5,34040.0,0.0,1032,9.48961,0.7,1,0.0,1.5,1.0,1.38629,4904.0
T3,S249,9,3,10.0,10.0,73092.0,0.0,1041,9.41758,0.7,1,0.0,1.5,1.0,1.38629,8809.2
T3,S250,8,3,1.0,1.0,29153.0,0.0,1046,9.40123,0.7,1,0.0,1.5,1.0,1.38629,4415.3
T3,S251,3,2,0.0,0.0,25346.0,0.0,1050,9.36633,0.8,1,0.0,1.0,0.0,1.09861,3534.6
T3,S252,10,4,3.0,3.0,132427.0,0.0,1055,9.3219,0.6,1,0.0,2.0,1.0,1.60944,15242.7
T3,S253,13,3,0.0,0.0,96225.0,0.0,1059,9.28949,0.7,1,0.0,1.5,0.0,1.38629,11122.5
T3,S254,3,1,0.0,0.0,56961.0,0.0,1070,9.1939,0.9,0,0.0,0.5,0.0,0.693147,6196.1
T3,S255,18,5,21.0,21.0,271611.0,0.0,1081,9.10026,0.5,2,0.0,2.5,1.0,1.79176,29661.1
T3,S256,3,2,1.0,1.0,9734.0,0.0,1092,9.02776,0.8,1,0.0,1.0,1.0,1.09861,1973.4
T3,S257,13,3,9.0,9.0,153937.0,0.0,1103,8.93855,0.7,1,0.0,1.5,1.0,1.38629,16893.7
T3,S258,11,3,22.0,22.0,167034.0,0.0,1114,8.8583,0.7,1,0.0,1.5,1.0,1.38629,18203.4
T3,S259,19,4,16.0,16.0,59327.0,0.0,1125,8.79118,0.6,1,0.0,2.0,1.0,1.60944,7932.7
T3,S260,14,4,29.0,29.0,89265.0,0.0,1137,8.80219,0.6,1,0.0,2.0,1.0,1.60944,10926.5
T3,S261,47,4,40.0,40.0,248100.0,0.0,1148,8.74305,0.6,1,0.0,2.0,1.0,1.60944,26810.0
T3,S262,29,4,25.0,25.0,101869.0,0.0,1159,8.69454,0.6,1,0.0,2.0,1.0,1.60944,12186.9
T3,S263,12,4,0.0,0.0,317783.0,0.0,1170,8.63412,0.6,1,0.0,2.0,0.0,1.60944,33778.3
T4,S264,6,2,10.0,10.0,1052038.0,0.0,1181,8.55363,0.8,1,0.0,1.0,1.0,1.09861,106204.0
T4,S266,7,3,9.0,9.0,1552666.0,0.0,1200,8.42642,0.7,1,0.0,1.5,1.0,1.38629,156767.0
T4,S269,14,3,37.0,37.0,102165.0,0.0,1231,8.22137,0.7,1,0.0,1.5,1.0,1.38629,11716.5
T4,S270,1,1,3.0,0.0,57644.0,0.0,1243,8.31907,0.9,0,1.5,0.5,0.0,0.693147,6339.4
T4,S272,7,2,14.0,14.0,68551.0,0.0,1264,8.18075,0.8,1,0.0,1.0,1.0,1.09861,7855.1
T4,S274,14,5,34.0,34.0,702033.0,0.0,1285,8.05785,0.5,2,0.0,2.5,1.0,1.79176,72703.3
T4,S275,4,2,8.0,8.0,53700.0,0.0,1296,8.01566,0.8,1,0.0,1.0,1.0,1.09861,6370.0
T4,S276,1,1,5.0,5.0,12936.0,0.0,1306,7.98259,0.9,0,0.0,0.5,1.0,0.693147,1793.6
T4,S277,1,1,1.0,1.0,0.0,0.0,1317,7.91967,0.9,0,0.0,0.5,1.0,0.693147,500.0
T4,S278,1,1,5.0,5.0,1377.0,0.0,1325,7.91336,0.9,0,0.0,0.5,1.0,0.693147,637.7
T4,S279,1,0,5.0,0.0,10139.0,0.0,1335,7.91775,1.0,0,2.5,0.0,0.0,0.0,1138.9
T4,S280,1,1,5.0,5.0,1153791.0,0.0,1347,7.96306,0.9,0,0.0,0.5,1.0,0.693147,115879.0
T4,S281,6,3,13.0,8.0,54357.0,0.0,1357,7.95449,0.7,1,2.5,1.5,0.615385,1.38629,7060.7
T4,S282,2,2,11.0,8.0,39.0,0.0,1367,7.9065,0.8,1,1.5,1.0,0.727273,1.09861,1078.9
T4,S283,1,0,0.0,0.0,7590.0,0.0,1377,7.94134,1.0,0,0.0,0.0,0.0,0.0,759.0
T4,S284,1,0,5.0,0.0,9453.0,0.0,1388,7.9209,1.0,0,2.5,0.0,0.0,0.0,1070.3
T4,S285,1,1,0.0,0.0,1505.0,0.0,1399,7.91723,0.9,0,0.0,0.5,0.0,0.693147,650.5
T4,S286,6,1,28.0,5.0,313932.0,0.0,1408,7.88648,0.9,0,11.5,0.5,0.178571,0.693147,32468.2
T4,S287,3,3,6.0,6.0,10513.0,0.0,1419,7.88807,0.7,1,0.0,1.5,1.0,1.38629,2551.3
T4,S288,5,3,23.0,23.0,125123.0,0.0,1430,7.90293,0.7,1,0.0,1.5,1.0,1.38629,14012.3
T4,S289,2,1,13.0,13.0,87153.0,0.0,1440,7.99116,0.9,0,0.0,0.5,1.0,0.693147,9215.3
T4,S290,8,3,27.0,27.0,1093329.0,0.0,1452,8.28589,0.7,1,0.0,1.5,1.0,1.38629,110833.0
T4,S291,1,1,3.0,3.0,20311.0,0.0,1463,8.76822,0.9,0,0.0,0.5,1.0,0.693147,2531.1
T4,S292,1,1,5.0,5.0,81196.0,0.0,1474,9.50016,0.9,0,0.0,0.5,1.0,0.693147,8619.6
T4,S293,5,3,13.0,13.0,148017.0,0.0,1485,9.96882,0.7,1,0.0,1.5,1.0,1.38629,16301.7
T4,S294,4,3,14.0,14.0,56225.0,0.0,1496,10.3211,0.7,1,0.0,1.5,1.0,1.38629,7122.5
T4,S295,2,2,10.0,10.0,93563.0,0.0,1507,10.5521,0.8,1,0.0,1.0,1.0,1.09861,10356.3
T4,S296,6,3,18.0,18.0,435363.0,0.0,1518,11.1628,0.7,1,0.0,1.5,1.0,1.38629,45036.3
T4,S298,9,3,31.0,31.0,758595.0,0.0,1537,11.4641,0.7,1,0.0,1.5,1.0,1.38629,77359.5
T4,S299,9,2,31.0,31.0,967811.0,0.0,1548,11.7666,0.8,1,0.0,1.0,1.0,1.09861,97781.1
T4,S300,3,1,7.0,7.0,3347.0,0.0,1560,12.0791,0.9,0,0.0,0.5,1.0,0.693147,834.7
T4,S301,1,1,5.0,5.0,25660.0,0.0,1571,12.3015,0.9,0,0.0,0.5,1.0,0.693147,3066.0
T4,S302,5,2,20.0,20.0,34111.0,0.0,1582,12.6056,0.8,1,0.0,1.0,1.0,1.09861,4411.1
T4,S303,6,3,27.0,27.0,61625.0,0.0,1590,12.6025,0.7,1,0.0,1.5,1.0,1.38629,7662.5
T4,S304,2,1,3.0,3.0,0.0,0.0,1601,12.9838,0.9,0,0.0,0.5,1.0,0.693147,500.0
T4,S305,1,1,8.0,8.0,57567.0,0.0,1612,13.2537,0.9,0,0.0,0.5,1.0,0.693147,6256.7
T4,S306,1,1,8.0,8.0,230.0,0.0,1623,13.4161,0.9,0,0.0,0.5,1.0,0.693147,523.0
T4,S307,2,1,2.0,2.0,0.0,0.0,1634,13.6364,0.9,0,0.0,0.5,1.0,0.693147,500.0
T4,S308,4,4,21.0,21.0,92305.0,0.0,1645,13.828,0.6,1,0.0,2.0,1.0,1.60944,11230.5
T4,S310,2,2,8.0,8.0,7222.0,0.0,1667,14.7572,0.8,1,0.0,1.0,1.0,1.09861,1722.2
T4,S312,1,1,3.0,3.0,47112.0,0.0,1688,15.6135,0.9,0,0.0,0.5,1.0,0.693147,5211.2
T4,S313,4,1,10.0,4.0,29253.0,0.0,1699,16.1082,0.9,0,3.0,0.5,0.4,0.693147,3575.3
T4,S314,2,2,4.0,4.0,339.0,0.0,1710,16.5916,0.8,1,0.0,1.0,1.0,1.09861,1033.9
T4,S315,8,5,27.0,25.0,942349.0,0.0,1721,17.2112,0.5,2,1.0,2.5,0.925926,1.79176,96784.9
T4,S316,2,2,6.0,6.0,798.0,0.0,1732,17.9965,0.8,1,0.0,1.0,1.0,1.09861,1079.8
T4,S317,6,3,17.0,17.0,26351.0,0.0,1743,18.5269,0.7,1,0.0,1.5,1.0,1.38629,4135.1
T4,S318,8,2,17.0,17.0,168426.0,0.0,1753,19.1072,0.8,1,0.0,1.0,1.0,1.09861,17842.6
T4,S319,4,4,11.0,8.0,572857.0,0.0,1764,19.6958,0.6,1,1.5,2.0,0.727273,1.60944,59360.7
T4,S320,5,2,21.0,16.0,305693.0,0.0,1776,20.1315,0.8,1,2.5,1.0,0.761905,1.09861,31694.3
T4,S321,2,2,5.0,5.0,1814563.0,0.0,1787,20.5681,0.8,1,0.0,1.0,1.0,1.09861,182456.0
T4,S322,4,3,16.0,16.0,63861.0,0.0,1798,21.0351,0.7,1,0.0,1.5,1.0,1.38629,7886.1
T4,S323,17,4,45.0,45.0,214754.0,0.0,1809,21.4178,0.6,1,0.0,2.0,1.0,1.60944,23475.4
T4,S324,4,3,14.0,14.0,615335.0,40.0,1819,21.8613,0.7,1,0.0,1.5,1.0,1.38629,63033.5
T4,S325,6,3,13.0,10.0,11391.0,0.0,1830,21.9856,0.7,1,1.5,1.5,0.769231,1.38629,2714.1
T4,S326,3,2,8.0,8.0,89397.0,0.0,1841,22.2138,0.8,1,0.0,1.0,1.0,1.09861,9939.7
T4,S327,3,3,5.0,5.0,33283.0,0.0,1852,22.2759,0.7,1,0.0,1.5,1.0,1.38629,4828.3
T4,S328,2,2,3.0,3.0,8.0,0.0,1863,22.4283,0.8,1,0.0,1.0,1.0,1.09861,1000.8
T4,S329,3,1,5.0,5.0,323268.0,0.0,1872,22.4,0.9,0,0.0,0.5,1.0,0.693147,32826.8
T4,S330,8,5,24.0,21.0,64260.0,0.0,1884,22.3125,0.5,2,1.5,2.5,0.875,1.79176,9001.0
T4,S331,3,3,8.0,8.0,35382.0,0.0,1895,22.2004,0.7,1,0.0,1.5,1.0,1.38629,5038.2
T4,S332,4,3,12.0,12.0,9952.0,0.0,1906,22.0911,0.7,1,0.0,1.5,1.0,1.38629,2495.2
T4,S333,8,4,32.0,27.0,47660.0,0.0,1917,22.0545,0.6,1,2.5,2.0,0.84375,1.60944,6891.0
T4,S334,3,3,15.0,15.0,354409.0,0.0,1928,22.1103,0.7,1,0.0,1.5,1.0,1.38629,36940.9
T4,S335,3,3,14.0,14.0,2821.0,0.0,1938,22.0989,0.7,1,0.0,1.5,1.0,1.38629,1782.1
T4,S336,11,4,30.0,30.0,719632.0,0.0,1949,22.05,0.6,1,0.0,2.0,1.0,1.60944,73963.2
T4,S337,2,2,5.0,5.0,141023.0,0.0,1960,22.0753,0.8,1,0.0,1.0,1.0,1.09861,15102.3
T4,S338,1,1,3.0,3.0,0.0,0.0,1967,22.0333,0.9,0,0.0,0.5,1.0,0.693147,500.0
T4,S339,3,2,15.0,15.0,573060.0,0.0,1971,21.9931,0.8,1,0.0,1.0,1.0,1.09861,58306.0
T4,S340,5,3,15.0,9.0,1.0,0.0,1982,21.9672,0.7,1,3.0,1.5,0.6,1.38629,1650.1
T4,S341,6,3,15.0,15.0,9153.0,0.0,1992,21.8704,0.7,1,0.0,1.5,1.0,1.38629,2415.3
T4,S342,1,1,2.0,2.0,7441.0,0.0,2002,21.7686,0.9,0,0.0,0.5,1.0,0.693147,1244.1
T4,S343,3,2,8.0,8.0,35677.0,0.0,2011,21.6721,0.8,1,0.0,1.0,1.0,1.09861,4567.7
T4,S344,5,3,12.0,12.0,9112.0,0.0,2022,21.5581,0.7,1,0.0,1.5,1.0,1.38629,2411.2
T4,S345,1,1,3.0,3.0,0.0,0.0,2032,21.4594,0.9,0,0.0,0.5,1.0,0.693147,500.0
T4,S346,3,2,7.0,7.0,81892.0,0.0,2043,21.3467,0.8,1,0.0,1.0,1.0,1.09861,9189.2
T4,S347,5,3,11.0,5.0,435797.0,0.0,2054,21.2396,0.7,1,3.0,1.5,0.454545,1.38629,45229.7
T4,S348,1,0,5.0,0.0,1510470.0,0.0,2065,21.1555,1.0,0,2.5,0.0,0.0,0.0,151172.0
T4,S349,1,1,1.0,1.0,0.0,0.0,2072,21.0855,0.9,0,0.0,0.5,1.0,0.693147,500.0
T4,S350,3,3,12.0,12.0,131429.0,0.0,2074,21.1365,0.7,1,0.0,1.5,1.0,1.38629,14642.9
T4,S351,4,3,13.0,13.0,5670.0,0.0,2075,21.1321,0.7,1,0.0,1.5,1.0,1.38629,2067.0
T4,S352,4,3,20.0,20.0,34714.0,0.0,2076,21.1282,0.7,1,0.0,1.5,1.0,1.38629,4971.4
T4,S353,3,3,8.0,6.0,169610.0,0.0,2077,21.1276,0.7,1,1.0,1.5,0.75,1.38629,18511.0
T4,S354,13,8,45.0,45.0,276100.0,0.0,2078,21.1204,0.2,2,0.0,4.0,1.0,2.19722,31610.0
T4,S355,1,1,3.0,3.0,5509.0,0.0,2079,21.1318,0.9,0,0.0,0.5,1.0,0.693147,1050.9
T4,S356,1,1,2.0,2.0,2926.0,0.0,2080,21.1231,0.9,0,0.0,0.5,1.0,0.693147,792.6
T4,S357,3,3,5.0,5.0,10587.0,0.0,2081,21.1139,0.7,1,0.0,1.5,1.0,1.38629,2558.7
T4,S358,13,11,41.0,41.0,237840.0,0.0,2082,21.1062,0.0,3,0.0,5.5,1.0,2.48491,29284.0
T4,S359,7,5,12.0,9.0,1355463.0,0.0,2083,21.1157,0.5,2,1.5,2.5,0.75,1.79176,138121.0
T4,S360,14,9,42.0,42.0,1731431.0,0.0,2085,21.18,0.1,3,0.0,4.5,1.0,2.30259,177643.0
T4,S361,17,9,56.0,48.0,880646.0,0.0,2086,21.19,0.1,3,4.0,4.5,0.857143,2.30259,92764.6
T4,S362,16,10,55.0,50.0,1480979.0,0.0,2087,21.2029,0.0,3,2.5,5.0,0.909091,2.3979,153223.0
T4,S363,16,8,58.0,49.0,45528.0,0.0,2088,21.2167,0.2,2,4.5,4.0,0.844828,2.19722,8777.8
T4,S365,5,4,19.0,19.0,23976.0,0.0,2089,21.23,0.6,1,0.0,2.0,1.0,1.60944,4397.6
T4,S366,17,10,55.0,49.0,841370.0,0.0,2090,21.2289,0.0,3,3.0,5.0,0.890909,2.3979,89287.0
T4,S367,2,2,9.0,9.0,2929.0,0.0,2091,21.2422,0.8,1,0.0,1.0,1.0,1.09861,1292.9
T4,S368,1,1,1.0,1.0,3.0,0.0,2092,21.2363,0.9,0,0.0,0.5,1.0,0.693147,500.3
T4,S369,12,7,40.0,40.0,999504.0,0.0,2093,21.2267,0.3,2,0.0,3.5,1.0,2.07944,103450.0
T4,S370,1,1,2.0,2.0,0.0,0.0,2095,21.3602,0.9,0,0.0,0.5,1.0,0.693147,500.0
T4,S371,8,7,34.0,34.0,626752.0,0.0,2096,21.3509,0.3,2,0.0,3.5,1.0,2.07944,66175.2
T4,S372,26,8,77.0,66.0,241786.0,0.0,2097,21.357,0.2,2,5.5,4.0,0.857143,2.19722,28453.6
T4,S373,13,6,38.0,38.0,108619.0,0.0,2098,21.3782,0.4,2,0.0,3.0,1.0,1.94591,13861.9
T4,S374,20,9,70.0,68.0,716596.0,0.0,2099,21.3862,0.1,3,1.0,4.5,0.971429,2.30259,76209.6
T4,S376,8,5,31.0,28.0,1266542.0,0.0,2100,21.4084,0.5,2,1.5,2.5,0.903226,1.79176,129229.0
T4,S377,27,9,76.0,76.0,830895.0,0.0,2101,21.4115,0.1,3,0.0,4.5,1.0,2.30259,87589.5
T4,S378,10,8,30.0,22.0,84364.0,0.0,2102,21.4375,0.2,2,4.0,4.0,0.733333,2.19722,12636.4
T4,S379,30,13,85.0,57.0,2091117.0,0.0,2103,21.4378,0.0,4,14.0,6.5,0.670588,2.63906,216312.0
T4,S380,21,14,78.0,75.0,1747669.0,0.0,2105,21.4792,0.0,4,1.5,7.0,0.961538,2.70805,181842.0
T4,S381,26,10,67.0,65.0,690316.0,0.0,2106,21.5046,0.0,3,1.0,5.0,0.970149,2.3979,74081.6
T4,S382,13,7,29.0,29.0,70075.0,0.0,2107,21.5253,0.3,2,0.0,3.5,1.0,2.07944,10507.5
T4,S383,15,9,41.0,41.0,1081845.0,0.0,2108,21.5288,0.1,3,0.0,4.5,1.0,2.30259,112684.0
T4,S384,15,7,54.0,51.0,468794.0,0.0,2109,21.538,0.3,2,1.5,3.5,0.944444,2.07944,50454.4
T4,S385,17,11,65.0,65.0,1040194.0,0.0,2110,21.552,0.0,3,0.0,5.5,1.0,2.48491,109519.0
T4,S386,8,5,20.0,20.0,76068.0,0.0,2111,21.5726,0.5,2,0.0,2.5,1.0,1.79176,10106.8
T4,S387,30,11,109.0,104.0,1640039.0,0.0,2112,21.5719,0.0,3,2.5,5.5,0.954128,2.48491,169629.0
T4,S388,27,14,77.0,77.0,1512779.0,0.0,2113,21.6109,0.0,4,0.0,7.0,1.0,2.70805,158278.0
T4,S389,12,6,44.0,44.0,136862.0,0.0,2114,21.6371,0.4,2,0.0,3.0,1.0,1.94591,16686.2
T4,S390,11,6,35.0,33.0,213201.0,0.0,2116,21.6682,0.4,2,1.0,3.0,0.942857,1.94591,24370.1
T4,S391,12,6,39.0,36.0,587553.0,0.0,2117,21.6735,0.4,2,1.5,3.0,0.923077,1.94591,61830.3
T4,S392,18,10,64.0,64.0,601994.0,0.0,2118,21.6803,0.0,3,0.0,5.0,1.0,2.3979,65199.4
T4,S393,20,13,55.0,55.0,1764708.0,0.0,2127,21.6327,0.0,4,0.0,6.5,1.0,2.63906,182971.0
T4,S394,19,11,57.0,49.0,293279.0,0.0,2138,21.5869,0.0,3,4.0,5.5,0.859649,2.48491,35027.9
T4,S395,22,11,77.0,61.0,431819.0,0.0,2147,21.5555,0.0,3,8.0,5.5,0.792208,2.48491,49081.9
T4,S396,24,14,81.0,66.0,749978.0,0.0,2156,21.536,0.0,4,7.5,7.0,0.814815,2.70805,82372.8
T4,S397,11,8,45.0,45.0,691845.0,0.0,2165,21.489,0.2,2,0.0,4.0,1.0,2.19722,73184.5
T4,S398,9,7,29.0,29.0,310358.0,0.0,2175,21.4421,0.3,2,0.0,3.5,1.0,2.07944,34535.8
T4,S399,18,7,45.0,45.0,423191.0,0.0,2184,21.4128,0.3,2,0.0,3.5,1.0,2.07944,45819.1
T4,S400,18,10,61.0,61.0,303227.0,0.0,2193,21.4837,0.0,3,0.0,5.0,1.0,2.3979,35322.7
T4,S401,23,11,54.0,50.0,522930.0,0.0,2202,21.4631,0.0,3,2.0,5.5,0.925926,2.48491,57893.0
T4,S402,13,7,29.0,23.0,152640.0,0.0,2212,21.6039,0.3,2,3.0,3.5,0.793103,2.07944,18914.0
T4,S403,11,6,40.0,40.0,129660.0,0.0,2220,21.5467,0.4,2,0.0,3.0,1.0,1.94591,15966.0
T4,S404,24,10,61.0,61.0,580941.0,0.0,2230,21.5129,0.0,3,0.0,5.0,1.0,2.3979,63094.1
T4,S405,24,8,56.0,56.0,899817.0,0.0,2241,23.3398,0.2,2,0.0,4.0,1.0,2.19722,93981.7
T4,S406,22,9,61.0,61.0,237352.0,0.0,2252,25.0796,0.1,3,0.0,4.5,1.0,2.30259,28235.2
T4,S407,23,11,58.0,55.0,383483.0,0.0,2263,26.6926,0.0,3,1.5,5.5,0.948276,2.48491,43923.3
T4,S408,37,13,109.0,97.0,949611.0,0.0,2272,26.8413,0.0,4,6.0,6.5,0.889908,2.63906,101761.0
T4,S409,8,5,40.0,37.0,191162.0,0.0,2282,26.839,0.5,2,1.5,2.5,0.925,1.79176,21691.2
T4,S410,11,7,30.0,30.0,5644.0,0.0,2294,26.9,0.3,2,0.0,3.5,1.0,2.07944,4064.4
T4,S411,14,10,33.0,33.0,109856.0,0.0,2305,26.8245,0.0,3,0.0,5.0,1.0,2.3979,15985.6
T4,S412,31,8,107.0,107.0,486248.0,0.0,2315,26.7989,0.2,2,0.0,4.0,1.0,2.19722,52624.8
T4,S413,30,13,90.0,72.0,506429.0,0.0,2324,26.8027,0.0,4,9.0,6.5,0.8,2.63906,57592.9
T4,S414,21,13,67.0,67.0,2800160.0,0.0,2334,26.7238,0.0,4,0.0,6.5,1.0,2.63906,286516.0
T4,S415,32,11,87.0,84.0,104870.0,0.0,2341,26.6764,0.0,3,1.5,5.5,0.965517,2.48491,16062.0
T4,S416,45,16,91.0,88.0,158317.0,0.0,2351,26.6028,0.0,5,1.5,8.0,0.967033,2.83321,23906.7
T4,S417,28,9,69.0,66.0,2111897.0,0.0,2358,26.5777,0.1,3,1.5,4.5,0.956522,2.30259,215765.0
T4,S418,50,25,155.0,152.0,1706662.0,0.0,2365,26.5362,0.0,8,1.5,12.5,0.980645,3.2581,183241.0
T4,S419,14,12,46.0,46.0,326705.0,0.0,2372,26.5553,0.0,4,0.0,6.0,1.0,2.56495,38670.5
T4,S420,58,24,175.0,163.0,5267277.0,0.0,2379,26.5987,0.0,7,6.0,12.0,0.931429,3.21888,539028.0
T4,S421,61,21,130.0,128.0,2431153.0,0.0,2388,26.6283,0.0,6,1.0,10.5,0.984615,3.09104,253665.0
T4,S422,43,17,124.0,124.0,1391004.0,0.0,2396,26.6734,0.0,5,0.0,8.5,1.0,2.89037,147600.0
T4,S423,51,20,129.0,126.0,2536330.0,0.0,2404,26.8097,0.0,6,1.5,10.0,0.976744,3.04452,263708.0
T4,S424,40,20,88.0,86.0,1477114.0,0.0,2410,27.0542,0.0,6,1.0,10.0,0.977273,3.04452,157761.0
T4,S425,41,17,115.0,92.0,4624231.0,0.0,2419,27.1628,0.0,5,11.5,8.5,0.8,2.89037,471498.0
T4,S426,86,27,185.0,180.0,4872141.0,0.0,2427,27.2901,0.0,8,2.5,13.5,0.972973,3.3322,500839.0
T4,S427,74,22,167.0,164.0,8580329.0,0.0,2438,27.4599,0.0,7,1.5,11.0,0.982036,3.13549,869108.0
T4,S428,46,20,102.0,102.0,1755978.0,0.0,2446,27.6813,0.0,6,0.0,10.0,1.0,3.04452,185598.0
T4,S429,22,12,44.0,44.0,229843.0,0.0,2456,27.7978,0.0,4,0.0,6.0,1.0,2.56495,28984.3
T4,S430,38,14,70.0,68.0,1226623.0,0.0,2468,28.0757,0.0,4,1.0,7.0,0.971429,2.70805,129712.0
T4,S431,1,1,3.0,3.0,0.0,0.0,2477,28.2911,0.9,0,0.0,0.5,1.0,0.693147,500.0
T4,S432,28,12,74.0,74.0,1833617.0,0.0,2487,28.4074,0.0,4,0.0,6.0,1.0,2.56495,189362.0
T4,S433,32,15,92.0,89.0,2675504.0,0.0,2498,28.6202,0.0,5,1.5,7.5,0.967391,2.77259,275125.0
T4,S434,19,12,59.0,57.0,2418023.0,0.0,2507,28.7684,0.0,4,1.0,6.0,0.966102,2.56495,247852.0
T4,S435,3,2,11.0,6.0,28583.0,0.0,2518,28.9586,0.8,1,2.5,1.0,0.545455,1.09861,3983.3
T4,S436,16,8,44.0,44.0,331273.0,0.0,2529,29.1209,0.2,2,0.0,4.0,1.0,2.19722,37127.3
T4,S437,12,5,40.0,35.0,328394.0,0.0,2539,29.2418,0.5,2,2.5,2.5,0.875,1.79176,35464.4
T4,S438,12,8,37.0,37.0,690983.0,0.0,2549,29.3472,0.2,2,0.0,4.0,1.0,2.19722,73098.3
T4,S439,2,2,13.0,13.0,133331.0,0.0,2560,29.4133,0.8,1,0.0,1.0,1.0,1.09861,14333.1
T4,S440,23,12,85.0,79.0,784987.0,0.0,2571,29.5256,0.0,4,3.0,6.0,0.929412,2.56495,84648.7
T4,S441,15,5,40.0,40.0,101894.0,0.0,2582,29.6159,0.5,2,0.0,2.5,1.0,1.79176,12689.4
T4,S442,33,16,111.0,108.0,1731175.0,0.0,2593,29.606,0.0,5,1.5,8.0,0.972973,2.83321,181192.0
T4,S443,14,4,39.0,39.0,114355.0,0.0,2604,29.6122,0.6,1,0.0,2.0,1.0,1.60944,13435.5
T4,S444,53,20,168.0,161.0,7101138.0,0.0,2615,29.6862,0.0,6,3.5,10.0,0.958333,3.04452,720289.0
T4,S445,6,4,18.0,13.0,1433742.0,0.0,2626,29.9385,0.6,1,2.5,2.0,0.722222,1.60944,145499.0
T4,S446,12,7,33.0,30.0,200806.0,0.0,2636,30.0477,0.3,2,1.5,3.5,0.909091,2.07944,23655.6
T4,S447,26,10,76.0,76.0,1444102.0,0.0,2643,30.0866,0.0,3,0.0,5.0,1.0,2.3979,149410.0
T4,S448,17,6,55.0,54.0,276867.0,0.0,2653,30.0866,0.4,2,0.5,3.0,0.981818,1.94591,30711.7
T4,S449,18,5,40.0,31.0,988560.0,0.0,2662,30.0397,0.5,2,4.5,2.5,0.775,1.79176,101581.0
T4,S450,11,9,32.0,32.0,358996.0,0.0,2672,30.0298,0.1,3,0.0,4.5,1.0,2.30259,40399.6
T4,S451,17,7,60.0,52.0,319226.0,0.0,2682,29.9637,0.3,2,4.0,3.5,0.866667,2.07944,35622.6
T4,S452,4,3,21.0,21.0,31042.0,0.0,2688,29.9325,0.7,1,0.0,1.5,1.0,1.38629,4604.2
T4,S453,11,7,39.0,29.0,3234469.0,0.0,2698,29.8879,0.3,2,5.0,3.5,0.74359,2.07944,327197.0
T4,S454,8,5,24.0,24.0,122437.0,0.0,2707,29.8358,0.5,2,0.0,2.5,1.0,1.79176,14743.7
T4,S455,9,7,31.0,31.0,218809.0,0.0,2718,29.8508,0.3,2,0.0,3.5,1.0,2.07944,25380.9
T4,S456,2,2,9.0,9.0,170683.0,0.0,2729,29.8353,0.8,1,0.0,1.0,1.0,1.09861,18068.3
T4,S457,7,4,4.0,4.0,1709682.0,0.0,2736,29.8028,0.6,1,0.0,2.0,1.0,1.60944,172968.0
T4,S458,1,1,2.0,2.0,60690.0,0.0,2746,29.7966,0.9,0,0.0,0.5,1.0,0.693147,6569.0
T4,S459,10,4,3.0,3.0,128007.0,0.0,2756,29.7614,0.6,1,0.0,2.0,1.0,1.60944,14800.7
T4,S460,12,5,31.0,31.0,28906.0,0.0,2767,29.8755,0.5,2,0.0,2.5,1.0,1.79176,5390.6
T4,S461,8,5,12.0,9.0,993807.0,0.0,2778,29.8335,0.5,2,1.5,2.5,0.75,1.79176,101956.0
T4,S462,9,5,29.0,29.0,790962.0,0.0,2788,29.8646,0.5,2,0.0,2.5,1.0,1.79176,81596.2
T4,S463,10,7,8.0,8.0,658656.0,0.0,2798,29.9284,0.3,2,0.0,3.5,1.0,2.07944,69365.6
T4,S464,10,6,33.0,33.0,196070.0,0.0,2809,30.111,0.4,2,0.0,3.0,1.0,1.94591,22607.0
T4,S465,6,4,2.0,2.0,263064.0,0.0,2820,30.3248,0.6,1,0.0,2.0,1.0,1.60944,28306.4
T4,S466,10,5,28.0,26.0,1309722.0,0.0,2831,30.5928,0.5,2,1.0,2.5,0.928571,1.79176,133522.0
T4,S467,13,8,15.5,15.5,517793.0,0.0,2841,30.7538,0.2,2,0.0,4.0,1.0,2.19722,55779.3
T4,S468,10,5,41.0,41.0,560556.0,0.0,2852,30.7398,0.5,2,0.0,2.5,1.0,1.79176,58555.6
T4,S469,14,6,29.0,29.0,419284.0,0.0,2863,30.7352,0.4,2,0.0,3.0,1.0,1.94591,44928.4
T4,S470,9,6,16.0,11.0,971782.0,0.0,2875,30.8494,0.4,2,2.5,3.0,0.6875,1.94591,100303.0
T4,S471,4,3,18.0,18.0,53254.0,0.0,2885,30.9841,0.7,1,0.0,1.5,1.0,1.38629,6825.4
T4,S472,33,10,61.1,56.1,1107718.0,0.0,2896,31.0999,0.0,3,2.5,5.0,0.918167,2.3979,115897.0
T4,S473,5,3,17.0,17.0,37952.0,0.0,2907,31.2534,0.7,1,0.0,1.5,1.0,1.38629,5295.2
T4,S474,32,8,9.0,9.0,2032097.0,0.0,2916,31.5051,0.2,2,0.0,4.0,1.0,2.19722,207210.0
T4,S475,19,6,64.0,61.0,1273319.0,0.0,2925,31.7778,0.4,2,1.5,3.0,0.953125,1.94591,130407.0
T4,S476,1,1,0.0,0.0,119066.0,0.0,2935,31.8471,0.9,0,0.0,0.5,0.0,0.693147,12406.6
T4,S477,24,7,2.0,2.0,700053.0,0.0,2944,31.958,0.3,2,0.0,3.5,1.0,2.07944,73505.3
T4,S478,12,5,25.0,25.0,83547.0,0.0,2953,32.0526,0.5,2,0.0,2.5,1.0,1.79176,10854.7
T4,S479,13,5,26.0,23.0,96885.0,0.0,2963,32.099,0.5,2,1.5,2.5,0.884615,1.79176,12263.5
T4,S480,9,5,17.0,12.0,1082131.0,0.0,2974,32.2722,0.5,2,2.5,2.5,0.705882,1.79176,110838.0
T4,S481,18,6,59.0,59.0,1843372.0,0.0,2985,32.3315,0.4,2,0.0,3.0,1.0,1.94591,187337.0
T4,S482,12,6,10.0,9.0,59385.0,0.0,2996,32.5243,0.4,2,0.5,3.0,0.9,1.94591,8963.5
T4,S483,9,7,26.0,26.0,323401.0,0.0,3006,32.7172,0.3,2,0.0,3.5,1.0,2.07944,35840.1
T4,S484,13,6,20.0,20.0,186990.0,0.0,3017,32.8575,0.4,2,0.0,3.0,1.0,1.94591,21699.0
T4,S485,27,12,41.0,38.0,3044328.0,0.0,3027,32.9905,0.0,4,1.5,6.0,0.926829,2.56495,310508.0
T4,S486,13,7,1.0,1.0,4549.0,0.0,3037,33.1071,0.3,2,0.0,3.5,1.0,2.07944,3954.9
T4,S487,27,7,2.0,2.0,68549.0,0.0,3048,33.2797,0.3,2,0.0,3.5,1.0,2.07944,10354.9
T4,S488,27,7,35.0,27.0,389801.0,0.0,3059,33.4569,0.3,2,4.0,3.5,0.771429,2.07944,42680.1
T4,S489,40,7,34.0,34.0,490050.0,0.0,3070,33.6531,0.3,2,0.0,3.5,1.0,2.07944,52505.0
T4,S490,16,6,0.0,0.0,227522.0,0.0,3079,35.9497,0.4,2,0.0,3.0,0.0,1.94591,25752.2
T5,S491,26,5,12.0,7.0,268387.0,0.0,3090,35.9946,0.5,2,2.5,2.5,0.583333,1.79176,29463.7
T5,S492,2,1,5.0,5.0,0.0,0.0,3099,36.0608,0.9,0,0.0,0.5,1.0,0.693147,500.0
T5,S493,9,2,9.0,5.0,0.0,0.0,3108,36.2344,0.8,1,2.0,1.0,0.555556,1.09861,1100.0
T5,S494,17,4,24.0,17.0,446267.0,0.0,3119,36.3593,0.6,1,3.5,2.0,0.708333,1.60944,46801.7
T5,S495,24,4,30.0,30.0,302249.0,0.0,3130,36.2759,0.6,1,0.0,2.0,1.0,1.60944,32224.9
T5,S496,17,3,35.0,35.0,340592.0,0.0,3139,36.2267,0.7,1,0.0,1.5,1.0,1.38629,35559.2
T5,S497,17,6,39.0,39.0,128410.0,0.0,3144,36.2149,0.4,2,0.0,3.0,1.0,1.94591,15841.0
T5,S498,19,4,39.0,39.0,116111.0,0.0,3155,36.1488,0.6,1,0.0,2.0,1.0,1.60944,13611.1
T5,S499,15,6,40.0,40.0,97418.0,0.0,3157,36.1408,0.4,2,0.0,3.0,1.0,1.94591,12741.8
T5,S500,11,5,37.0,34.0,92242.0,0.0,3169,37.0818,0.5,2,1.5,2.5,0.918919,1.79176,11799.2
T5,S501,16,5,39.0,39.0,44067.0,0.0,3179,37.0287,0.5,2,0.0,2.5,1.0,1.79176,6906.7
T5,S502,13,6,29.0,26.0,20131.0,0.0,3190,37.0098,0.4,2,1.5,3.0,0.896552,1.94591,5088.1
T5,S503,12,6,37.0,34.0,72321.0,0.0,3197,36.9563,0.4,2,1.5,3.0,0.918919,1.94591,10307.1
T5,S504,8,4,19.0,19.0,7937.0,0.0,3198,36.9554,0.6,1,0.0,2.0,1.0,1.60944,2793.7
T5,S505,12,6,15.0,15.0,94451.0,0.0,3199,36.9497,0.4,2,0.0,3.0,1.0,1.94591,12445.1
T5,S506,19,6,40.0,37.0,427055.0,0.0,3200,36.9429,0.4,2,1.5,3.0,0.925,1.94591,45780.5
T5,S507,14,5,32.0,32.0,19920.0,0.0,3201,36.9429,0.5,2,0.0,2.5,1.0,1.79176,4492.0
T5,S508,14,3,33.0,33.0,23833.0,0.0,3202,36.9414,0.7,1,0.0,1.5,1.0,1.38629,3883.3
T5,S509,8,4,11.0,11.0,29775.0,0.0,3203,36.9401,0.6,1,0.0,2.0,1.0,1.60944,4977.5
T5,S510,10,4,18.0,18.0,51938.0,0.0,3205,36.9642,0.6,1,0.0,2.0,1.0,1.60944,7193.8
T5,S511,28,5,57.0,51.0,86896.0,0.0,3206,36.9583,0.5,2,3.0,2.5,0.894737,1.79176,11339.6
T5,S512,5,3,7.0,7.0,22222.0,0.0,3207,36.9627,0.7,1,0.0,1.5,1.0,1.38629,3722.2
T5,S513,5,4,17.0,17.0,10808.0,0.0,3208,36.9533,0.6,1,0.0,2.0,1.0,1.60944,3080.8
T5,S514,11,7,35.0,30.0,32032.0,0.0,3209,36.9471,0.3,2,2.5,3.5,0.857143,2.07944,6828.2
T5,S515,18,6,36.0,31.0,59583.0,0.0,3210,36.9449,0.4,2,2.5,3.0,0.861111,1.94591,9083.3
T5,S516,1,1,1.0,1.0,70.0,0.0,3211,36.9431,0.9,0,0.0,0.5,1.0,0.693147,507.0
T5,S517,14,4,37.0,37.0,53098.0,0.0,3212,36.9319,0.6,1,0.0,2.0,1.0,1.60944,7309.8
T5,S518,12,3,7.0,7.0,275474.0,0.0,3213,36.9319,0.7,1,0.0,1.5,1.0,1.38629,29047.4
T5,S519,3,3,3.0,3.0,12855.0,0.0,3214,36.9226,0.7,1,0.0,1.5,1.0,1.38629,2785.5
T5,S520,15,4,39.0,39.0,85168.0,0.0,3216,36.9348,0.6,1,0.0,2.0,1.0,1.60944,10516.8
T5,S521,4,2,16.0,16.0,153851.0,0.0,3217,36.9354,0.8,1,0.0,1.0,1.0,1.09861,16385.1
T5,S522,9,2,30.0,24.0,5616.0,0.0,3218,36.9289,0.8,1,3.0,1.0,0.8,1.09861,1711.6
T5,S523,6,2,3.0,3.0,121089.0,0.0,3219,36.9249,0.8,1,0.0,1.0,1.0,1.09861,13108.9
T5,S524,10,4,8.0,8.0,32007.0,0.0,3220,36.9143,0.6,1,0.0,2.0,1.0,1.60944,5200.7
T5,S525,3,1,2.0,2.0,28908.0,0.0,3221,36.9054,0.9,0,0.0,0.5,1.0,0.693147,3390.8
T5,S526,10,5,2.0,2.0,151451.0,0.0,3222,36.8945,0.5,2,0.0,2.5,1.0,1.79176,17645.1
T5,S527,9,5,0.0,0.0,5972.0,0.0,3223,36.8837,0.5,2,0.0,2.5,0.0,1.79176,3097.2
T5,S528,12,4,8.0,8.0,139066.0,0.0,3224,36.8723,0.6,1,0.0,2.0,1.0,1.60944,15906.6
T6,S529,3,1,0.0,0.0,2574.0,140.0,3225,36.8633,0.9,0,0.0,0.5,0.0,0.693147,757.4
T6,S530,2,1,0.0,0.0,0.0,0.0,3227,36.8761,0.9,0,0.0,0.5,0.0,0.693147,500.0
T6,S531,4,1,0.0,0.0,2838.0,0.0,3228,36.8647,0.9,0,0.0,0.5,0.0,0.693147,783.8
T6,S533,1,1,0.0,0.0,20005.0,0.0,3229,36.8532,0.9,0,0.0,0.5,0.0,0.693147,2500.5
T6,S534,1,1,0.0,0.0,28426.0,0.0,3230,36.8418,0.9,0,0.0,0.5,0.0,0.693147,3342.6
T6,S535,5,4,0.0,0.0,107509.0,110.0,3231,36.8304,0.6,1,0.0,2.0,0.0,1.60944,12750.9
T6,S537,8,2,0.0,0.0,0.0,0.0,3232,36.819,0.8,1,0.0,1.0,0.0,1.09861,1000.0
T6,S539,9,5,5.0,5.0,278239.0,1360.0,3233,36.8076,0.5,2,0.0,2.5,1.0,1.79176,30323.9
T6,S540,63,6,102.0,85.0,1953871.0,3670.0,3235,36.8016,0.4,2,8.5,3.0,0.833333,1.94591,198812.0
T6,S541,31,5,3.0,3.0,522533.0,480.0,3236,36.8165,0.5,2,0.0,2.5,1.0,1.79176,54753.3
T6,S543,1,1,0.0,0.0,80596.0,0.0,3237,36.806,0.9,0,0.0,0.5,0.0,0.693147,8559.6
T6,S544,2,2,0.0,0.0,7262.0,260.0,3238,36.7947,0.8,1,0.0,1.0,0.0,1.09861,1726.2
T6,S545,3,2,6.0,6.0,29018.0,180.0,3239,36.7833,0.8,1,0.0,1.0,1.0,1.09861,3901.8
T6,S546,4,2,0.0,0.0,173668.0,320.0,3240,36.7738,0.8,1,0.0,1.0,0.0,1.09861,18366.8
T6,S547,15,4,16.0,16.0,164554.0,1860.0,3241,36.7624,0.6,1,0.0,2.0,1.0,1.60944,18455.4
T6,S548,4,2,7.0,7.0,0.0,230.0,3242,36.756,0.8,1,0.0,1.0,1.0,1.09861,1000.0
T6,S549,3,1,14.0,14.0,176221.0,2010.0,3243,36.7468,0.9,0,0.0,0.5,1.0,0.693147,18122.1
T6,S550,3,2,6.0,6.0,14536.0,370.0,3245,36.813,0.8,1,0.0,1.0,1.0,1.09861,2453.6
T6,S551,11,3,19.0,3.0,3555.0,80.0,3246,36.8035,0.7,1,8.0,1.5,0.157895,1.38629,2255.5
T6,S553,2,1,5.0,5.0,104658.0,350.0,3247,36.7931,0.9,0,0.0,0.5,1.0,0.693147,10965.8
T6,S554,14,3,41.0,41.0,185541.0,1420.0,3248,36.7833,0.7,1,0.0,1.5,1.0,1.38629,20054.1
T6,S555,4,2,15.0,13.0,13125.0,0.0,3249,36.7846,0.8,1,1.0,1.0,0.866667,1.09861,2362.5
T6,S556,7,4,45.0,3.0,220971.0,1170.0,3250,36.7772,0.6,1,21.0,2.0,0.0666667,1.60944,25147.1
T6,S557,3,3,24.0,24.0,99810.0,370.0,3251,36.7669,0.7,1,0.0,1.5,1.0,1.38629,11481.0
T6,S558,10,2,0.0,0.0,1337155.0,790.0,3252,36.7629,0.8,1,0.0,1.0,0.0,1.09861,134716.0
T6,S559,4,3,13.0,13.0,32853.0,550.0,3253,36.7516,0.7,1,0.0,1.5,1.0,1.38629,4785.3
T6,S560,1,1,13.0,13.0,20101.0,0.0,3255,36.7466,0.9,0,0.0,0.5,1.0,0.693147,2510.1
T6,S561,10,4,24.0,24.0,100076.0,390.0,3256,36.7393,0.6,1,0.0,2.0,1.0,1.60944,12007.6
T6,S562,56,6,36.0,23.0,403195.0,3520.0,3257,36.7353,0.4,2,6.5,3.0,0.638889,1.94591,43644.5
T6,S563,1,1,0.0,0.0,0.0,250.0,3258,36.7311,0.9,0,0.0,0.5,0.0,0.693147,500.0
T6,S564,14,3,8.0,5.0,320036.0,1280.0,3259,36.7199,0.7,1,1.5,1.5,0.625,1.38629,33578.6
T6,S565,18,4,11.0,7.0,107303.0,970.0,3260,36.7101,0.6,1,2.0,2.0,0.636364,1.60944,12830.3
T6,S567,45,8,36.0,31.0,1081226.0,7650.0,3261,36.701,0.2,2,2.5,4.0,0.861111,2.19722,112248.0
T6,S568,7,2,0.0,0.0,245002.0,930.0,3262,36.6993,0.8,1,0.0,1.0,0.0,1.09861,25500.2
T6,S569,5,3,0.0,0.0,90927.0,1780.0,3263,36.688,0.7,1,0.0,1.5,0.0,1.38629,10592.7
T7,S571,1,1,0.0,0.0,9162.0,0.0,3265,36.6857,0.9,0,0.0,0.5,0.0,0.693147,1416.2
T7,S582,1,1,1.0,1.0,0.0,0.0,3267,36.6813,0.9,0,0.0,0.5,1.0,0.693147,500.0
T7,S587,1,1,2.0,2.0,382880.0,0.0,3268,36.6704,0.9,0,0.0,0.5,1.0,0.693147,38788.0
T7,S588,2,2,1.0,1.0,13108.0,0.0,3269,36.6598,0.8,1,0.0,1.0,1.0,1.09861,2310.8
T7,S590,1,1,0.0,0.0,0.0,0.0,3271,36.6707,0.9,0,0.0,0.5,0.0,0.693147,500.0
T7,S591,1,1,1.0,1.0,1382.0,0.0,3272,36.6595,0.9,0,0.0,0.5,1.0,0.693147,638.2
T7,S593,2,1,3.0,3.0,193567.0,0.0,3273,36.6486,0.9,0,0.0,0.5,1.0,0.693147,19856.7
T7,S595,7,2,28.0,20.0,630875.0,0.0,3274,36.6383,0.8,1,4.0,1.0,0.714286,1.09861,64287.5
T7,S597,1,1,0.0,0.0,0.0,0.0,3275,36.6333,0.9,0,0.0,0.5,0.0,0.693147,500.0
T7,S598,4,2,7.0,7.0,47567.0,0.0,3276,36.6221,0.8,1,0.0,1.0,1.0,1.09861,5756.7
T7,S599,2,1,4.0,4.0,81207.0,0.0,3277,36.613,0.9,0,0.0,0.5,1.0,0.693147,8620.7
T7,S603,2,1,2.0,2.0,16851.0,0.0,3280,36.6051,0.9,0,0.0,0.5,1.0,0.693147,2185.1
T7,S604,3,2,8.0,8.0,38946.0,0.0,3281,36.5946,0.8,1,0.0,1.0,1.0,1.09861,4894.6
T7,S605,1,1,5.0,5.0,179751.0,0.0,3282,36.5859,0.9,0,0.0,0.5,1.0,0.693147,18475.1
T7,S606,1,1,2.0,2.0,0.0,0.0,3283,36.5763,0.9,0,0.0,0.5,1.0,0.693147,500.0
T7,S608,2,2,3.0,3.0,0.0,0.0,3284,36.5657,0.8,1,0.0,1.0,1.0,1.09861,1000.0
T7,S609,1,1,0.0,0.0,0.0,0.0,3285,36.5555,0.9,0,0.0,0.5,0.0,0.693147,500.0
T7,S610,3,1,12.0,11.0,269496.0,0.0,3287,36.5701,0.9,0,0.5,0.5,0.916667,0.693147,27474.6
T7,S612,2,2,6.0,6.0,37165.0,0.0,3288,36.5623,0.8,1,0.0,1.0,1.0,1.09861,4716.5
T7,S613,2,1,5.0,0.0,0.0,0.0,3289,36.553,0.9,0,2.5,0.5,0.0,0.693147,625.0
T7,S615,1,1,3.0,3.0,12965.0,0.0,3290,36.5419,0.9,0,0.0,0.5,1.0,0.693147,1796.5
T7,S617,2,2,10.0,10.0,2590.0,0.0,3291,36.5317,0.8,1,0.0,1.0,1.0,1.09861,1259.0
T7,S621,1,1,0.0,0.0,0.0,0.0,3293,36.5414,0.9,0,0.0,0.5,0.0,0.693147,500.0
T7,S622,1,1,0.0,0.0,0.0,0.0,3294,36.5303,0.9,0,0.0,0.5,0.0,0.693147,500.0
T7,S624,1,1,1.0,1.0,86.0,0.0,3295,36.5192,0.9,0,0.0,0.5,1.0,0.693147,508.6
T7,S626,1,1,8.0,8.0,33459.0,0.0,3296,36.5084,0.9,0,0.0,0.5,1.0,0.693147,3845.9
T7,S627,4,3,8.0,8.0,1420.0,0.0,3297,36.4998,0.7,1,0.0,1.5,1.0,1.38629,1642.0
T7,S628,6,1,23.0,23.0,18515.0,0.0,3298,36.4911,0.9,0,0.0,0.5,1.0,0.693147,2351.5
T7,S629,1,1,0.0,0.0,72.0,0.0,3299,36.487,0.9,0,0.0,0.5,0.0,0.693147,507.2
T7,S630,1,1,0.0,0.0,43726.0,0.0,3301,36.4837,0.9,0,0.0,0.5,0.0,0.693147,4872.6
T7,S632,3,2,13.0,13.0,7055.0,0.0,3302,36.4727,0.8,1,0.0,1.0,1.0,1.09861,1705.5
T7,S634,1,1,3.0,3.0,0.0,0.0,3303,36.4656,0.9,0,0.0,0.5,1.0,0.693147,500.0
T7,S635,2,1,4.0,4.0,9903.0,0.0,3304,36.4554,0.9,0,0.0,0.5,1.0,0.693147,1490.3
T7,S636,2,1,5.0,5.0,0.0,0.0,3305,36.4456,0.9,0,0.0,0.5,1.0,0.693147,500.0
T7,S638,1,1,0.0,0.0,2818.0,0.0,3306,36.4361,0.9,0,0.0,0.5,0.0,0.693147,781.8
T7,S639,3,1,16.0,16.0,3767.0,0.0,3307,36.4251,0.9,0,0.0,0.5,1.0,0.693147,876.7
T7,S640,2,1,10.0,10.0,2166.0,0.0,3309,36.4296,0.9,0,0.0,0.5,1.0,0.693147,716.6
T7,S641,5,2,17.0,17.0,7797.0,0.0,3310,36.4217,0.8,1,0.0,1.0,1.0,1.09861,1779.7
T7,S642,6,2,23.0,23.0,131200.0,0.0,3311,36.4158,0.8,1,0.0,1.0,1.0,1.09861,14120.0
T7,S645,4,2,17.0,17.0,249695.0,0.0,3312,36.4117,0.8,1,0.0,1.0,1.0,1.09861,25969.5
T7,S646,3,2,13.0,13.0,5754.0,0.0,3313,36.4059,0.8,1,0.0,1.0,1.0,1.09861,1575.4
T7,S648,4,3,21.0,21.0,11305.0,0.0,3314,36.3988,0.7,1,0.0,1.5,1.0,1.38629,2630.5
T7,S652,2,1,8.0,8.0,1909.0,0.0,3316,36.3868,0.9,0,0.0,0.5,1.0,0.693147,690.9
T7,S655,2,1,13.0,13.0,2487.0,0.0,3317,36.3783,0.9,0,0.0,0.5,1.0,0.693147,748.7
T7,S656,1,1,8.0,8.0,25751.0,0.0,3318,36.3712,0.9,0,0.0,0.5,1.0,0.693147,3075.1
T7,S657,5,1,27.0,27.0,30315.0,0.0,3319,36.3627,0.9,0,0.0,0.5,1.0,0.693147,3531.5
T7,S658,1,1,13.0,13.0,0.0,0.0,3320,36.3598,0.9,0,0.0,0.5,1.0,0.693147,500.0
T7,S659,3,1,13.0,13.0,21151.0,0.0,3321,36.3528,0.9,0,0.0,0.5,1.0,0.693147,2615.1
T7,S661,4,1,17.0,17.0,9169.0,0.0,3323,36.3402,0.9,0,0.0,0.5,1.0,0.693147,1416.9
T7,S663,13,2,46.0,46.0,164624.0,0.0,3324,36.3344,0.8,1,0.0,1.0,1.0,1.09861,17462.4
T7,S664,7,3,24.0,24.0,10767.0,0.0,3325,36.3373,0.7,1,0.0,1.5,1.0,1.38629,2576.7
T7,S666,11,1,51.0,51.0,67390.0,0.0,3326,36.3336,0.9,0,0.0,0.5,1.0,0.693147,7239.0
T7,S667,7,1,27.0,27.0,11466.0,0.0,3327,36.338,0.9,0,0.0,0.5,1.0,0.693147,1646.6
T7,S668,16,2,74.0,69.0,92936.0,0.0,3328,36.3352,0.8,1,2.5,1.0,0.932432,1.09861,10418.6
T7,S669,5,2,16.0,16.0,29422.0,0.0,3329,36.345,0.8,1,0.0,1.0,1.0,1.09861,3942.2
T7,S670,7,2,28.0,28.0,71762.0,0.0,3331,36.328,0.8,1,0.0,1.0,1.0,1.09861,8176.2
T7,S671,11,2,33.0,33.0,16304.0,0.0,3332,36.3255,0.8,1,0.0,1.0,1.0,1.09861,2630.4
T7,S672,8,2,42.0,42.0,26053.0,0.0,3333,36.3245,0.8,1,0.0,1.0,1.0,1.09861,3605.3
T7,S673,12,2,13.0,8.0,59227.0,0.0,3334,36.3262,0.8,1,2.5,1.0,0.615385,1.09861,7047.7
T7,S674,15,4,5.0,5.0,72728.0,0.0,3335,36.3177,0.6,1,0.0,2.0,1.0,1.60944,9272.8
T7,S675,15,3,0.0,0.0,21823.0,0.0,3336,36.3083,0.7,1,0.0,1.5,0.0,1.38629,3682.3
T7,S676,8,3,0.0,0.0,44543.0,0.0,3337,36.2974,0.7,1,0.0,1.5,0.0,1.38629,5954.3
T7,S677,10,2,0.0,0.0,267302.0,0.0,3338,36.2866,0.8,1,0.0,1.0,0.0,1.09861,27730.2
T7,S678,1,1,0.0,0.0,26.0,0.0,3339,36.2757,0.9,0,0.0,0.5,0.0,0.693147,502.6
T7,S679,1,1,0.0,0.0,550.0,0.0,3340,36.2648,0.9,0,0.0,0.5,0.0,0.693147,555.0
T7,S680,2,1,0.0,0.0,0.0,0.0,3342,36.2431,0.9,0,0.0,0.5,0.0,0.693147,500.0
T7,S681,2,1,0.0,0.0,352.0,0.0,3343,36.2323,0.9,0,0.0,0.5,0.0,0.693147,535.2
T7,S682,6,1,0.0,0.0,54153.0,0.0,3344,36.2214,0.9,0,0.0,0.5,0.0,0.693147,5915.3
T7,S685,2,1,0.0,0.0,1313.0,0.0,3345,36.2106,0.9,0,0.0,0.5,0.0,0.693147,631.3
T8,S689,2,1,0.0,0.0,0.0,0.0,3346,36.1998,0.9,0,0.0,0.5,0.0,0.693147,500.0
T8,S690,1,1,5.0,5.0,898.0,0.0,3348,36.1782,0.9,0,0.0,0.5,1.0,0.693147,589.8
T8,S693,1,1,0.0,0.0,48239.0,0.0,3349,36.1688,0.9,0,0.0,0.5,0.0,0.693147,5323.9
T8,S695,1,1,0.0,0.0,0.0,0.0,3350,36.158,0.9,0,0.0,0.5,0.0,0.693147,500.0
T8,S698,1,1,0.0,0.0,93.0,0.0,3351,36.1472,0.9,0,0.0,0.5,0.0,0.693147,509.3
T9,S702,1,1,1.0,1.0,24.0,0.0,3354,36.1388,0.9,0,0.0,0.5,1.0,0.693147,502.4
T9,S704,1,1,5.0,5.0,1560.0,0.0,3355,36.1283,0.9,0,0.0,0.5,1.0,0.693147,656.0
T9,S705,1,1,3.0,3.0,4520.0,0.0,3356,36.119,0.9,0,0.0,0.5,1.0,0.693147,952.0
T9,S710,4,3,9.0,9.0,12084.0,0.0,3358,36.0984,0.7,1,0.0,1.5,1.0,1.38629,2708.4
T9,S711,1,1,1.0,1.0,0.0,0.0,3359,36.0903,0.9,0,0.0,0.5,1.0,0.693147,500.0
T9,S713,1,1,13.0,13.0,189587.0,0.0,3360,36.0799,0.9,0,0.0,0.5,1.0,0.693147,19458.7
T9,S716,1,1,2.0,2.0,4.0,0.0,3361,36.073,0.9,0,0.0,0.5,1.0,0.693147,500.4
T9,S718,2,1,2.0,2.0,19295.0,0.0,3362,36.0629,0.9,0,0.0,0.5,1.0,0.693147,2429.5
T9,S720,1,1,0.0,0.0,227.0,0.0,3364,36.042,0.9,0,0.0,0.5,0.0,0.693147,522.7
T9,S721,1,1,1.0,1.0,52365.0,0.0,3365,36.0313,0.9,0,0.0,0.5,1.0,0.693147,5736.5
T9,S724,1,1,3.0,3.0,77.0,0.0,3366,36.0209,0.9,0,0.0,0.5,1.0,0.693147,507.7
T9,S725,5,2,26.0,10.0,30420.0,0.0,3367,36.0111,0.8,1,8.0,1.0,0.384615,1.09861,4442.0
T9,S727,1,1,1.0,1.0,27410.0,0.0,3368,36.0033,0.9,0,0.0,0.5,1.0,0.693147,3241.0
T9,S732,1,1,1.0,1.0,0.0,0.0,3369,35.993,0.9,0,0.0,0.5,1.0,0.693147,500.0
T9,S733,3,2,4.0,4.0,165.0,0.0,3370,35.9826,0.8,1,0.0,1.0,1.0,1.09861,1016.5
T9,S734,1,1,1.0,1.0,0.0,0.0,3371,35.9731,0.9,0,0.0,0.5,1.0,0.693147,500.0
T9,S736,3,2,3.0,3.0,2650.0,0.0,3372,35.9627,0.8,1,0.0,1.0,1.0,1.09861,1265.0
T9,S737,25,3,63.0,63.0,1588700.0,0.0,3373,35.9529,0.7,1,0.0,1.5,1.0,1.38629,160370.0
T9,S738,3,1,0.0,0.0,0.0,0.0,3374,35.9609,0.9,0,0.0,0.5,0.0,0.693147,500.0
T9,S739,2,0,2.0,2.0,0.0,0.0,3375,35.9503,1.0,0,0.0,0.0,1.0,0.0,0.0
T9,S740,4,2,3.0,3.0,1579.0,0.0,3377,35.9296,0.8,1,0.0,1.0,1.0,1.09861,1157.9
T9,S741,7,4,13.0,13.0,3370963.0,0.0,3378,35.9198,0.6,1,0.0,2.0,1.0,1.60944,339096.0
T9,S744,3,2,6.0,6.0,11066.0,0.0,3379,35.9131,0.8,1,0.0,1.0,1.0,1.09861,2106.6
T9,S745,2,2,4.0,4.0,16876.0,0.0,3380,35.9042,0.8,1,0.0,1.0,1.0,1.09861,2687.6
T9,S746,6,3,7.0,7.0,117890.0,0.0,3381,35.8948,0.7,1,0.0,1.5,1.0,1.38629,13289.0
T9,S747,2,1,6.0,6.0,0.0,0.0,3382,35.8862,0.9,0,0.0,0.5,1.0,0.693147,500.0
T9,S748,4,3,1.0,1.0,95017.0,0.0,3383,35.8774,0.7,1,0.0,1.5,1.0,1.38629,11001.7
T9,S749,2,1,1.0,1.0,11984.0,0.0,3384,35.8671,0.9,0,0.0,0.5,1.0,0.693147,1698.4
T9,S751,7,3,11.0,5.0,130627.0,0.0,3386,35.8462,0.7,1,3.0,1.5,0.454545,1.38629,14712.7
T9,S752,2,1,5.0,5.0,29824.0,0.0,3387,35.8371,0.9,0,0.0,0.5,1.0,0.693147,3482.4
T9,S753,1,1,8.0,8.0,141521.0,0.0,3388,35.828,0.9,0,0.0,0.5,1.0,0.693147,14652.1
T9,S754,3,2,3.0,3.0,390.0,0.0,3389,35.8197,0.8,1,0.0,1.0,1.0,1.09861,1039.0
T9,S756,3,2,9.0,9.0,1691.0,0.0,3390,35.8101,0.8,1,0.0,1.0,1.0,1.09861,1169.1
T9,S758,3,2,3.0,3.0,37051.0,0.0,3391,35.8021,0.8,1,0.0,1.0,1.0,1.09861,4705.1
T9,S759,2,1,6.0,6.0,573.0,0.0,3392,35.7925,0.9,0,0.0,0.5,1.0,0.693147,557.3
T9,S760,1,1,0.0,0.0,0.0,0.0,3394,35.7731,0.9,0,0.0,0.5,0.0,0.693147,500.0
T9,S761,4,2,4.0,4.0,4679.0,0.0,3395,35.7626,0.8,1,0.0,1.0,1.0,1.09861,1467.9
T9,S762,4,2,16.0,16.0,23347.0,0.0,3396,35.7533,0.8,1,0.0,1.0,1.0,1.09861,3334.7
T9,S763,9,5,32.0,24.0,120080.0,0.0,3397,35.7474,0.5,2,4.0,2.5,0.75,1.79176,14708.0
T9,S764,4,2,12.0,12.0,21778.0,0.0,3398,35.744,0.8,1,0.0,1.0,1.0,1.09861,3177.8
T9,S765,3,2,14.0,14.0,15018.0,0.0,3399,35.737,0.8,1,0.0,1.0,1.0,1.09861,2501.8
T9,S766,5,3,13.0,13.0,44055.0,0.0,3400,35.7306,0.7,1,0.0,1.5,1.0,1.38629,5905.5
T9,S767,2,1,6.0,6.0,4543.0,0.0,3401,35.7239,0.9,0,0.0,0.5,1.0,0.693147,954.3
T9,S769,2,1,8.0,8.0,143712.0,0.0,3402,35.7152,0.9,0,0.0,0.5,1.0,0.693147,14871.2
T9,S770,1,1,3.0,3.0,150.0,0.0,3404,35.6965,0.9,0,0.0,0.5,1.0,0.693147,515.0
T9,S771,1,1,0.0,0.0,38.0,0.0,3405,35.6869,0.9,0,0.0,0.5,0.0,0.693147,503.8
T9,S772,3,3,21.0,21.0,904.0,0.0,3406,35.6764,0.7,1,0.0,1.5,1.0,1.38629,1590.4
T9,S773,2,2,7.0,7.0,4700.0,0.0,3407,35.6721,0.8,1,0.0,1.0,1.0,1.09861,1470.0
T9,S774,9,3,21.0,21.0,85862.0,0.0,3408,35.6637,0.7,1,0.0,1.5,1.0,1.38629,10086.2
T9,S775,7,3,22.0,22.0,644031.0,0.0,3409,35.6594,0.7,1,0.0,1.5,1.0,1.38629,65903.1
T9,S776,11,4,38.0,38.0,85033.0,0.0,3410,35.6554,0.6,1,0.0,2.0,1.0,1.60944,10503.3
T9,S777,5,2,25.0,25.0,433288.0,0.0,3411,35.6561,0.8,1,0.0,1.0,1.0,1.09861,44328.8
T9,S778,4,4,25.0,25.0,15909.0,0.0,3412,35.653,0.6,1,0.0,2.0,1.0,1.60944,3590.9
T9,S779,3,3,15.0,15.0,24521.0,0.0,3413,35.6498,0.7,1,0.0,1.5,1.0,1.38629,3952.1
T9,S780,2,1,10.0,10.0,31989.0,0.0,3415,35.6334,0.9,0,0.0,0.5,1.0,0.693147,3698.9
T9,S781,3,2,10.0,10.0,360.0,0.0,3416,35.6259,0.8,1,0.0,1.0,1.0,1.09861,1036.0
T9,S782,2,1,10.0,10.0,6.0,0.0,3417,35.6184,0.9,0,0.0,0.5,1.0,0.693147,500.6
T9,S783,1,1,5.0,5.0,94923.0,0.0,3418,35.6109,0.9,0,0.0,0.5,1.0,0.693147,9992.3
T9,S784,1,1,3.0,3.0,73372.0,0.0,3419,35.6019,0.9,0,0.0,0.5,1.0,0.693147,7837.2
T9,S785,9,3,43.0,43.0,351536.0,30.0,3420,35.5924,0.7,1,0.0,1.5,1.0,1.38629,36653.6
T9,S786,11,4,27.0,27.0,183807.0,90.0,3421,35.5945,0.6,1,0.0,2.0,1.0,1.60944,20380.7
T9,S787,3,3,10.0,10.0,255068.0,0.0,3422,35.592,0.7,1,0.0,1.5,1.0,1.38629,27006.8
T9,S788,1,1,0.0,0.0,0.0,0.0,3423,35.5845,0.9,0,0.0,0.5,0.0,0.693147,500.0
T9,S789,6,4,17.0,17.0,18580.0,5.0,3424,35.5741,0.6,1,0.0,2.0,1.0,1.60944,3858.0
T9,S790,3,3,13.0,13.0,53704.0,0.0,3426,35.5583,0.7,1,0.0,1.5,1.0,1.38629,6870.4
T9,S791,4,3,19.0,19.0,430.0,0.0,3427,35.5517,0.7,1,0.0,1.5,1.0,1.38629,1543.0
T9,S792,4,3,19.0,19.0,34656.0,0.0,3428,35.5469,0.7,1,0.0,1.5,1.0,1.38629,4965.6
T9,S793,11,4,49.0,49.0,18979.0,0.0,3429,35.5421,0.6,1,0.0,2.0,1.0,1.60944,3897.9
T9,S794,9,5,17.0,17.0,70.0,0.0,3430,35.546,0.5,2,0.0,2.5,1.0,1.79176,2507.0
T9,S795,21,6,60.0,55.0,2342505.0,0.0,3431,35.5406,0.4,2,2.5,3.0,0.916667,1.94591,237376.0
T9,S797,2,2,0.0,0.0,368.0,0.0,3432,35.5463,0.8,1,0.0,1.0,0.0,1.09861,1036.8
T10,S798,4,1,50.0,50.0,64851.0,0.0,3433,35.5359,0.9,0,0.0,0.5,1.0,0.693147,6985.1
T10,S800,2,1,4.0,4.0,2.0,0.0,3436,35.5337,0.9,0,0.0,0.5,1.0,0.693147,500.2
T10,S801,4,1,50.0,50.0,23602.0,0.0,3437,35.5245,0.9,0,0.0,0.5,1.0,0.693147,2860.2
T10,S802,8,2,64.0,64.0,20458.0,0.0,3438,35.5287,0.8,1,0.0,1.0,1.0,1.09861,3045.8
T10,S803,2,1,68.0,68.0,19203.0,0.0,3439,35.537,0.9,0,0.0,0.5,1.0,0.693147,2420.3
T10,S805,2,1,21.0,21.0,406.0,0.0,3440,35.5465,0.9,0,0.0,0.5,1.0,0.693147,540.6
T10,S808,1,1,5.0,5.0,1560.0,0.0,3441,35.5422,0.9,0,0.0,0.5,1.0,0.693147,656.0
T10,S810,1,1,5.0,5.0,415.0,0.0,3443,35.523,0.9,0,0.0,0.5,1.0,0.693147,541.5
T10,S812,1,1,5.0,5.0,52048.0,0.0,3444,35.5142,0.9,0,0.0,0.5,1.0,0.693147,5704.8
T10,S813,3,1,39.0,39.0,109112.0,0.0,3445,35.5053,0.9,0,0.0,0.5,1.0,0.693147,11411.2
T10,S814,1,1,1.0,1.0,0.0,0.0,3446,35.5063,0.9,0,0.0,0.5,1.0,0.693147,500.0
T10,S815,4,1,15.0,15.0,10579.0,0.0,3447,35.4963,0.9,0,0.0,0.5,1.0,0.693147,1557.9
T10,S816,1,1,5.0,5.0,123.0,0.0,3448,35.4904,0.9,0,0.0,0.5,1.0,0.693147,512.3
T10,S820,1,1,0.0,0.0,2589.0,0.0,3450,35.4712,0.9,0,0.0,0.5,0.0,0.693147,758.9
T10,S822,1,1,3.0,3.0,71940.0,0.0,3451,35.461,0.9,0,0.0,0.5,1.0,0.693147,7694.0
T10,S824,1,1,5.0,5.0,35201.0,0.0,3452,35.4515,0.9,0,0.0,0.5,1.0,0.693147,4020.1
T10,S825,1,1,3.0,3.0,1764.0,0.0,3453,35.4427,0.9,0,0.0,0.5,1.0,0.693147,676.4
T10,S826,5,1,61.0,61.0,309867.0,0.0,3454,35.4333,0.9,0,0.0,0.5,1.0,0.693147,31486.7
T10,S829,8,1,68.0,47.0,427159.0,0.0,3455,35.4407,0.9,0,10.5,0.5,0.691176,0.693147,43740.9
T10,S830,2,1,52.0,52.0,65260.0,0.0,3457,35.4358,0.9,0,0.0,0.5,1.0,0.693147,7026.0
T10,S831,3,2,3.0,3.0,5183.0,0.0,3458,35.4406,0.8,1,0.0,1.0,1.0,1.09861,1518.3
T10,S832,2,2,0.0,0.0,44291.0,0.0,3459,35.4313,0.8,1,0.0,1.0,0.0,1.09861,5429.1
T10,S833,3,1,31.0,31.0,10606.0,0.0,3460,35.421,0.9,0,0.0,0.5,1.0,0.693147,1560.6
T10,S834,6,2,29.0,29.0,14890.0,0.0,3461,35.4197,0.8,1,0.0,1.0,1.0,1.09861,2489.0
T10,S835,11,2,216.0,216.0,979886.0,0.0,3462,35.4179,0.8,1,0.0,1.0,1.0,1.09861,98988.6
T10,S837,37,2,110.0,110.0,21718.0,0.0,3463,35.47,0.8,1,0.0,1.0,1.0,1.09861,3171.8
T10,S838,43,2,259.0,259.0,1019417.0,0.0,3464,35.4916,0.8,1,0.0,1.0,1.0,1.09861,102942.0
T10,S839,12,2,46.0,46.0,21335.0,0.0,3465,35.5561,0.8,1,0.0,1.0,1.0,1.09861,3133.5
T10,S840,2,1,13.0,13.0,1980.0,0.0,3467,35.5546,0.9,0,0.0,0.5,1.0,0.693147,698.0
T10,S842,2,1,16.0,16.0,1853.0,0.0,3468,35.5481,0.9,0,0.0,0.5,1.0,0.693147,685.3
T10,S843,2,1,6.0,6.0,417800.0,0.0,3469,35.5425,0.9,0,0.0,0.5,1.0,0.693147,42280.0
T10,S845,1,1,8.0,8.0,9140.0,0.0,3470,35.534,0.9,0,0.0,0.5,1.0,0.693147,1414.0
T10,S846,2,1,10.0,10.0,11031.0,0.0,3471,35.526,0.9,0,0.0,0.5,1.0,0.693147,1603.1
T10,S847,2,1,10.0,10.0,1315.0,0.0,3472,35.5187,0.9,0,0.0,0.5,1.0,0.693147,631.5
T10,S848,6,1,125.0,125.0,215825.0,0.0,3473,35.5113,0.9,0,0.0,0.5,1.0,0.693147,22082.5
T10,S849,1,1,5.0,5.0,115.0,0.0,3474,35.5371,0.9,0,0.0,0.5,1.0,0.693147,511.5
T10,S851,5,1,45.0,45.0,18589.0,0.0,3476,35.5204,0.9,0,0.0,0.5,1.0,0.693147,2358.9
T10,S852,1,1,5.0,5.0,0.0,0.0,3477,35.5231,0.9,0,0.0,0.5,1.0,0.693147,500.0
T10,S853,15,1,131.0,131.0,219876.0,0.0,3478,35.5143,0.9,0,0.0,0.5,1.0,0.693147,22487.6
T10,S855,1,1,5.0,5.0,15.0,0.0,3479,35.5418,0.9,0,0.0,0.5,1.0,0.693147,501.5
T10,S857,1,1,8.0,8.0,0.0,0.0,3480,35.533,0.9,0,0.0,0.5,1.0,0.693147,500.0
T10,S858,1,1,13.0,13.0,43340.0,0.0,3481,35.5251,0.9,0,0.0,0.5,1.0,0.693147,4834.0
T11,S861,1,1,1.0,1.0,54.0,0.0,3483,35.5093,0.9,0,0.0,0.5,1.0,0.693147,505.4
T11,S863,3,1,11.0,11.0,30204.0,0.0,3484,35.4994,0.9,0,0.0,0.5,1.0,0.693147,3520.4
T11,S864,4,1,18.0,18.0,44501.0,0.0,3485,35.4923,0.9,0,0.0,0.5,1.0,0.693147,4950.1
T11,S865,1,1,8.0,8.0,59098.0,0.0,3486,35.4873,0.9,0,0.0,0.5,1.0,0.693147,6409.8
T11,S866,1,1,0.0,0.0,0.0,0.0,3487,35.4794,0.9,0,0.0,0.5,0.0,0.693147,500.0
T11,S867,4,1,28.0,28.0,139536.0,0.0,3488,35.4693,0.9,0,0.0,0.5,1.0,0.693147,14453.6
T11,S870,2,1,12.0,12.0,97985.0,0.0,3490,200.0,0.9,0,0.0,0.5,1.0,0.693147,10298.5
T11,S871,3,2,9.0,9.0,85084.0,0.0,3491,200.0,0.8,1,0.0,1.0,1.0,1.09861,9508.4
T11,S873,4,2,30.0,30.0,125341.0,0.0,3492,200.0,0.8,1,0.0,1.0,1.0,1.09861,13534.1
T11,S874,10,1,18.0,18.0,53427.0,0.0,3493,200.0,0.9,0,0.0,0.5,1.0,0.693147,5842.7
T11,S876,6,1,22.0,22.0,100892.0,0.0,3494,200.0,0.9,0,0.0,0.5,1.0,0.693147,10589.2
T11,S879,3,1,15.0,15.0,58701.0,0.0,3495,200.0,0.9,0,0.0,0.5,1.0,0.693147,6370.1
T11,S880,1,1,3.0,3.0,21812.0,0.0,3497,200.0,0.9,0,0.0,0.5,1.0,0.693147,2681.2
T11,S881,3,1,15.0,15.0,19438.0,0.0,3498,200.0,0.9,0,0.0,0.5,1.0,0.693147,2443.8
T11,S882,1,1,16.0,16.0,70529.0,0.0,3499,200.0,0.9,0,0.0,0.5,1.0,0.693147,7552.9
T11,S884,2,1,16.0,16.0,218871.0,0.0,3500,200.0,0.9,0,0.0,0.5,1.0,0.693147,22387.1
T11,S889,1,1,1.0,1.0,917.0,0.0,3501,200.0,0.9,0,0.0,0.5,1.0,0.693147,591.7
T11,S893,2,1,16.0,16.0,220678.0,0.0,3503,200.0,0.9,0,0.0,0.5,1.0,0.693147,22567.8
T11,S894,1,1,4.0,4.0,10060.0,0.0,3504,200.0,0.9,0,0.0,0.5,1.0,0.693147,1506.0
T11,S896,5,1,16.0,16.0,1131009.0,0.0,3505,200.0,0.9,0,0.0,0.5,1.0,0.693147,113601.0
T11,S898,1,1,8.0,8.0,20126.0,0.0,3506,200.0,0.9,0,0.0,0.5,1.0,0.693147,2512.6
T11,S900,2,1,12.0,12.0,21970.0,0.0,3509,200.0,0.9,0,0.0,0.5,1.0,0.693147,2697.0
T11,S902,3,3,7.0,7.0,26135.0,0.0,3510,200.0,0.7,1,0.0,1.5,1.0,1.38629,4113.5
T11,S904,3,2,3.0,3.0,0.0,30.0,3511,200.0,0.8,1,0.0,1.0,1.0,1.09861,1000.0
T11,S905,4,3,12.0,12.0,22424.0,0.0,3512,200.0,0.7,1,0.0,1.5,1.0,1.38629,3742.4
T11,S906,2,2,8.0,8.0,1489.0,5.0,3513,200.0,0.8,1,0.0,1.0,1.0,1.09861,1148.9
T11,S907,2,2,13.0,13.0,33361.0,0.0,3514,200.0,0.8,1,0.0,1.0,1.0,1.09861,4336.1
T11,S908,2,2,6.0,6.0,20443.0,20.0,3515,200.0,0.8,1,0.0,1.0,1.0,1.09861,3044.3
T11,S909,3,2,17.0,17.0,31674.0,0.0,3516,200.0,0.8,1,0.0,1.0,1.0,1.09861,4167.4
T11,S910,3,2,17.0,17.0,41927.0,0.0,3518,200.0,0.8,1,0.0,1.0,1.0,1.09861,5192.7
T11,S911,5,3,24.0,24.0,95256.0,0.0,3519,200.0,0.7,1,0.0,1.5,1.0,1.38629,11025.6
T11,S912,1,1,8.0,8.0,1332.0,0.0,3520,200.0,0.9,0,0.0,0.5,1.0,0.693147,633.2
T11,S913,1,1,1.0,1.0,0.0,0.0,3521,200.0,0.9,0,0.0,0.5,1.0,0.693147,500.0
T11,S914,2,2,1.0,1.0,443196.0,0.0,3522,200.0,0.8,1,0.0,1.0,1.0,1.09861,45319.6
T11,S915,2,2,16.0,16.0,5899.0,0.0,3523,200.0,0.8,1,0.0,1.0,1.0,1.09861,1589.9
T11,S916,2,1,13.0,13.0,0.0,0.0,3524,200.0,0.9,0,0.0,0.5,1.0,0.693147,500.0
T11,S917,4,3,11.0,11.0,4649.0,0.0,3525,200.0,0.7,1,0.0,1.5,1.0,1.38629,1964.9
T11,S918,5,2,12.0,12.0,58742.0,0.0,3526,200.0,0.8,1,0.0,1.0,1.0,1.09861,6874.2
T11,S919,1,1,21.0,21.0,0.0,0.0,3527,200.0,0.9,0,0.0,0.5,1.0,0.693147,500.0
T11,S920,4,2,18.0,18.0,145931.0,0.0,3529,200.0,0.8,1,0.0,1.0,1.0,1.09861,15593.1
T11,S921,5,4,34.0,34.0,7282.0,0.0,3530,200.0,0.6,1,0.0,2.0,1.0,1.60944,2728.2
T11,S922,5,4,8.0,8.0,48901.0,5.0,3531,200.0,0.6,1,0.0,2.0,1.0,1.60944,6890.1
T11,S923,5,3,47.0,47.0,632084.0,0.0,3532,200.0,0.7,1,0.0,1.5,1.0,1.38629,64708.4
T11,S924,8,5,29.0,29.0,892500.0,0.0,3533,200.0,0.5,2,0.0,2.5,1.0,1.79176,91750.0
T11,S925,2,2,5.0,5.0,0.0,0.0,3534,200.0,0.8,1,0.0,1.0,1.0,1.09861,1000.0
T11,S926,1,1,0.0,0.0,0.0,0.0,3535,200.0,0.9,0,0.0,0.5,0.0,0.693147,500.0
T11,S927,2,1,13.0,13.0,23466.0,0.0,3536,200.0,0.9,0,0.0,0.5,1.0,0.693147,2846.6
T11,S929,3,1,19.0,19.0,63715.0,0.0,3537,200.0,0.9,0,0.0,0.5,1.0,0.693147,6871.5
T11,S930,1,1,1.0,1.0,30187.0,15.0,3539,200.0,0.9,0,0.0,0.5,1.0,0.693147,3518.7
T11,S931,2,2,3.0,3.0,1235.0,0.0,3540,200.0,0.8,1,0.0,1.0,1.0,1.09861,1123.5
T11,S932,1,1,4.0,4.0,24046.0,0.0,3541,200.0,0.9,0,0.0,0.5,1.0,0.693147,2904.6
T11,S933,4,2,10.0,10.0,21988.0,960.0,3542,200.0,0.8,1,0.0,1.0,1.0,1.09861,3198.8
T11,S934,1,1,1.0,1.0,38.0,0.0,3543,200.0,0.9,0,0.0,0.5,1.0,0.693147,503.8
T11,S935,1,1,1.0,1.0,5.0,0.0,3544,200.0,0.9,0,0.0,0.5,1.0,0.693147,500.5
T11,S936,3,2,16.0,16.0,34518.0,0.0,3545,200.0,0.8,1,0.0,1.0,1.0,1.09861,4451.8
T11,S937,1,1,16.0,16.0,3074.0,0.0,3546,200.0,0.9,0,0.0,0.5,1.0,0.693147,807.4
T11,S938,6,1,63.0,63.0,209774.0,0.0,3547,200.0,0.9,0,0.0,0.5,1.0,0.693147,21477.4
T11,S939,5,3,4.0,4.0,20408.0,0.0,3548,200.0,0.7,1,0.0,1.5,1.0,1.38629,3540.8
T11,S940,4,1,27.0,27.0,5628.0,0.0,3550,200.0,0.9,0,0.0,0.5,1.0,0.693147,1062.8
T11,S941,6,1,26.0,26.0,27123.0,0.0,3551,200.0,0.9,0,0.0,0.5,1.0,0.693147,3212.3
T11,S942,1,1,1.0,1.0,0.0,60.0,3552,200.0,0.9,0,0.0,0.5,1.0,0.693147,500.0
T11,S943,4,1,34.0,34.0,63593.0,0.0,3553,200.0,0.9,0,0.0,0.5,1.0,0.693147,6859.3
T11,S944,6,2,9.0,9.0,26421.0,0.0,3554,200.0,0.8,1,0.0,1.0,1.0,1.09861,3642.1
T11,S945,1,1,1.0,1.0,0.0,0.0,3555,200.0,0.9,0,0.0,0.5,1.0,0.693147,500.0
T11,S946,10,1,36.0,36.0,90812.0,0.0,3556,200.0,0.9,0,0.0,0.5,1.0,0.693147,9581.2
T11,S947,3,1,18.0,18.0,44596.0,0.0,3557,200.0,0.9,0,0.0,0.5,1.0,0.693147,4959.6
T11,S948,1,1,2.0,2.0,1607.0,0.0,3558,200.0,0.9,0,0.0,0.5,1.0,0.693147,660.7
T11,S949,2,1,5.0,5.0,2955.0,0.0,3559,200.0,0.9,0,0.0,0.5,1.0,0.693147,795.5
T11,S950,10,1,160.0,160.0,195077.0,0.0,3561,200.0,0.9,0,0.0,0.5,1.0,0.693147,20007.7
T11,S951,3,2,26.0,26.0,13093.0,0.0,3562,200.0,0.8,1,0.0,1.0,1.0,1.09861,2309.3
T11,S952,2,1,5.0,5.0,4114.0,0.0,3563,200.0,0.9,0,0.0,0.5,1.0,0.693147,911.4
T11,S953,6,1,27.0,27.0,32198.0,0.0,3564,200.0,0.9,0,0.0,0.5,1.0,0.693147,3719.8
T11,S954,22,2,63.0,63.0,72339.0,480.0,3565,200.0,0.8,1,0.0,1.0,1.0,1.09861,8233.9
T11,S957,10,1,52.0,52.0,27640.0,0.0,3566,200.0,0.9,0,0.0,0.5,1.0,0.693147,3264.0
T11,S958,5,1,19.0,19.0,42644.0,0.0,3567,200.0,0.9,0,0.0,0.5,1.0,0.693147,4764.4
T11,S959,3,1,10.0,10.0,110737.0,0.0,3568,200.0,0.9,0,0.0,0.5,1.0,0.693147,11573.7
T11,S962,8,1,75.0,75.0,91469.0,0.0,3570,200.0,0.9,0,0.0,0.5,1.0,0.693147,9646.9
T11,S964,8,1,39.0,39.0,255180.0,0.0,3571,200.0,0.9,0,0.0,0.5,1.0,0.693147,26018.0
T11,S965,1,1,24.0,24.0,165360.0,0.0,3572,200.0,0.9,0,0.0,0.5,1.0,0.693147,17036.0
T11,S966,1,1,5.0,5.0,0.0,0.0,3573,200.0,0.9,0,0.0,0.5,1.0,0.693147,500.0
T11,S967,8,4,18.0,18.0,13746.0,30.0,3574,200.0,0.6,1,0.0,2.0,1.0,1.60944,3374.6
T11,S968,2,1,6.0,6.0,28570.0,0.0,3575,200.0,0.9,0,0.0,0.5,1.0,0.693147,3357.0
T11,S969,8,1,23.0,23.0,143902.0,0.0,3576,200.0,0.9,0,0.0,0.5,1.0,0.693147,14890.2
T11,S970,2,1,7.0,7.0,60283.0,0.0,3578,200.0,0.9,0,0.0,0.5,1.0,0.693147,6528.3
T11,S971,6,1,29.0,29.0,540063.0,0.0,3579,200.0,0.9,0,0.0,0.5,1.0,0.693147,54506.3
T11,S972,1,1,1.0,1.0,7.0,0.0,3580,200.0,0.9,0,0.0,0.5,1.0,0.693147,500.7
T11,S973,2,1,7.0,7.0,33193.0,0.0,3581,200.0,0.9,0,0.0,0.5,1.0,0.693147,3819.3
T11,S974,7,2,21.0,21.0,22237.0,0.0,3582,200.0,0.8,1,0.0,1.0,1.0,1.09861,3223.7
T11,S975,1,1,16.0,16.0,0.0,0.0,3583,200.0,0.9,0,0.0,0.5,1.0,0.693147,500.0
T11,S976,16,2,60.0,60.0,340940.0,1440.0,3584,200.0,0.8,1,0.0,1.0,1.0,1.09861,35094.0
T11,S978,7,1,25.0,25.0,115782.0,0.0,3585,200.0,0.9,0,0.0,0.5,1.0,0.693147,12078.2
T11,S979,3,2,39.0,39.0,228565.0,480.0,3586,200.0,0.8,1,0.0,1.0,1.0,1.09861,23856.5
T11,S981,4,1,15.0,15.0,30284.0,0.0,3587,200.0,0.9,0,0.0,0.5,1.0,0.693147,3528.4
T11,S982,8,2,65.0,65.0,31442.0,0.0,3588,200.0,0.8,1,0.0,1.0,1.0,1.09861,4144.2
T11,S983,3,1,12.0,12.0,5896.0,0.0,3589,200.0,0.9,0,0.0,0.5,1.0,0.693147,1089.6
T11,S984,8,1,18.0,18.0,2114.0,0.0,3590,200.0,0.9,0,0.0,0.5,1.0,0.693147,711.4
T11,S985,7,2,15.0,15.0,162885.0,0.0,3591,200.0,0.8,1,0.0,1.0,1.0,1.09861,17288.5
T11,S986,5,1,5.0,5.0,145.0,0.0,3592,200.0,0.9,0,0.0,0.5,1.0,0.693147,514.5
T11,S988,1,1,16.0,16.0,11657.0,0.0,3593,200.0,0.9,0,0.0,0.5,1.0,0.693147,1665.7
T11,S990,34,6,126.0,110.0,5650083.0,2055.0,3595,200.0,0.4,2,8.0,3.0,0.873016,1.94591,568408.0
T11,S992,11,2,75.0,75.0,36180.0,0.0,3596,200.0,0.8,1,0.0,1.0,1.0,1.09861,4618.0
T11,S993,1,1,4.0,4.0,1029.0,0.0,3597,200.0,0.9,0,0.0,0.5,1.0,0.693147,602.9
T11,S994,1,1,3.0,3.0,0.0,0.0,3598,200.0,0.9,0,0.0,0.5,1.0,0.693147,500.0
T11,S995,1,1,7.0,7.0,0.0,0.0,3599,200.0,0.9,0,0.0,0.5,1.0,0.693147,500.0
T11,S996,8,2,28.0,28.0,236385.0,0.0,3600,200.0,0.8,1,0.0,1.0,1.0,1.09861,24638.5
T11,S998,2,1,14.0,14.0,1560.0,270.0,3601,200.0,0.9,0,0.0,0.5,1.0,0.693147,656.0
T11,S999,6,1,14.0,14.0,59645.0,195.0,3602,200.0,0.9,0,0.0,0.5,1.0,0.693147,6464.5
T11,S1001,7,2,18.0,18.0,26430.0,75.0,4,33.3333,0.8,1,0.0,1.0,1.0,1.09861,3643.0
T11,S1002,5,2,9.0,9.0,4235.0,60.0,5,29.5,0.8,1,0.0,1.0,1.0,1.09861,1423.5
T11,S1003,5,1,6.0,6.0,858741.0,510.0,6,25.4,0.9,0,0.0,0.5,1.0,0.693147,86374.1
T11,S1004,1,1,1.0,1.0,0.0,0.0,7,22.1667,0.9,0,0.0,0.5,1.0,0.693147,500.0
T11,S1005,10,2,14.0,14.0,50050.0,210.0,8,19.1429,0.8,1,0.0,1.0,1.0,1.09861,6005.0
T11,S1006,33,1,56.0,56.0,249300.0,1795.0,9,18.5,0.9,0,0.0,0.5,1.0,0.693147,25430.0
T11,S1008,14,3,26.0,26.0,92229.0,525.0,10,22.6667,0.7,1,0.0,1.5,1.0,1.38629,10722.9
T11,S1010,4,1,4.0,4.0,1984.0,390.0,11,23.0,0.9,0,0.0,0.5,1.0,0.693147,698.4
T11,S1011,4,3,9.0,9.0,341644.0,0.0,12,21.2727,0.7,1,0.0,1.5,1.0,1.38629,35664.4
T11,S1015,3,2,2.0,2.0,97715.0,0.0,13,20.25,0.8,1,0.0,1.0,1.0,1.09861,10771.5
T11,S1016,3,1,2.0,2.0,18566.0,0.0,14,18.8462,0.9,0,0.0,0.5,1.0,0.693147,2356.6
T11,S1017,1,1,2.0,2.0,4346.0,0.0,15,17.6429,0.9,0,0.0,0.5,1.0,0.693147,934.6
T11,S1018,3,1,9.0,9.0,184199.0,0.0,16,16.6,0.9,0,0.0,0.5,1.0,0.693147,18919.9
T11,S1020,2,1,2.0,2.0,22.0,30.0,18,15.5294,0.9,0,0.0,0.5,1.0,0.693147,502.2
T11,S1022,2,1,4.0,4.0,20414.0,30.0,19,14.7778,0.9,0,0.0,0.5,1.0,0.693147,2541.4
T11,S1023,24,3,44.0,40.0,564340.0,60.0,20,14.2105,0.7,1,2.0,1.5,0.909091,1.38629,58034.0
T11,S1024,12,3,18.0,18.0,785846.0,0.0,21,15.5,0.7,1,0.0,1.5,1.0,1.38629,80084.6
T11,S1026,1,1,3.0,3.0,135453.0,0.0,22,15.619,0.9,0,0.0,0.5,1.0,0.693147,14045.3
T11,S1027,12,3,7.0,7.0,2916194.0,30.0,23,15.0455,0.7,1,0.0,1.5,1.0,1.38629,293119.0
T11,S1029,10,3,51.0,51.0,2684210.0,0.0,24,14.6957,0.7,1,0.0,1.5,1.0,1.38629,269921.0
T11,S1031,3,2,5.0,5.0,15604.0,60.0,25,16.2083,0.8,1,0.0,1.0,1.0,1.09861,2560.4
T11,S1035,9,2,56.0,56.0,0.0,0.0,26,15.76,0.8,1,0.0,1.0,1.0,1.09861,1000.0
T11,S1036,5,2,14.0,14.0,0.0,0.0,27,17.3077,0.8,1,0.0,1.0,1.0,1.09861,1000.0
T11,S1037,9,1,43.0,43.0,0.0,0.0,28,17.1852,0.9,0,0.0,0.5,1.0,0.693147,500.0
T11,S1038,5,1,34.0,34.0,0.0,0.0,29,18.1071,0.9,0,0.0,0.5,1.0,0.693147,500.0
T11,S1039,8,1,49.0,49.0,810.0,0.0,30,18.6552,0.9,0,0.0,0.5,1.0,0.693147,581.0
T11,S1040,3,1,15.0,15.0,0.0,0.0,31,19.6667,0.9,0,0.0,0.5,1.0,0.693147,500.0
T11,S1041,5,2,47.0,47.0,75040.0,0.0,32,19.5161,0.8,1,0.0,1.0,1.0,1.09861,8504.0
T11,S1042,8,1,68.0,68.0,0.0,0.0,33,20.375,0.9,0,0.0,0.5,1.0,0.693147,500.0
T11,S1043,7,1,55.0,55.0,0.0,0.0,34,21.8182,0.9,0,0.0,0.5,1.0,0.693147,500.0
T11,S1044,11,1,52.0,52.0,0.0,0.0,35,22.7941,0.9,0,0.0,0.5,1.0,0.693147,500.0
T11,S1045,12,1,37.0,37.0,15697.0,0.0,36,23.6286,0.9,0,0.0,0.5,1.0,0.693147,2069.7
T11,S1046,8,1,49.0,49.0,0.0,0.0,37,24.0,0.9,0,0.0,0.5,1.0,0.693147,500.0
T11,S1047,4,1,16.0,16.0,0.0,0.0,38,24.6757,0.9,0,0.0,0.5,1.0,0.693147,500.0
T11,S1048,3,1,9.0,9.0,0.0,0.0,39,24.4474,0.9,0,0.0,0.5,1.0,0.693147,500.0
T11,S1049,10,1,22.0,22.0,28254.0,0.0,40,24.0513,0.9,0,0.0,0.5,1.0,0.693147,3325.4
T11,S1050,13,1,57.0,57.0,0.0,0.0,42,23.7317,0.9,0,0.0,0.5,1.0,0.693147,500.0
T11,S1051,3,1,20.0,20.0,0.0,0.0,43,24.5238,0.9,0,0.0,0.5,1.0,0.693147,500.0
T11,S1052,14,1,57.0,57.0,32561.0,0.0,44,24.4186,0.9,0,0.0,0.5,1.0,0.693147,3756.1
T11,S1053,14,2,42.0,42.0,24319.0,0.0,45,25.1591,0.8,1,0.0,1.0,1.0,1.09861,3431.9
T11,S1054,21,2,120.0,120.0,231765.0,0.0,46,25.5333,0.8,1,0.0,1.0,1.0,1.09861,24176.5
T11,S1055,9,2,71.0,71.0,28000.0,0.0,47,27.587,0.8,1,0.0,1.0,1.0,1.09861,3800.0
T11,S1056,19,2,127.0,127.0,261679.0,0.0,48,28.5106,0.8,1,0.0,1.0,1.0,1.09861,27167.9
T11,S1057,11,2,62.0,62.0,41420.0,0.0,49,30.5625,0.8,1,0.0,1.0,1.0,1.09861,5142.0
T11,S1058,13,3,53.0,53.0,115894.0,0.0,50,31.2041,0.7,1,0.0,1.5,1.0,1.38629,13089.4
T11,S1059,12,2,43.0,43.0,14475.0,0.0,51,31.64,0.8,1,0.0,1.0,1.0,1.09861,2447.5
T11,S1060,20,2,111.0,111.0,119250.0,0.0,52,31.8627,0.8,1,0.0,1.0,1.0,1.09861,12925.0
T11,S1061,15,2,78.0,78.0,37819.0,480.0,53,33.3846,0.8,1,0.0,1.0,1.0,1.09861,4781.9
T11,S1062,11,2,47.0,47.0,171028.0,0.0,54,34.2264,0.8,1,0.0,1.0,1.0,1.09861,18102.8
T11,S1063,20,2,86.0,86.0,374984.0,90.0,55,34.463,0.8,1,0.0,1.0,1.0,1.09861,38498.4
T11,S1064,19,2,99.0,99.0,52775.0,0.0,56,35.4,0.8,1,0.0,1.0,1.0,1.09861,6277.5
T11,S1065,17,2,76.0,76.0,86569.0,15.0,57,36.5357,0.8,1,0.0,1.0,1.0,1.09861,9656.9
T11,S1067,18,2,80.0,80.0,41522.0,0.0,58,37.2281,0.8,1,0.0,1.0,1.0,1.09861,5152.2
T11,S1068,19,2,75.0,75.0,36882.0,240.0,59,37.9655,0.8,1,0.0,1.0,1.0,1.09861,4688.2
T11,S1070,29,3,122.0,122.0,580146.0,2640.0,61,37.9667,0.7,1,0.0,1.5,1.0,1.38629,59514.6
T11,S1071,15,1,51.0,51.0,28163.0,0.0,62,39.3443,0.9,0,0.0,0.5,1.0,0.693147,3316.3
T11,S1072,20,2,66.0,66.0,202263.0,1500.0,63,39.5323,0.8,1,0.0,1.0,1.0,1.09861,21226.3
T11,S1073,21,3,45.0,45.0,1640495.0,2290.0,64,39.9524,0.7,1,0.0,1.5,1.0,1.38629,165550.0
T11,S1075,4,2,0.0,0.0,123767.0,150.0,65,40.0312,0.8,1,0.0,1.0,0.0,1.09861,13376.7
T11,S1076,1,1,0.0,0.0,0.0,0.0,66,39.4154,0.9,0,0.0,0.5,0.0,0.693147,500.0
T15,S1077,2,1,3.0,3.0,37769.0,153.0,67,38.8182,0.9,0,0.0,0.5,1.0,0.693147,4276.9
T15,S1078,15,1,10.5,10.5,165045.0,175.0,68,38.2836,0.9,0,0.0,0.5,1.0,0.693147,17004.5
T15,S1079,3,2,9.0,9.0,52280.0,0.0,69,37.875,0.8,1,0.0,1.0,1.0,1.09861,6228.0
T15,S1080,5,1,6.0,6.0,22831.0,15.0,71,36.9357,0.9,0,0.0,0.5,1.0,0.693147,2783.1
T15,S1081,3,0,3.0,3.0,190544.0,35.0,72,36.5,1.0,0,0.0,0.0,1.0,0.0,19054.4
T15,S1082,4,1,10.0,10.0,18851.0,0.0,73,36.0347,0.9,0,0.0,0.5,1.0,0.693147,2385.1
T15,S1083,2,1,5.0,5.0,30306.0,0.0,74,35.6781,0.9,0,0.0,0.5,1.0,0.693147,3530.6
T15,S1085,1,1,1.0,1.0,11941.0,0.0,75,35.2635,0.9,0,0.0,0.5,1.0,0.693147,1694.1
T15,S1086,3,1,48.0,48.0,10239.0,0.0,76,34.8067,0.9,0,0.0,0.5,1.0,0.693147,1523.9
T15,S1087,1,1,1.0,1.0,133.0,0.0,77,34.9803,0.9,0,0.0,0.5,1.0,0.693147,513.3
T15,S1089,1,1,13.0,13.0,20358.0,0.0,78,34.539,0.9,0,0.0,0.5,1.0,0.693147,2535.8
T15,S1090,1,1,5.0,5.0,70504.0,0.0,80,33.8418,0.9,0,0.0,0.5,1.0,0.693147,7550.4
T15,S1091,3,1,14.0,14.0,141641.0,0.0,81,33.4813,0.9,0,0.0,0.5,1.0,0.693147,14664.1
T15,S1092,4,1,6.0,6.0,17725.0,0.0,82,33.2407,0.9,0,0.0,0.5,1.0,0.693147,2272.5
T15,S1093,4,1,14.0,14.0,93651.0,0.0,83,32.9085,0.9,0,0.0,0.5,1.0,0.693147,9865.1
T15,S1095,1,1,2.0,2.0,663.0,0.0,84,32.6807,0.9,0,0.0,0.5,1.0,0.693147,566.3
T15,S1096,5,1,8.0,8.0,43247.0,0.0,85,32.3155,0.9,0,0.0,0.5,1.0,0.693147,4824.7
T15,S1099,3,1,9.0,9.0,2675455.0,0.0,86,32.0294,0.9,0,0.0,0.5,1.0,0.693147,268046.0
T15,S1100,6,1,10.0,10.0,30710.0,0.0,88,32.5115,0.9,0,0.0,0.5,1.0,0.693147,3571.0
T15,S1101,1,1,1.0,1.0,0.0,0.0,89,32.2557,0.9,0,0.0,0.5,1.0,0.693147,500.0
T15,S1102,3,1,6.0,6.0,7108.0,0.0,90,31.9045,0.9,0,0.0,0.5,1.0,0.693147,1210.8
T15,S1103,1,1,3.0,3.0,67974.0,0.0,91,31.6167,0.9,0,0.0,0.5,1.0,0.693147,7297.4
T15,S1104,1,1,2.0,2.0,24456.0,0.0,92,31.3022,0.9,0,0.0,0.5,1.0,0.693147,2945.6
T15,S1105,1,0,2.0,2.0,21251.0,0.0,93,30.9837,1.0,0,0.0,0.0,1.0,0.0,2125.1
T15,S1106,4,1,10.0,10.0,136479.0,0.0,94,30.672,0.9,0,0.0,0.5,1.0,0.693147,14147.9
T15,S1107,2,1,6.0,6.0,24869.0,0.0,95,30.4521,0.9,0,0.0,0.5,1.0,0.693147,2986.9
T15,S1108,6,1,41.0,41.0,148421.0,0.0,96,30.1947,0.9,0,0.0,0.5,1.0,0.693147,15342.1
T15,S1109,6,2,11.0,11.0,37270.0,0.0,97,30.3073,0.8,1,0.0,1.0,1.0,1.09861,4727.0
T15,S1110,2,1,4.0,4.0,108024.0,0.0,98,30.1082,0.9,0,0.0,0.5,1.0,0.693147,11302.4
T15,S1112,8,1,57.0,57.0,225887.0,0.0,99,29.8418,0.9,0,0.0,0.5,1.0,0.693147,23088.7
T15,S1113,2,1,33.0,33.0,39330.0,0.0,100,30.1162,0.9,0,0.0,0.5,1.0,0.693147,4433.0
T15,S1115,10,2,192.0,192.0,226521.0,0.0,101,30.145,0.8,1,0.0,1.0,1.0,1.09861,23652.1
T15,S1116,8,1,18.0,18.0,158863.0,0.0,102,31.7475,0.9,0,0.0,0.5,1.0,0.693147,16386.3
T15,S1117,12,1,29.0,29.0,149353.0,0.0,103,31.6127,0.9,0,0.0,0.5,1.0,0.693147,15435.3
T15,S1120,2,1,5.0,5.0,1270996.0,0.0,104,31.5874,0.9,0,0.0,0.5,1.0,0.693147,127600.0
T15,S1121,16,1,21.0,21.0,314496.0,0.0,105,31.3317,0.9,0,0.0,0.5,1.0,0.693147,31949.6
T15,S1122,3,1,11.0,11.0,44906.0,0.0,106,31.2333,0.9,0,0.0,0.5,1.0,0.693147,4990.6
T15,S1123,10,2,16.0,16.0,2327207.0,0.0,107,31.0425,0.8,1,0.0,1.0,1.0,1.09861,233721.0
T16,S1125,5,2,9.0,9.0,40827.0,0.0,108,30.9019,0.8,1,0.0,1.0,1.0,1.09861,5082.7
T16,S1128,3,2,7.0,7.0,32811.0,0.0,109,30.6991,0.8,1,0.0,1.0,1.0,1.09861,4281.1
T16,S1129,6,2,10.0,10.0,29198.0,0.0,110,30.4817,0.8,1,0.0,1.0,1.0,1.09861,3919.8
T16,S1130,11,3,14.5,14.5,15820.0,0.0,112,30.0495,0.7,1,0.0,1.5,1.0,1.38629,3082.0
T16,S1131,7,3,9.5,9.5,31662.0,0.0,113,29.9107,0.7,1,0.0,1.5,1.0,1.38629,4666.2
T16,S1132,5,3,5.5,5.5,45174.0,0.0,114,29.7301,0.7,1,0.0,1.5,1.0,1.38629,6017.4
T16,S1133,10,4,18.0,15.0,65985.0,0.0,115,29.5175,0.6,1,1.5,2.0,0.833333,1.60944,8673.5
T16,S1134,2,1,4.0,4.0,19730.0,0.0,116,29.3913,0.9,0,0.0,0.5,1.0,0.693147,2473.0
T16,S1135,4,2,2.0,2.0,9514.0,0.0,117,29.1724,0.8,1,0.0,1.0,1.0,1.09861,1951.4
T16,S1136,1,1,5.0,5.0,0.0,0.0,118,28.9402,0.9,0,0.0,0.5,1.0,0.693147,500.0
T16,S1138,3,2,5.5,2.5,22452.0,0.0,119,28.7373,0.8,1,1.5,1.0,0.454545,1.09861,3320.2
T16,S1141,1,1,1.0,1.0,1332.0,0.0,120,28.5168,0.9,0,0.0,0.5,1.0,0.693147,633.2
T16,S1142,1,1,3.0,3.0,7127.0,0.0,121,28.2875,0.9,0,0.0,0.5,1.0,0.693147,1212.7
T16,S1143,1,1,1.0,1.0,18784.0,0.0,122,28.0785,0.9,0,0.0,0.5,1.0,0.693147,2378.4
T16,S1144,10,3,16.5,16.5,54443.0,39.0,123,27.8566,0.7,1,0.0,1.5,1.0,1.38629,6944.3
T16,S1145,3,2,4.0,4.0,16924.0,0.0,124,27.7642,0.8,1,0.0,1.0,1.0,1.09861,2692.4
T16,S1146,10,3,16.5,16.5,123658.0,0.0,125,27.5726,0.7,1,0.0,1.5,1.0,1.38629,13865.8
T16,S1147,4,2,6.0,6.0,21366.0,0.0,126,27.484,0.8,1,0.0,1.0,1.0,1.09861,3136.6
T16,S1148,4,2,6.0,6.0,17107.0,0.0,127,27.3135,0.8,1,0.0,1.0,1.0,1.09861,2710.7
T16,S1149,3,2,3.5,3.5,32914.0,0.0,128,27.1457,0.8,1,0.0,1.0,1.0,1.09861,4291.4
T16,S1150,2,1,3.0,3.0,11289.0,0.0,129,26.9609,0.9,0,0.0,0.5,1.0,0.693147,1628.9
T16,S1151,1,1,2.0,2.0,21884.0,0.0,130,26.7752,0.9,0,0.0,0.5,1.0,0.693147,2688.4
T16,S1152,8,2,8.5,8.5,29723.0,0.0,131,26.5846,0.8,1,0.0,1.0,1.0,1.09861,3972.3
T16,S1153,4,1,4.0,4.0,2454.0,0.0,132,26.4466,0.9,0,0.0,0.5,1.0,0.693147,745.4
T16,S1154,5,1,12.5,8.5,1862330.0,0.0,133,26.2765,0.9,0,2.0,0.5,0.68,0.693147,186833.0
T16,S1155,6,2,6.0,5.5,112885.0,0.0,134,26.1429,0.8,1,0.25,1.0,0.916667,1.09861,12301.0
T16,S1156,2,1,1.0,1.0,4644.0,0.0,135,25.9888,0.9,0,0.0,0.5,1.0,0.693147,964.4
T16,S1157,4,2,3.0,3.0,2160.0,0.0,136,25.8037,0.8,1,0.0,1.0,1.0,1.09861,1216.0
T16,S1158,2,1,0.0,0.0,2801.0,0.0,137,25.636,0.9,0,0.0,0.5,0.0,0.693147,780.1
T16,S1159,5,2,2.0,2.0,29652.0,0.0,138,25.4489,0.8,1,0.0,1.0,1.0,1.09861,3965.2
T16,S1160,5,2,3.0,3.0,30065.0,0.0,140,25.3849,0.8,1,0.0,1.0,1.0,1.09861,4006.5
T16,S1161,4,2,5.0,5.0,65995.0,0.0,141,25.225,0.8,1,0.0,1.0,1.0,1.09861,7599.5
T16,S1162,3,2,4.0,4.0,104708.0,0.0,142,25.0816,0.8,1,0.0,1.0,1.0,1.09861,11470.8
T16,S1163,1,1,0.0,0.0,1558.0,0.0,143,24.9331,0.9,0,0.0,0.5,0.0,0.693147,655.8
T16,S1164,4,2,0.0,0.0,300922.0,0.0,144,24.7587,0.8,1,0.0,1.0,0.0,1.09861,31092.2
T16,S1165,6,2,9.0,9.0,35509.0,124.0,145,24.5868,0.8,1,0.0,1.0,1.0,1.09861,4550.9
T16,S1166,4,2,11.0,5.0,660835.0,38.0,146,24.4793,0.8,1,3.0,1.0,0.454545,1.09861,67233.5
T17,S1169,1,0,0.0,0.0,0.0,5.0,147,24.3459,1.0,0,0.0,0.0,0.0,0.0,0.0
T17,S1171,1,1,0.5,0.5,0.0,75.0,149,24.2196,0.9,0,0.0,0.5,1.0,0.693147,500.0
T17,S1174,2,1,1.0,1.0,0.0,0.0,150,24.0604,0.9,0,0.0,0.5,1.0,0.693147,500.0
T17,S1176,2,1,0.0,0.0,76279.0,0.0,151,23.9067,0.9,0,0.0,0.5,0.0,0.693147,8127.9
T17,S1177,1,1,1.0,1.0,4221.0,34.0,152,23.7483,0.9,0,0.0,0.5,1.0,0.693147,922.1
T17,S1178,1,1,0.0,0.0,0.0,0.0,153,23.5987,0.9,0,0.0,0.5,0.0,0.693147,500.0
T17,S1179,4,1,0.0,0.0,0.0,0.0,154,23.4444,0.9,0,0.0,0.5,0.0,0.693147,500.0
T17,S1180,2,1,0.5,0.5,8763.0,62.0,156,23.1806,0.9,0,0.0,0.5,1.0,0.693147,1376.3
T17,S1181,4,3,1.25,1.25,45302.0,53.0,157,23.0353,0.7,1,0.0,1.5,1.0,1.38629,6030.2
T17,S1184,1,1,0.5,0.5,9959.0,38.0,158,22.8965,0.9,0,0.0,0.5,1.0,0.693147,1495.9
T17,S1185,3,1,0.25,0.25,0.0,0.0,159,22.7547,0.9,0,0.0,0.5,1.0,0.693147,500.0
T17,S1187,1,1,0.0,0.0,1216.0,0.0,160,22.6132,0.9,0,0.0,0.5,0.0,0.693147,621.6
T17,S1188,3,1,0.0,0.0,67919.0,0.0,161,22.4719,0.9,0,0.0,0.5,0.0,0.693147,7291.9
T17,S1191,1,1,0.0,0.0,3830.0,7.0,162,22.3323,0.9,0,0.0,0.5,0.0,0.693147,883.0
T17,S1192,1,1,1.0,1.0,168.0,0.0,163,22.1944,0.9,0,0.0,0.5,1.0,0.693147,516.8
T17,S1194,2,2,1.5,1.5,5968.0,0.0,164,22.0644,0.8,1,0.0,1.0,1.0,1.09861,1596.8
T17,S1195,2,0,5.0,3.0,0.0,0.0,165,21.939,1.0,0,1.0,0.0,0.6,0.0,50.0
T17,S1200,5,4,9.5,9.5,40940.0,0.0,168,22.3473,0.6,1,0.0,2.0,1.0,1.60944,6094.0
T17,S1204,2,2,1.5,1.5,18156.0,0.0,169,22.2708,0.8,1,0.0,1.0,1.0,1.09861,2815.6
T17,S1205,1,1,0.2,0.2,2809.0,0.0,170,22.1479,0.9,0,0.0,0.5,1.0,0.693147,780.9
T17,S1206,1,1,0.5,0.5,1436.0,0.0,171,22.0188,0.9,0,0.0,0.5,1.0,0.693147,643.6
T17,S1208,6,4,2.0,2.0,2205.0,0.0,172,21.893,0.6,1,0.0,2.0,1.0,1.60944,2220.5
T17,S1212,7,4,4.0,4.0,116394.0,126.0,173,21.7773,0.6,1,0.0,2.0,1.0,1.60944,13639.4
T17,S1214,1,1,2.0,2.0,15845.0,0.0,174,21.6746,0.9,0,0.0,0.5,1.0,0.693147,2084.5
T17,S1217,1,0,0.0,0.0,0.0,0.0,175,21.5615,1.0,0,0.0,0.0,0.0,0.0,0.0
T17,S1218,5,4,6.333333333000001,6.333333333000001,85877.0,37.0,176,21.4383,0.6,1,0.0,2.0,1.0,1.60944,10587.7
T17,S1219,1,1,0.5,0.5,8474.0,125.0,177,21.3525,0.9,0,0.0,0.5,1.0,0.693147,1347.4
T17,S1220,2,2,1.0,1.0,24810.0,0.0,178,21.2347,0.8,1,0.0,1.0,1.0,1.09861,3481.0
T17,S1221,1,1,0.0,0.0,20234.0,55.0,179,21.121,0.9,0,0.0,0.5,0.0,0.693147,2523.4
T17,S1223,1,1,1.0,1.0,74718.0,0.0,180,21.003,0.9,0,0.0,0.5,1.0,0.693147,7971.8
T17,S1224,4,2,4.5,4.5,50835.0,0.0,181,20.8919,0.8,1,0.0,1.0,1.0,1.09861,6083.5
T17,S1227,1,1,0.0,0.0,1676.0,0.0,182,20.8013,0.9,0,0.0,0.5,0.0,0.693147,667.6
T17,S1228,3,2,5.5,5.5,45252.0,0.0,183,20.687,0.8,1,0.0,1.0,1.0,1.09861,5525.2
T17,S1230,1,1,0.0,0.0,0.0,0.0,184,20.604,0.9,0,0.0,0.5,0.0,0.693147,500.0
T17,S1232,2,2,4.0,4.0,53366.0,0.0,185,20.492,0.8,1,0.0,1.0,1.0,1.09861,6336.6
T17,S1233,3,2,2.0,2.0,43352.0,414.0,186,20.4029,0.8,1,0.0,1.0,1.0,1.09861,5335.2
T17,S1234,2,2,10.0,10.0,20022.0,0.0,187,20.3039,0.8,1,0.0,1.0,1.0,1.09861,3002.2
T17,S1235,2,1,6.0,6.0,57494.0,125.0,188,20.2488,0.9,0,0.0,0.5,1.0,0.693147,6249.4
T17,S1238,1,1,2.0,2.0,0.0,0.0,189,20.173,0.9,0,0.0,0.5,1.0,0.693147,500.0
T17,S1239,1,1,0.0,0.0,0.0,0.0,190,20.0769,0.9,0,0.0,0.5,0.0,0.693147,500.0
T17,S1240,5,3,8.25,8.25,16748.0,21.0,191,19.9712,0.7,1,0.0,1.5,1.0,1.38629,3174.8
T17,S1241,1,1,1.0,1.0,16992.0,3.0,192,19.9099,0.9,0,0.0,0.5,1.0,0.693147,2199.2
T17,S1242,4,1,12.0,12.0,223765.0,99.0,193,19.8114,0.9,0,0.0,0.5,1.0,0.693147,22876.5
T17,S1243,2,1,0.0,0.0,8577.0,0.0,194,19.7709,0.9,0,0.0,0.5,0.0,0.693147,1357.7
T17,S1244,4,2,6.0,6.0,97414.0,3.0,195,19.669,0.8,1,0.0,1.0,1.0,1.09861,10741.4
T17,S1245,2,1,1.0,1.0,10196.0,4.0,196,19.5989,0.9,0,0.0,0.5,1.0,0.693147,1519.6
T17,S1246,1,1,2.0,2.0,80.0,0.0,197,19.504,0.9,0,0.0,0.5,1.0,0.693147,508.0
T17,S1248,1,1,1.0,1.0,4908.0,0.0,198,19.4151,0.9,0,0.0,0.5,1.0,0.693147,990.8
T17,S1254,2,1,4.0,4.0,8316.0,0.0,200,19.225,0.9,0,0.0,0.5,1.0,0.693147,1331.6
T17,S1259,4,1,4.5,4.5,29193.0,0.0,201,19.1489,0.9,0,0.0,0.5,1.0,0.693147,3419.3
T17,S1260,1,1,3.0,3.0,15985.0,0.0,202,19.076,0.9,0,0.0,0.5,1.0,0.693147,2098.5
T17,S1261,3,2,1.5,1.5,5084.0,0.0,203,18.9965,0.8,1,0.0,1.0,1.0,1.09861,1508.4
T17,S1262,1,1,0.0,0.0,56012.0,0.0,204,18.9103,0.9,0,0.0,0.5,0.0,0.693147,6101.2
T17,S1263,2,1,1.0,1.0,8316.0,53.0,205,18.8176,0.9,0,0.0,0.5,1.0,0.693147,1331.6
T17,S1267,6,3,14.5,14.5,163866.0,124.0,206,18.7306,0.7,1,0.0,1.5,1.0,1.38629,17886.6
T17,S1269,7,5,14.5,14.5,52611.0,63.0,207,18.7101,0.5,2,0.0,2.5,1.0,1.79176,7761.1
T17,S1271,1,1,3.0,3.0,8718.0,0.0,209,18.624,0.9,0,0.0,0.5,1.0,0.693147,1371.8
T17,S1272,1,1,1.0,1.0,1744169.0,0.0,210,18.5492,0.9,0,0.0,0.5,1.0,0.693147,174917.0
T19,S1278,1,1,2.0,2.0,0.0,0.0,211,18.4656,0.9,0,0.0,0.5,1.0,0.693147,500.0
T19,S1279,1,1,4.0,4.0,0.0,0.0,212,18.3876,0.9,0,0.0,0.5,1.0,0.693147,500.0
T19,S1280,1,1,4.0,0.0,0.0,0.0,214,18.2713,0.9,0,2.0,0.5,0.0,0.693147,600.0
T19,S1281,2,1,10.0,10.0,0.0,0.0,215,18.1859,0.9,0,0.0,0.5,1.0,0.693147,500.0
T19,S1282,1,1,4.0,4.0,0.0,0.0,216,18.1478,0.9,0,0.0,0.5,1.0,0.693147,500.0
T19,S1285,1,1,4.0,4.0,0.0,0.0,217,18.0823,0.9,0,0.0,0.5,1.0,0.693147,500.0
T19,S1286,1,1,0.0,0.0,0.0,0.0,218,18.0174,0.9,0,0.0,0.5,0.0,0.693147,500.0
T19,S1289,2,1,14.0,14.0,0.0,0.0,219,17.9348,0.9,0,0.0,0.5,1.0,0.693147,500.0
T19,S1291,1,1,4.0,4.0,0.0,0.0,220,17.9168,0.9,0,0.0,0.5,1.0,0.693147,500.0
T19,S1292,2,1,8.0,8.0,0.0,0.0,221,17.8536,0.9,0,0.0,0.5,1.0,0.693147,500.0
T19,S1293,3,2,16.0,16.0,0.0,0.0,222,17.809,0.8,1,0.0,1.0,1.0,1.09861,1000.0
T19,S1294,1,1,4.0,4.0,0.0,0.0,223,17.8008,0.9,0,0.0,0.5,1.0,0.693147,500.0
T19,S1296,1,1,8.0,8.0,0.0,0.0,224,17.7389,0.9,0,0.0,0.5,1.0,0.693147,500.0
T19,S1298,2,0,0.0,0.0,33388.0,0.0,225,17.6955,1.0,0,0.0,0.0,0.0,0.0,3338.8
T19,S1301,2,1,0.0,0.0,56275.0,0.0,227,17.8663,0.9,0,0.0,0.5,0.0,0.693147,6127.5
T19,S1305,1,0,0.0,0.0,282377.0,0.0,228,17.7876,1.0,0,0.0,0.0,0.0,0.0,28237.7
T19,S1308,2,0,0.0,0.0,1667.0,0.0,229,17.7096,1.0,0,0.0,0.0,0.0,0.0,166.7
T19,S1309,3,0,0.0,0.0,12931.0,0.0,230,17.6322,1.0,0,0.0,0.0,0.0,0.0,1293.1
T19,S1310,2,1,0.0,0.0,17.0,0.0,231,17.5556,0.9,0,0.0,0.5,0.0,0.693147,501.7
T19,S1311,60,1,17.0,17.0,650059.0,0.0,232,17.4796,0.9,0,0.0,0.5,1.0,0.693147,65505.9
T19,S1312,69,1,23.0,23.0,1292013.0,0.0,233,17.4775,0.9,0,0.0,0.5,1.0,0.693147,129701.0
T19,S1314,18,0,10.0,10.0,513934.0,0.0,234,17.5012,1.0,0,0.0,0.0,1.0,0.0,51393.4
T19,S1315,3,0,0.0,0.0,16716.0,0.0,235,17.4692,1.0,0,0.0,0.0,0.0,0.0,1671.6
T19,S1317,42,1,14.0,14.0,274342.0,0.0,236,17.3948,0.9,0,0.0,0.5,1.0,0.693147,27934.2
T19,S1318,2,1,3.0,3.0,161345.0,0.0,237,17.3804,0.9,0,0.0,0.5,1.0,0.693147,16634.5
T19,S1319,48,0,10.0,10.0,214406.0,0.0,238,17.3198,1.0,0,0.0,0.0,1.0,0.0,21440.6
T19,S1320,1,0,0.0,0.0,90991.0,0.0,240,17.2167,1.0,0,0.0,0.0,0.0,0.0,9099.1
T19,S1321,10,1,0.0,0.0,119625.0,0.0,241,17.1449,0.9,0,0.0,0.5,0.0,0.693147,12462.5
T19,S1322,49,0,29.0,29.0,323207.0,0.0,242,17.0738,1.0,0,0.0,0.0,1.0,0.0,32320.7
T19,S1323,1,0,0.0,0.0,38.0,0.0,243,17.1231,1.0,0,0.0,0.0,0.0,0.0,3.8
T19,S1324,34,0,23.0,23.0,111244.0,0.0,244,17.0526,1.0,0,0.0,0.0,1.0,0.0,11124.4
T19,S1325,14,0,7.0,7.0,75805.0,0.0,245,17.077,1.0,0,0.0,0.0,1.0,0.0,7580.5
T19,S1326,37,0,19.0,19.0,133144.0,0.0,246,17.0359,1.0,0,0.0,0.0,1.0,0.0,13314.4
T19,S1327,63,0,28.0,28.0,484715.0,0.0,247,17.0438,1.0,0,0.0,0.0,1.0,0.0,48471.5
T19,S1329,30,0,30.0,30.0,106062.0,0.0,248,17.0882,1.0,0,0.0,0.0,1.0,0.0,10606.2
T19,S1330,47,1,23.0,23.0,142310.0,0.0,250,17.0835,0.9,0,0.0,0.5,1.0,0.693147,14731.0
T19,S1331,49,0,33.0,33.0,222841.0,0.0,251,17.1071,1.0,0,0.0,0.0,1.0,0.0,22284.1
T19,S1333,43,0,29.0,29.0,123080.0,0.0,252,17.1705,1.0,0,0.0,0.0,1.0,0.0,12308.0
T19,S1334,26,1,17.0,17.0,101965.0,0.0,253,17.2174,0.9,0,0.0,0.5,1.0,0.693147,10696.5
T19,S1335,37,1,23.0,23.0,263071.0,0.0,254,17.2165,0.9,0,0.0,0.5,1.0,0.693147,26807.1
T19,S1336,33,0,25.0,25.0,107670.0,0.0,255,17.2393,1.0,0,0.0,0.0,1.0,0.0,10767.0
T19,S1337,25,0,42.0,42.0,177359.0,0.0,256,17.2697,1.0,0,0.0,0.0,1.0,0.0,17735.9
T19,S1338,16,0,14.0,14.0,154413.0,0.0,257,17.3663,1.0,0,0.0,0.0,1.0,0.0,15441.3
T19,S1339,20,0,5.0,5.0,53745.0,0.0,258,17.3532,1.0,0,0.0,0.0,1.0,0.0,5374.5
T19,S1340,17,0,27.0,27.0,115817.0,0.0,260,17.2579,1.0,0,0.0,0.0,1.0,0.0,11581.7
T19,S1341,7,0,2.0,2.0,26688.0,0.0,261,17.2953,1.0,0,0.0,0.0,1.0,0.0,2668.8
T19,S1342,21,0,45.0,45.0,198368.0,0.0,262,17.2367,1.0,0,0.0,0.0,1.0,0.0,19836.8
T19,S1343,17,0,37.0,37.0,108436.0,0.0,263,17.3427,1.0,0,0.0,0.0,1.0,0.0,10843.6
T19,S1344,24,0,75.0,75.0,109300.0,0.0,264,17.4174,1.0,0,0.0,0.0,1.0,0.0,10930.0
T19,S1345,12,0,38.0,38.0,53100.0,0.0,265,17.6355,1.0,0,0.0,0.0,1.0,0.0,5310.0
T19,S1346,15,0,36.0,36.0,67859.0,0.0,266,17.7124,1.0,0,0.0,0.0,1.0,0.0,6785.9
T19,S1347,16,0,63.0,63.0,143663.0,0.0,267,17.7811,1.0,0,0.0,0.0,1.0,0.0,14366.3
T19,S1348,2,0,13.0,13.0,12937.0,0.0,268,17.9505,1.0,0,0.0,0.0,1.0,0.0,1293.7
T19,S1349,8,0,40.0,40.0,51919.0,0.0,269,17.932,1.0,0,0.0,0.0,1.0,0.0,5191.9
T19,S1350,12,1,21.0,21.0,62554.0,0.0,270,18.0141,0.9,0,0.0,0.5,1.0,0.693147,6755.4
T19,S1351,10,0,9.0,9.0,192224.0,0.0,271,18.0251,1.0,0,0.0,0.0,1.0,0.0,19222.4
T20,S1352,2,2,4.0,4.0,23.0,0.0,272,17.9918,0.8,1,0.0,1.0,1.0,1.09861,1002.3
T20,S1353,2,1,1.0,1.0,0.0,0.0,273,17.9404,0.9,0,0.0,0.5,1.0,0.693147,500.0
T20,S1356,1,1,4.0,4.0,0.0,0.0,274,17.8783,0.9,0,0.0,0.5,1.0,0.693147,500.0
T20,S1360,1,1,4.0,4.0,0.0,0.0,276,17.7665,0.9,0,0.0,0.5,1.0,0.693147,500.0
T20,S1364,4,1,0.0,0.0,48409.0,0.0,277,17.7166,0.9,0,0.0,0.5,0.0,0.693147,5340.9
T20,S1365,2,0,0.0,0.0,33388.0,0.0,278,17.6526,1.0,0,0.0,0.0,0.0,0.0,3338.8
T20,S1368,2,1,0.0,0.0,56275.0,0.0,279,17.5891,0.9,0,0.0,0.5,0.0,0.693147,6127.5
T20,S1369,2,1,0.0,0.0,16948.0,0.0,280,17.5261,0.9,0,0.0,0.5,0.0,0.693147,2194.8
T20,S1371,2,1,0.0,0.0,11467.0,0.0,282,17.412,0.9,0,0.0,0.5,0.0,0.693147,1646.7
T20,S1372,1,0,0.0,0.0,3.0,0.0,283,17.3503,1.0,0,0.0,0.0,0.0,0.0,0.3
T20,S1373,2,0,0.0,0.0,19.0,0.0,284,17.289,1.0,0,0.0,0.0,0.0,0.0,1.9
T20,S1374,2,1,0.0,0.0,5403.0,0.0,285,17.2281,0.9,0,0.0,0.5,0.0,0.693147,1040.3
T20,S1376,1,0,0.0,0.0,1188.0,0.0,286,17.1677,1.0,0,0.0,0.0,0.0,0.0,118.8
T20,S1377,6,2,0.0,0.0,294147.0,0.0,287,17.1076,0.8,1,0.0,1.0,0.0,1.09861,30414.7
T20,S1378,2,0,0.0,0.0,1667.0,0.0,288,17.048,1.0,0,0.0,0.0,0.0,0.0,166.7
T20,S1379,4,0,0.0,0.0,16919.0,0.0,289,16.9888,1.0,0,0.0,0.0,0.0,0.0,1691.9
T20,S1380,3,1,0.0,0.0,9224.0,0.0,291,16.9234,0.9,0,0.0,0.5,0.0,0.693147,1422.4
T20,S1381,7,0,0.0,0.0,20596.0,0.0,292,16.8652,1.0,0,0.0,0.0,0.0,0.0,2059.6
T20,S1383,29,1,17.0,17.0,529478.0,0.0,293,16.8075,0.9,0,0.0,0.5,1.0,0.693147,53447.8
T20,S1384,2,0,0.0,0.0,2317.0,0.0,294,16.8081,1.0,0,0.0,0.0,0.0,0.0,231.7
T20,S1385,9,0,1.0,1.0,68334.0,0.0,295,16.751,1.0,0,0.0,0.0,1.0,0.0,6833.4
T20,S1387,16,0,14.0,14.0,155063.0,0.0,296,16.6976,1.0,0,0.0,0.0,1.0,0.0,15506.3
T20,S1388,33,2,32.0,32.0,778614.0,0.0,297,16.6885,0.8,1,0.0,1.0,1.0,1.09861,78861.4
T20,S1389,2,1,3.0,3.0,161345.0,0.0,298,16.74,0.9,0,0.0,0.5,1.0,0.693147,16634.5
T20,S1390,38,0,10.0,10.0,213365.0,0.0,299,16.6939,1.0,0,0.0,0.0,1.0,0.0,21336.5
T20,S1391,1,0,0.0,0.0,90991.0,0.0,300,16.6715,1.0,0,0.0,0.0,0.0,0.0,9099.1
T20,S1392,10,1,0.0,0.0,102049.0,0.0,301,16.6159,0.9,0,0.0,0.5,0.0,0.693147,10704.9
T20,S1393,32,0,19.0,19.0,154058.0,0.0,302,16.5607,1.0,0,0.0,0.0,1.0,0.0,15405.8
T20,S1394,1,0,0.0,0.0,38.0,0.0,303,16.5688,1.0,0,0.0,0.0,0.0,0.0,3.8
T20,S1395,11,0,17.0,17.0,101190.0,0.0,304,16.5141,1.0,0,0.0,0.0,1.0,0.0,10119.0
T20,S1396,34,1,23.0,23.0,163971.0,0.0,305,16.5157,0.9,0,0.0,0.5,1.0,0.693147,16897.1
T20,S1397,31,1,19.0,19.0,152666.0,0.0,306,16.537,0.9,0,0.0,0.5,1.0,0.693147,15766.6
T20,S1399,29,0,28.0,28.0,220919.0,0.0,307,16.545,1.0,0,0.0,0.0,1.0,0.0,22091.9
T20,S1400,42,0,30.0,30.0,115584.0,0.0,310,16.8504,1.0,0,0.0,0.0,1.0,0.0,11558.4
T20,S1401,31,1,23.0,23.0,158015.0,0.0,311,16.8928,0.9,0,0.0,0.5,1.0,0.693147,16301.5
T20,S1402,34,0,33.0,33.0,191951.0,0.0,312,16.9125,1.0,0,0.0,0.0,1.0,0.0,19195.1
T20,S1403,49,1,29.0,29.0,134448.0,0.0,313,16.964,0.9,0,0.0,0.5,1.0,0.693147,13944.8
T20,S1404,29,1,45.0,45.0,235614.0,0.0,314,17.0025,0.9,0,0.0,0.5,1.0,0.693147,24061.4
T20,S1405,44,1,16.0,16.0,69150.0,0.0,315,17.0917,0.9,0,0.0,0.5,1.0,0.693147,7415.0
T20,S1406,22,0,18.0,18.0,114488.0,0.0,316,17.0882,1.0,0,0.0,0.0,1.0,0.0,11448.8
T20,S1407,47,0,30.0,30.0,159584.0,0.0,317,17.0911,1.0,0,0.0,0.0,1.0,0.0,15958.4
T20,S1408,24,0,15.0,15.0,127136.0,0.0,318,17.1318,1.0,0,0.0,0.0,1.0,0.0,12713.6
T20,S1409,46,1,5.0,5.0,213484.0,0.0,319,17.1251,0.9,0,0.0,0.5,1.0,0.693147,21848.4
T20,S1410,31,1,34.0,34.0,100363.0,0.0,321,17.0399,0.9,0,0.0,0.5,1.0,0.693147,10536.3
T20,S1411,38,3,35.0,35.0,533161.0,0.0,322,17.0928,0.7,1,0.0,1.5,1.0,1.38629,54816.1
T20,S1412,10,0,2.0,2.0,60732.0,0.0,323,17.1484,1.0,0,0.0,0.0,1.0,0.0,6073.2
T20,S1413,19,0,37.0,37.0,108563.0,0.0,324,17.1015,1.0,0,0.0,0.0,1.0,0.0,10856.3
T20,S1414,39,0,65.0,65.0,121836.0,0.0,325,17.1629,1.0,0,0.0,0.0,1.0,0.0,12183.6
T20,S1415,24,0,38.0,38.0,66889.0,0.0,326,17.3101,1.0,0,0.0,0.0,1.0,0.0,6688.9
T20,S1416,25,0,41.0,41.0,80019.0,0.0,327,17.3736,1.0,0,0.0,0.0,1.0,0.0,8001.9
T20,S1417,20,1,68.0,68.0,158766.0,0.0,328,17.4458,0.9,0,0.0,0.5,1.0,0.693147,16376.6
T20,S1418,16,0,18.0,18.0,25021.0,0.0,329,17.5999,1.0,0,0.0,0.0,1.0,0.0,2502.1
T20,S1419,12,0,42.0,42.0,60695.0,0.0,330,17.6012,1.0,0,0.0,0.0,1.0,0.0,6069.5
T20,S1420,19,1,23.0,23.0,94332.0,0.0,332,17.6398,0.9,0,0.0,0.5,1.0,0.693147,9933.2
T20,S1421,16,0,9.0,9.0,226463.0,0.0,333,17.656,1.0,0,0.0,0.0,1.0,0.0,22646.3
T18,S1422,7,2,9.0,9.0,0.0,0.0,334,17.63,0.8,1,0.0,1.0,1.0,1.09861,1000.0
T18,S1423,3,2,10.0,6.0,30200.0,0.0,335,17.6041,0.8,1,2.0,1.0,0.6,1.09861,4120.0
T18,S1424,3,3,17.0,17.0,34343.0,0.0,336,17.5695,0.7,1,0.0,1.5,1.0,1.38629,4934.3
T18,S1425,1,1,8.0,8.0,0.0,0.0,337,17.5678,0.9,0,0.0,0.5,1.0,0.693147,500.0
T18,S1426,8,3,32.0,22.0,0.0,0.0,338,17.5394,0.7,1,5.0,1.5,0.6875,1.38629,1750.0
T18,S1427,2,2,12.0,12.0,26784.0,0.0,339,17.5526,0.8,1,0.0,1.0,1.0,1.09861,3678.4
T18,S1428,4,4,20.0,20.0,70660.0,0.0,340,17.5362,0.6,1,0.0,2.0,1.0,1.60944,9066.0
T18,S1429,12,7,40.0,32.0,132689.0,0.0,341,17.5435,0.3,2,4.0,3.5,0.8,2.07944,16968.9
T18,S1430,1,1,4.0,4.0,1120.0,0.0,343,17.5491,0.9,0,0.0,0.5,1.0,0.693147,612.0
T18,S1431,1,1,2.0,2.0,0.0,0.0,344,17.5096,0.9,0,0.0,0.5,1.0,0.693147,500.0
T18,S1432,8,7,30.0,22.0,0.0,0.0,345,17.4645,0.3,2,4.0,3.5,0.733333,2.07944,3700.0
T18,S1433,5,4,18.0,18.0,20095.0,0.0,346,17.4776,0.6,1,0.0,2.0,1.0,1.60944,4009.5
T18,S1434,3,3,12.0,12.0,0.0,0.0,347,17.4791,0.7,1,0.0,1.5,1.0,1.38629,1500.0
T18,S1435,12,6,40.0,40.0,130663.0,0.0,348,17.4634,0.4,2,0.0,3.0,1.0,1.94591,16066.3
T18,S1436,6,4,24.0,24.0,404064.0,0.0,349,17.5281,0.6,1,0.0,2.0,1.0,1.60944,42406.4
T18,S1437,1,1,6.0,6.0,0.0,0.0,350,17.5467,0.9,0,0.0,0.5,1.0,0.693147,500.0
T18,S1438,1,1,8.0,8.0,257924.0,0.0,351,17.5137,0.9,0,0.0,0.5,1.0,0.693147,26292.4
T18,S1439,6,3,20.0,20.0,1572.0,0.0,352,17.4866,0.7,1,0.0,1.5,1.0,1.38629,1657.2
T18,S1440,2,2,8.0,8.0,0.0,0.0,354,17.4668,0.8,1,0.0,1.0,1.0,1.09861,1000.0
T18,S1442,3,3,12.0,12.0,0.0,0.0,355,17.4401,0.7,1,0.0,1.5,1.0,1.38629,1500.0
T18,S1443,9,5,38.0,38.0,1390.0,0.0,356,17.4247,0.5,2,0.0,2.5,1.0,1.79176,2639.0
T18,S1444,6,4,28.0,28.0,1468376.0,0.0,357,17.4825,0.6,1,0.0,2.0,1.0,1.60944,148838.0
T18,S1445,3,3,14.0,14.0,13.0,0.0,358,17.512,0.7,1,0.0,1.5,1.0,1.38629,1501.3
T18,S1446,1,1,4.0,4.0,70621.0,0.0,359,17.5022,0.9,0,0.0,0.5,1.0,0.693147,7562.1
T18,S1448,8,6,32.0,32.0,33027.0,0.0,360,17.4646,0.4,2,0.0,3.0,1.0,1.94591,6302.7
T18,S1449,8,4,30.0,30.0,5.0,0.0,361,17.505,0.6,1,0.0,2.0,1.0,1.60944,2000.5
T18,S1450,8,3,30.0,30.0,5021.0,0.0,362,17.5396,0.7,1,0.0,1.5,1.0,1.38629,2002.1
T18,S1451,2,1,12.0,12.0,0.0,0.0,363,17.574,0.9,0,0.0,0.5,1.0,0.693147,500.0
T18,S1452,9,6,40.0,40.0,51951.0,0.0,364,17.5586,0.4,2,0.0,3.0,1.0,1.94591,8195.1
T18,S1453,4,4,16.0,16.0,67897.0,0.0,365,17.6203,0.6,1,0.0,2.0,1.0,1.60944,8789.7
T18,S1454,13,7,42.0,40.0,95642.0,0.0,366,17.6158,0.3,2,1.0,3.5,0.952381,2.07944,13114.2
T18,S1456,9,5,32.0,32.0,80492.0,0.0,367,17.677,0.5,2,0.0,2.5,1.0,1.79176,10549.2
T18,S1457,9,4,30.0,30.0,5787.0,0.0,368,17.716,0.6,1,0.0,2.0,1.0,1.60944,2578.7
T18,S1458,6,3,22.0,22.0,35883.0,0.0,369,17.7494,0.7,1,0.0,1.5,1.0,1.38629,5088.3
T18,S1459,9,5,28.0,28.0,11545.0,0.0,370,17.7609,0.5,2,0.0,2.5,1.0,1.79176,3654.5
T18,S1460,12,4,44.0,44.0,1527.0,0.0,372,17.7434,0.6,1,0.0,2.0,1.0,1.60944,2152.7
T18,S1461,14,7,50.0,50.0,0.0,0.0,373,17.8139,0.3,2,0.0,3.5,1.0,2.07944,3500.0
T18,S1462,11,5,40.0,32.0,947.0,0.0,374,17.9002,0.5,2,4.0,2.5,0.8,1.79176,2794.7
T18,S1463,7,4,30.0,30.0,250424.0,0.0,375,17.9379,0.6,1,0.0,2.0,1.0,1.60944,27042.4
T18,S1465,3,1,3.0,3.0,89913.0,0.0,376,17.9701,0.9,0,0.0,0.5,1.0,0.693147,9491.3
T18,S1466,6,3,18.0,18.0,1132714.0,0.0,377,17.9303,0.7,1,0.0,1.5,1.0,1.38629,114771.0
T18,S1467,2,2,10.0,10.0,937591.0,0.0,378,17.9305,0.8,1,0.0,1.0,1.0,1.09861,94759.1
T18,S1468,3,3,13.0,11.0,170148.0,0.0,379,17.9095,0.7,1,1.0,1.5,0.846154,1.38629,18564.8
T18,S1469,2,2,13.0,13.0,798889.0,0.0,380,17.8912,0.8,1,0.0,1.0,1.0,1.09861,80888.9
T18,S1470,6,0,0.0,0.0,86355.0,0.0,382,17.8393,1.0,0,0.0,0.0,0.0,0.0,8635.5
T18,S1471,4,0,0.0,0.0,0.0,0.0,383,17.7926,1.0,0,0.0,0.0,0.0,0.0,0.0
T14,S1472,12,2,0.0,0.0,510508.0,0.0,384,17.7462,0.8,1,0.0,1.0,0.0,1.09861,52050.8
T14,S1473,1,1,0.0,0.0,1206.0,0.0,385,17.7,0.9,0,0.0,0.5,0.0,0.693147,620.6
T14,S1474,2,0,0.0,0.0,3021.0,0.0,386,17.654,1.0,0,0.0,0.0,0.0,0.0,302.1
T14,S1475,1,0,0.0,0.0,60208.0,0.0,387,17.6082,1.0,0,0.0,0.0,0.0,0.0,6020.8
T14,S1476,1,1,0.0,0.0,59007.0,0.0,388,17.5627,0.9,0,0.0,0.5,0.0,0.693147,6400.7
T14,S1477,3,0,0.0,0.0,85304.0,0.0,389,17.5175,1.0,0,0.0,0.0,0.0,0.0,8530.4
T14,S1478,3,1,0.0,0.0,840249.0,0.0,390,17.4725,0.9,0,0.0,0.5,0.0,0.693147,84524.9
T14,S1480,12,2,0.0,0.0,219651.0,0.0,392,17.4138,0.8,1,0.0,1.0,0.0,1.09861,22965.1
T14,S1481,3,0,0.0,0.0,1018355.0,0.0,393,17.3693,1.0,0,0.0,0.0,0.0,0.0,101836.0
T14,S1482,2,0,0.0,0.0,100405.0,0.0,394,17.3251,1.0,0,0.0,0.0,0.0,0.0,10040.5
T14,S1483,2,0,0.0,0.0,96335.0,0.0,395,17.2812,1.0,0,0.0,0.0,0.0,0.0,9633.5
T14,S1484,9,1,3.0,3.0,1684928.0,0.0,396,17.2374,0.9,0,0.0,0.5,1.0,0.693147,168993.0
T14,S1485,1,1,0.0,0.0,41495.0,0.0,397,17.2015,0.9,0,0.0,0.5,0.0,0.693147,4649.5
T21,S1486,2,0,0.0,0.0,0.0,0.0,398,17.1581,1.0,0,0.0,0.0,0.0,0.0,0.0
T21,S1493,3,1,1.0,0.0,11458.0,0.0,399,17.115,0.9,0,0.5,0.5,0.0,0.693147,1670.8
T21,S1496,3,1,1.0,1.0,45895.0,0.0,400,17.0721,0.9,0,0.0,0.5,1.0,0.693147,5089.5
T21,S1497,1,0,3.0,0.0,0.0,0.0,401,17.032,1.0,0,1.5,0.0,0.0,0.0,75.0
T21,S1498,1,1,0.0,0.0,12967.0,0.0,402,16.9895,0.9,0,0.0,0.5,0.0,0.693147,1796.7
T21,S1499,1,1,0.0,0.0,9813.0,0.0,403,16.9472,0.9,0,0.0,0.5,0.0,0.693147,1481.3
T21,S1500,2,1,0.0,0.0,42138.0,0.0,406,16.9822,0.9,0,0.0,0.5,0.0,0.693147,4713.8
T21,S1501,1,1,0.0,0.0,1160.0,0.0,407,16.9404,0.9,0,0.0,0.5,0.0,0.693147,616.0
T21,S1503,2,2,10.0,5.0,57678.0,0.0,408,16.8987,0.8,1,2.5,1.0,0.5,1.09861,6892.8
T21,S1514,1,1,0.0,0.0,12248.0,0.0,410,16.8405,0.9,0,0.0,0.5,0.0,0.693147,1724.8
T21,S1515,6,3,2.0,1.0,11337.0,0.0,411,16.7995,0.7,1,0.5,1.5,0.5,1.38629,2658.7
T21,S1516,1,1,0.0,0.0,12798.0,0.0,412,16.761,0.9,0,0.0,0.5,0.0,0.693147,1779.8
T21,S1518,1,1,3.0,3.0,0.0,0.0,413,16.7203,0.9,0,0.0,0.5,1.0,0.693147,500.0
T21,S1524,1,1,0.0,0.0,23.0,0.0,415,16.6541,0.9,0,0.0,0.5,0.0,0.693147,502.3
T21,S1525,4,2,16.0,16.0,142388.0,0.0,416,16.6139,0.8,1,0.0,1.0,1.0,1.09861,15238.8
T21,S1526,2,1,5.0,5.0,274494.0,0.0,417,16.6125,0.9,0,0.0,0.5,1.0,0.693147,27949.4
T21,S1528,1,1,3.0,3.0,0.0,0.0,418,16.5846,0.9,0,0.0,0.5,1.0,0.693147,500.0
T21,S1529,3,1,0.0,0.0,1431.0,0.0,419,16.5521,0.9,0,0.0,0.5,0.0,0.693147,643.1
T21,S1531,5,3,7.0,2.0,62075.0,0.0,421,16.4852,0.7,1,2.5,1.5,0.285714,1.38629,7832.5
T21,S1532,9,4,0.0,0.0,50373.0,0.0,422,16.4508,0.6,1,0.0,2.0,0.0,1.60944,7037.3
T21,S1533,1,1,0.0,0.0,202482.0,0.0,423,16.4118,0.9,0,0.0,0.5,0.0,0.693147,20748.2
T21,S1535,2,1,7.0,0.0,23175.0,0.0,424,16.373,0.9,0,3.5,0.5,0.0,0.693147,2992.5
T21,S1539,2,2,2.0,2.0,54369.0,0.0,425,16.3344,0.8,1,0.0,1.0,1.0,1.09861,6436.9
T21,S1540,2,2,0.0,0.0,8395.0,0.0,427,16.2788,0.8,1,0.0,1.0,0.0,1.09861,1839.5
T21,S1541,1,1,3.0,3.0,4452.0,0.0,428,16.2407,0.9,0,0.0,0.5,1.0,0.693147,945.2
T21,S1542,9,4,23.0,20.0,245251.0,0.0,429,16.2098,0.6,1,1.5,2.0,0.869565,1.60944,26600.1
T21,S1553,1,1,0.0,0.0,129661.0,0.0,431,16.1879,0.9,0,0.0,0.5,0.0,0.693147,13466.1
T21,S1555,4,2,0.0,0.0,10622.0,0.0,432,16.1503,0.8,1,0.0,1.0,0.0,1.09861,2062.2
T21,S1556,7,1,2.0,2.0,204104.0,0.0,433,16.1129,0.9,0,0.0,0.5,1.0,0.693147,20910.4
T21,S1557,2,1,4.0,4.0,51083.0,0.0,434,16.0803,0.9,0,0.0,0.5,1.0,0.693147,5608.3
T21,S1558,3,1,9.0,4.0,247727.0,0.0,435,16.0525,0.9,0,2.5,0.5,0.444444,0.693147,25397.7
T21,S1562,3,1,0.0,0.0,9840.0,0.0,436,16.0248,0.9,0,0.0,0.5,0.0,0.693147,1484.0
T21,S1566,3,1,0.0,0.0,64925.0,0.0,437,15.988,0.9,0,0.0,0.5,0.0,0.693147,6992.5
T21,S1567,6,1,0.0,0.0,109402.0,0.0,438,15.9514,0.9,0,0.0,0.5,0.0,0.693147,11440.2
T21,S1568,2,1,0.0,0.0,61547.0,0.0,439,15.915,0.9,0,0.0,0.5,0.0,0.693147,6654.7
T21,S1569,4,2,0.0,0.0,91874.0,0.0,440,15.8788,0.8,1,0.0,1.0,0.0,1.09861,10187.4
T21,S1570,10,1,0.0,0.0,356501.0,0.0,442,15.8192,0.9,0,0.0,0.5,0.0,0.693147,36150.1
T21,S1571,4,2,0.0,0.0,21569.0,0.0,443,15.7834,0.8,1,0.0,1.0,0.0,1.09861,3156.9
T21,S1572,1,1,0.0,0.0,62.0,0.0,444,15.7478,0.9,0,0.0,0.5,0.0,0.693147,506.2
T21,S1573,11,4,0.0,0.0,94225.0,0.0,445,15.7123,0.6,1,0.0,2.0,0.0,1.60944,11422.5
T21,S1574,2,2,0.0,0.0,0.0,0.0,446,15.677,0.8,1,0.0,1.0,0.0,1.09861,1000.0
T21,S1575,3,3,0.0,0.0,29275.0,0.0,447,15.6419,0.7,1,0.0,1.5,0.0,1.38629,4427.5
T21,S1576,2,2,0.0,0.0,5811.0,0.0,448,15.6069,0.8,1,0.0,1.0,0.0,1.09861,1581.1
T21,S1577,6,2,0.0,0.0,16171.0,0.0,449,15.5721,0.8,1,0.0,1.0,0.0,1.09861,2617.1
T21,S1578,20,5,2.0,2.0,567657.0,0.0,450,15.5374,0.5,2,0.0,2.5,1.0,1.79176,59265.7
T21,S1579,5,1,0.0,0.0,34200.0,0.0,451,15.5073,0.9,0,0.0,0.5,0.0,0.693147,3920.0
T21,S1580,2,1,0.0,0.0,1555.0,0.0,453,15.4564,0.9,0,0.0,0.5,0.0,0.693147,655.5
T21,S1581,3,2,0.0,0.0,40306.0,0.0,454,15.4223,0.8,1,0.0,1.0,0.0,1.09861,5030.6
T21,S1582,9,2,0.0,0.0,64349.0,0.0,455,15.3883,0.8,1,0.0,1.0,0.0,1.09861,7434.9
T21,S1583,1,1,0.0,0.0,175.0,0.0,456,15.3545,0.9,0,0.0,0.5,0.0,0.693147,517.5
T21,S1584,8,3,0.0,0.0,563201.0,0.0,457,15.3208,0.7,1,0.0,1.5,0.0,1.38629,57820.1
T21,S1585,3,1,0.0,0.0,35611.0,0.0,458,15.2873,0.9,0,0.0,0.5,0.0,0.693147,4061.1
T21,S1586,2,1,0.0,0.0,15521.0,0.0,459,15.2539,0.9,0,0.0,0.5,0.0,0.693147,2052.1
T21,S1587,4,2,0.0,0.0,722654.0,0.0,460,15.2207,0.8,1,0.0,1.0,0.0,1.09861,73265.4
T21,S1588,7,2,0.0,0.0,39315.0,0.0,461,15.1876,0.8,1,0.0,1.0,0.0,1.09861,4931.5
T21,S1589,1,1,0.0,0.0,3012.0,0.0,462,15.1546,0.9,0,0.0,0.5,0.0,0.693147,801.2
T21,S1590,3,1,3.0,3.0,120009.0,0.0,464,15.141,0.9,0,0.0,0.5,1.0,0.693147,12500.9
T21,S1591,4,1,0.0,0.0,5731.0,0.0,465,15.1148,0.9,0,0.0,0.5,0.0,0.693147,1073.1
T21,S1593,2,0,0.0,0.0,0.0,0.0,466,15.0823,1.0,0,0.0,0.0,0.0,0.0,0.0
T21,S1594,4,1,0.0,0.0,17436.0,0.0,467,15.05,0.9,0,0.0,0.5,0.0,0.693147,2243.6
T21,S1595,14,2,0.0,0.0,297721.0,0.0,468,15.0177,0.8,1,0.0,1.0,0.0,1.09861,30772.1
T21,S1597,6,2,0.0,0.0,94933.0,0.0,469,14.9856,0.8,1,0.0,1.0,0.0,1.09861,10493.3
T21,S1598,2,2,0.0,0.0,141.0,0.0,470,14.9537,0.8,1,0.0,1.0,0.0,1.09861,1014.1
T21,S1599,9,4,0.0,0.0,43015.0,0.0,471,14.9219,0.6,1,0.0,2.0,0.0,1.60944,6301.5
T21,S1600,3,1,0.0,0.0,90335.0,0.0,474,14.9795,0.9,0,0.0,0.5,0.0,0.693147,9533.5
T21,S1601,6,2,0.0,0.0,78907.0,0.0,475,14.9479,0.8,1,0.0,1.0,0.0,1.09861,8890.7
T21,S1602,12,4,0.0,0.0,368954.0,0.0,476,14.9164,0.6,1,0.0,2.0,0.0,1.60944,38895.4
T21,S1603,3,1,0.0,0.0,10171.0,0.0,477,14.885,0.9,0,0.0,0.5,0.0,0.693147,1517.1
T21,S1604,6,3,0.0,0.0,150393.0,0.0,478,14.8538,0.7,1,0.0,1.5,0.0,1.38629,16539.3
T21,S1605,5,2,0.0,0.0,8461.0,0.0,479,14.8228,0.8,1,0.0,1.0,0.0,1.09861,1846.1
T21,S1606,1,0,0.0,0.0,1608.0,0.0,480,14.7918,1.0,0,0.0,0.0,0.0,0.0,160.8
T21,S1607,5,2,0.0,0.0,99240.0,0.0,481,14.761,0.8,1,0.0,1.0,0.0,1.09861,10924.0
T21,S1608,7,2,0.0,0.0,120652.0,0.0,482,14.7303,0.8,1,0.0,1.0,0.0,1.09861,13065.2
T21,S1609,8,2,0.0,0.0,168888.0,0.0,483,14.6998,0.8,1,0.0,1.0,0.0,1.09861,17888.8
T21,S1610,6,2,3.0,3.0,71910.0,0.0,485,14.6648,0.8,1,0.0,1.0,1.0,1.09861,8191.0
T21,S1611,4,2,0.0,0.0,33822.0,0.0,486,14.6408,0.8,1,0.0,1.0,0.0,1.09861,4382.2
T21,S1612,3,1,0.0,0.0,95427.0,0.0,487,14.6107,0.9,0,0.0,0.5,0.0,0.693147,10042.7
T21,S1613,2,2,0.0,0.0,2499.0,0.0,488,14.5807,0.8,1,0.0,1.0,0.0,1.09861,1249.9
T21,S1615,3,1,0.0,0.0,58486.0,0.0,489,14.5508,0.9,0,0.0,0.5,0.0,0.693147,6348.6
T21,S1616,3,1,0.0,0.0,54103.0,0.0,490,14.521,0.9,0,0.0,0.5,0.0,0.693147,5910.3
T21,S1617,1,0,0.0,0.0,0.0,0.0,491,14.4914,1.0,0,0.0,0.0,0.0,0.0,0.0
T21,S1618,1,0,0.0,0.0,0.0,0.0,492,14.4619,1.0,0,0.0,0.0,0.0,0.0,0.0
T21,S1620,3,1,0.0,0.0,79379.0,0.0,494,14.4073,0.9,0,0.0,0.5,0.0,0.693147,8437.9
T21,S1621,1,0,0.0,0.0,0.0,0.0,495,14.3781,1.0,0,0.0,0.0,0.0,0.0,0.0
T21,S1622,3,2,2.0,2.0,18678.0,0.0,496,14.3491,0.8,1,0.0,1.0,1.0,1.09861,2867.8
T21,S1623,4,1,2.0,2.0,16213.0,0.0,497,14.3242,0.9,0,0.0,0.5,1.0,0.693147,2121.3
T21,S1625,6,3,0.0,0.0,43034.0,0.0,498,14.2994,0.7,1,0.0,1.5,0.0,1.38629,5803.4
T21,S1626,3,2,0.0,0.0,119541.0,0.0,499,14.2706,0.8,1,0.0,1.0,0.0,1.09861,12954.1
T21,S1628,1,0,1.0,1.0,9820.0,0.0,500,14.2421,1.0,0,0.0,0.0,1.0,0.0,982.0
T21,S1629,2,2,0.0,0.0,16029.0,0.0,501,14.2156,0.8,1,0.0,1.0,0.0,1.09861,2602.9
T21,S1636,2,1,0.0,0.0,17034.0,0.0,503,14.1928,0.9,0,0.0,0.5,0.0,0.693147,2203.4
T21,S1637,1,1,0.0,0.0,8823.0,0.0,504,14.1646,0.9,0,0.0,0.5,0.0,0.693147,1382.3
T21,S1639,2,2,0.0,0.0,244.0,0.0,505,14.1365,0.8,1,0.0,1.0,0.0,1.09861,1024.4
T21,S1643,1,1,0.0,0.0,50732.0,0.0,507,14.0826,0.9,0,0.0,0.5,0.0,0.693147,5573.2
T21,S1648,1,1,0.0,0.0,49816.0,0.0,508,14.0548,0.9,0,0.0,0.5,0.0,0.693147,5481.6
T21,S1649,1,1,0.0,0.0,21458.0,0.0,509,14.0271,0.9,0,0.0,0.5,0.0,0.693147,2645.8
T21,S1650,1,1,2.0,2.0,58823.0,0.0,510,13.9996,0.9,0,0.0,0.5,1.0,0.693147,6382.3
T21,S1651,1,1,0.0,0.0,7113.0,0.0,511,13.976,0.9,0,0.0,0.5,0.0,0.693147,1211.3
T21,S1655,2,2,3.0,3.0,10257.0,0.0,512,13.9487,0.8,1,0.0,1.0,1.0,1.09861,2025.7
T21,S1656,1,1,0.0,0.0,20362.0,0.0,513,13.9273,0.9,0,0.0,0.5,0.0,0.693147,2536.2
T21,S1657,1,0,2.0,2.0,12965.0,0.0,514,13.9002,1.0,0,0.0,0.0,1.0,0.0,1296.5
T21,S1659,4,3,5.0,5.0,1623917.0,0.0,515,13.877,0.7,1,0.0,1.5,1.0,1.38629,163892.0
T21,S1660,2,2,0.0,0.0,179855.0,0.0,517,13.8571,0.8,1,0.0,1.0,0.0,1.09861,18985.5
T21,S1662,1,1,0.0,0.0,109384.0,0.0,518,13.8303,0.9,0,0.0,0.5,0.0,0.693147,11438.4
T21,S1665,1,1,0.0,0.0,6261.0,0.0,519,13.8036,0.9,0,0.0,0.5,0.0,0.693147,1126.1
T21,S1666,1,0,0.0,0.0,0.0,0.0,520,13.777,1.0,0,0.0,0.0,0.0,0.0,0.0
T21,S1668,1,1,0.0,0.0,0.0,0.0,521,13.7505,0.9,0,0.0,0.5,0.0,0.693147,500.0
T21,S1669,1,1,1.0,1.0,8865.0,0.0,522,13.7242,0.9,0,0.0,0.5,1.0,0.693147,1386.5
T21,S1673,1,1,0.0,0.0,23455.0,0.0,524,13.6956,0.9,0,0.0,0.5,0.0,0.693147,2845.5
T21,S1677,1,1,0.0,0.0,0.0,0.0,525,13.6694,0.9,0,0.0,0.5,0.0,0.693147,500.0
T21,S1678,2,1,0.0,0.0,21.0,0.0,526,13.6434,0.9,0,0.0,0.5,0.0,0.693147,502.1
T21,S1679,2,2,0.0,0.0,1964.0,0.0,527,13.6175,0.8,1,0.0,1.0,0.0,1.09861,1196.4
T21,S1680,1,1,0.0,0.0,10332.0,0.0,529,13.5791,0.9,0,0.0,0.5,0.0,0.693147,1533.2
T21,S1685,1,1,0.0,0.0,0.0,0.0,530,13.5535,0.9,0,0.0,0.5,0.0,0.693147,500.0
T21,S1693,2,1,0.0,0.0,10043.0,0.0,532,13.5231,0.9,0,0.0,0.5,0.0,0.693147,1504.3
T21,S1703,1,1,0.0,0.0,0.0,0.0,535,13.6588,0.9,0,0.0,0.5,0.0,0.693147,500.0
T21,S1705,1,0,1.0,1.0,0.0,0.0,536,13.6332,1.0,0,0.0,0.0,1.0,0.0,0.0
T21,S1706,1,1,1.0,1.0,19038.0,0.0,537,13.6097,0.9,0,0.0,0.5,1.0,0.693147,2403.8
T21,S1713,1,1,0.0,0.0,14403.0,0.0,539,13.5832,0.9,0,0.0,0.5,0.0,0.693147,1940.3
T21,S1717,3,2,18.0,18.0,200975.0,55.0,540,13.558,0.8,1,0.0,1.0,1.0,1.09861,21097.5
T21,S1719,1,1,0.0,0.0,17129.0,0.0,541,13.5663,0.9,0,0.0,0.5,0.0,0.693147,2212.9
T21,S1720,1,1,3.0,3.0,48911.0,0.0,543,13.5411,0.9,0,0.0,0.5,1.0,0.693147,5391.1
T21,S1721,4,3,0.0,0.0,14401.0,0.0,544,13.5217,0.7,1,0.0,1.5,0.0,1.38629,2940.1
T21,S1723,1,1,5.0,5.0,10091.0,0.0,545,13.4968,0.9,0,0.0,0.5,1.0,0.693147,1509.1
T21,S1728,1,1,2.0,2.0,13259.0,0.0,546,13.4813,0.9,0,0.0,0.5,1.0,0.693147,1825.9
T21,S1729,2,2,0.0,0.0,154683.0,0.0,547,13.4602,0.8,1,0.0,1.0,0.0,1.09861,16468.3
T21,S1731,1,0,3.0,3.0,1135.0,0.0,548,13.4356,1.0,0,0.0,0.0,1.0,0.0,113.5
T21,S1740,2,1,4.0,4.0,0.0,0.0,550,13.3994,0.9,0,0.0,0.5,1.0,0.693147,500.0
T21,S1741,2,2,0.0,0.0,0.0,0.0,551,13.3823,0.8,1,0.0,1.0,0.0,1.09861,1000.0
T21,S1742,1,1,0.0,0.0,0.0,0.0,552,13.358,0.9,0,0.0,0.5,0.0,0.693147,500.0
T21,S1743,2,1,8.0,8.0,0.0,0.0,553,13.3338,0.9,0,0.0,0.5,1.0,0.693147,500.0
T21,S1744,3,1,0.0,0.0,0.0,0.0,554,13.3242,0.9,0,0.0,0.5,0.0,0.693147,500.0
T21,S1745,8,2,0.0,0.0,0.0,0.0,555,13.3002,0.8,1,0.0,1.0,0.0,1.09861,1000.0
T21,S1746,1,1,1.0,1.0,0.0,0.0,556,13.2762,0.9,0,0.0,0.5,1.0,0.693147,500.0
T21,S1748,22,3,0.0,0.0,0.0,0.0,557,13.2541,0.7,1,0.0,1.5,0.0,1.38629,1500.0
T21,S1749,30,2,0.0,0.0,0.0,0.0,558,13.2303,0.8,1,0.0,1.0,0.0,1.09861,1000.0
T21,S1750,10,3,0.0,0.0,0.0,0.0,560,13.1883,0.7,1,0.0,1.5,0.0,1.38629,1500.0
T21,S1751,13,2,0.0,0.0,0.0,0.0,561,13.1648,0.8,1,0.0,1.0,0.0,1.09861,1000.0
T21,S1752,19,2,0.0,0.0,0.0,0.0,562,13.1413,0.8,1,0.0,1.0,0.0,1.09861,1000.0
T21,S1753,17,2,0.0,0.0,0.0,0.0,563,13.1179,0.8,1,0.0,1.0,0.0,1.09861,1000.0
T21,S1754,30,5,0.0,0.0,0.0,0.0,564,13.0946,0.5,2,0.0,2.5,0.0,1.79176,2500.0
T21,S1755,11,2,0.0,0.0,0.0,0.0,565,13.0714,0.8,1,0.0,1.0,0.0,1.09861,1000.0
T21,S1756,15,2,0.0,0.0,0.0,0.0,566,13.0483,0.8,1,0.0,1.0,0.0,1.09861,1000.0
T21,S1757,22,4,0.0,0.0,0.0,0.0,567,13.0252,0.6,1,0.0,2.0,0.0,1.60944,2000.0
T21,S1758,16,2,0.0,0.0,0.0,0.0,568,13.0023,0.8,1,0.0,1.0,0.0,1.09861,1000.0
T21,S1759,10,2,0.0,0.0,0.0,0.0,569,12.9794,0.8,1,0.0,1.0,0.0,1.09861,1000.0
T21,S1760,4,2,0.0,0.0,0.0,0.0,571,12.9365,0.8,1,0.0,1.0,0.0,1.09861,1000.0
T21,S1761,50,6,0.0,0.0,0.0,0.0,572,12.9138,0.4,2,0.0,3.0,0.0,1.94591,3000.0
T21,S1762,11,3,0.0,0.0,0.0,0.0,573,12.8912,0.7,1,0.0,1.5,0.0,1.38629,1500.0
T21,S1763,11,4,0.0,0.0,0.0,0.0,574,12.8687,0.6,1,0.0,2.0,0.0,1.60944,2000.0
T21,S1764,1,1,3.0,3.0,0.0,0.0,575,12.8463,0.9,0,0.0,0.5,1.0,0.693147,500.0
T21,S1765,1,1,0.0,0.0,0.0,0.0,576,12.8292,0.9,0,0.0,0.5,0.0,0.693147,500.0
T21,S1766,10,3,0.0,0.0,0.0,0.0,577,12.8069,0.7,1,0.0,1.5,0.0,1.38629,1500.0
T21,S1767,10,3,0.0,0.0,0.0,0.0,578,12.7847,0.7,1,0.0,1.5,0.0,1.38629,1500.0
T21,S1768,14,2,0.0,0.0,0.0,0.0,579,12.7626,0.8,1,0.0,1.0,0.0,1.09861,1000.0
T21,S1769,6,2,0.0,0.0,0.0,0.0,580,12.7406,0.8,1,0.0,1.0,0.0,1.09861,1000.0
T21,S1770,5,2,0.0,0.0,0.0,0.0,581,12.7186,0.8,1,0.0,1.0,0.0,1.09861,1000.0
T21,S1771,3,2,0.0,0.0,0.0,0.0,582,12.6967,0.8,1,0.0,1.0,0.0,1.09861,1000.0
T21,S1772,9,4,0.0,0.0,0.0,0.0,583,12.6749,0.6,1,0.0,2.0,0.0,1.60944,2000.0
T21,S1773,10,2,0.0,0.0,0.0,0.0,584,12.6531,0.8,1,0.0,1.0,0.0,1.09861,1000.0
T21,S1774,27,4,0.0,0.0,0.0,0.0,585,12.6315,0.6,1,0.0,2.0,0.0,1.60944,2000.0
T21,S1775,2,2,0.0,0.0,0.0,0.0,586,12.6099,0.8,1,0.0,1.0,0.0,1.09861,1000.0
T21,S1777,7,3,0.0,0.0,0.0,0.0,587,12.5884,0.7,1,0.0,1.5,0.0,1.38629,1500.0
T21,S1778,6,1,0.0,0.0,0.0,0.0,588,12.5669,0.9,0,0.0,0.5,0.0,0.693147,500.0
T21,S1780,3,2,0.0,0.0,0.0,0.0,590,12.5523,0.8,1,0.0,1.0,0.0,1.09861,1000.0
T21,S1782,3,2,0.0,0.0,0.0,0.0,591,12.531,0.8,1,0.0,1.0,0.0,1.09861,1000.0
T21,S1783,3,1,0.0,0.0,0.0,0.0,592,12.5098,0.9,0,0.0,0.5,0.0,0.693147,500.0
T21,S1784,4,2,3.0,3.0,0.0,0.0,593,12.4887,0.8,1,0.0,1.0,1.0,1.09861,1000.0
T21,S1785,14,4,0.0,0.0,0.0,0.0,594,12.4727,0.6,1,0.0,2.0,0.0,1.60944,2000.0
T21,S1786,2,2,0.0,0.0,0.0,0.0,595,12.4517,0.8,1,0.0,1.0,0.0,1.09861,1000.0
T21,S1787,3,1,0.0,0.0,0.0,0.0,596,12.4307,0.9,0,0.0,0.5,0.0,0.693147,500.0
T21,S1788,8,2,0.0,0.0,0.0,0.0,597,12.4099,0.8,1,0.0,1.0,0.0,1.09861,1000.0
T21,S1789,1,1,0.0,0.0,0.0,0.0,598,12.3891,0.9,0,0.0,0.5,0.0,0.693147,500.0
T21,S1790,2,2,0.0,0.0,0.0,0.0,600,12.3569,0.8,1,0.0,1.0,0.0,1.09861,1000.0
T21,S1791,1,1,0.0,0.0,0.0,0.0,601,12.3363,0.9,0,0.0,0.5,0.0,0.693147,500.0
T21,S1792,1,1,0.0,0.0,0.0,0.0,602,12.3158,0.9,0,0.0,0.5,0.0,0.693147,500.0
T21,S1793,3,1,0.0,0.0,0.0,0.0,603,12.2953,0.9,0,0.0,0.5,0.0,0.693147,500.0
T21,S1794,1,1,0.0,0.0,0.0,0.0,604,12.2749,0.9,0,0.0,0.5,0.0,0.693147,500.0
T21,S1796,1,1,0.0,0.0,0.0,0.0,605,12.2546,0.9,0,0.0,0.5,0.0,0.693147,500.0
T21,S1797,7,3,0.0,0.0,0.0,0.0,606,12.2344,0.7,1,0.0,1.5,0.0,1.38629,1500.0
T21,S1798,1,1,0.0,0.0,0.0,0.0,607,12.2142,0.9,0,0.0,0.5,0.0,0.693147,500.0
T21,S1799,3,0,0.0,0.0,0.0,0.0,608,12.194,1.0,0,0.0,0.0,0.0,0.0,0.0
T21,S1800,1,1,0.0,0.0,0.0,0.0,611,12.4562,0.9,0,0.0,0.5,0.0,0.693147,500.0
T21,S1805,1,1,5.0,5.0,0.0,0.0,612,12.4358,0.9,0,0.0,0.5,1.0,0.693147,500.0
T21,S1808,3,2,6.0,6.0,99565.0,0.0,613,12.4237,0.8,1,0.0,1.0,1.0,1.09861,10956.5
T21,S1811,1,1,0.0,0.0,0.0,0.0,615,12.4036,0.9,0,0.0,0.5,0.0,0.693147,500.0
T21,S1812,1,1,0.0,0.0,0.0,0.0,616,12.3834,0.9,0,0.0,0.5,0.0,0.693147,500.0
T21,S1813,1,1,0.0,0.0,0.0,0.0,617,12.3633,0.9,0,0.0,0.5,0.0,0.693147,500.0
T21,S1814,3,3,11.0,11.0,0.0,0.0,618,12.3432,0.7,1,0.0,1.5,1.0,1.38629,1500.0
T21,S1815,1,1,3.0,3.0,0.0,0.0,619,12.3411,0.9,0,0.0,0.5,1.0,0.693147,500.0
T21,S1817,1,1,5.0,5.0,0.0,0.0,620,12.326,0.9,0,0.0,0.5,1.0,0.693147,500.0
T21,S1818,1,1,0.0,0.0,0.0,0.0,621,12.3142,0.9,0,0.0,0.5,0.0,0.693147,500.0
T21,S1821,1,0,3.0,3.0,0.0,0.0,622,12.2943,1.0,0,0.0,0.0,1.0,0.0,0.0
T21,S1823,1,1,0.0,0.0,0.0,0.0,623,12.2794,0.9,0,0.0,0.5,0.0,0.693147,500.0
T21,S1830,1,1,8.0,8.0,0.0,0.0,625,12.2553,0.9,0,0.0,0.5,1.0,0.693147,500.0
T21,S1832,2,1,0.0,0.0,0.0,0.0,626,12.2485,0.9,0,0.0,0.5,0.0,0.693147,500.0
T21,S1839,1,1,0.0,0.0,0.0,0.0,627,12.2289,0.9,0,0.0,0.5,0.0,0.693147,500.0
T21,S1841,10,3,0.0,0.0,0.0,0.0,629,12.2091,0.7,1,0.0,1.5,0.0,1.38629,1500.0
T21,S1845,1,0,0.0,0.0,0.0,0.0,630,12.1896,1.0,0,0.0,0.0,0.0,0.0,0.0
T21,S1851,1,1,5.0,5.0,0.0,0.0,631,12.1703,0.9,0,0.0,0.5,1.0,0.693147,500.0
T21,S1854,1,1,0.0,0.0,0.0,0.0,632,12.1589,0.9,0,0.0,0.5,0.0,0.693147,500.0
T21,S1858,1,1,0.0,0.0,0.0,0.0,633,12.1397,0.9,0,0.0,0.5,0.0,0.693147,500.0
T21,S1860,3,2,0.0,0.0,0.0,0.0,634,12.1205,0.8,1,0.0,1.0,0.0,1.09861,1000.0
T21,S1862,1,1,0.0,0.0,0.0,0.0,635,12.1014,0.9,0,0.0,0.5,0.0,0.693147,500.0
T21,S1876,3,2,0.0,0.0,0.0,0.0,637,12.0673,0.8,1,0.0,1.0,0.0,1.09861,1000.0
T21,S1881,2,2,8.0,8.0,0.0,0.0,639,12.0326,0.8,1,0.0,1.0,1.0,1.09861,1000.0
T21,S1883,1,1,0.0,0.0,0.0,0.0,640,12.0263,0.9,0,0.0,0.5,0.0,0.693147,500.0
T21,S1887,2,1,3.0,3.0,0.0,0.0,641,12.0075,0.9,0,0.0,0.5,1.0,0.693147,500.0
T21,S1889,1,1,0.0,0.0,0.0,0.0,642,11.9934,0.9,0,0.0,0.5,0.0,0.693147,500.0
T21,S1890,1,1,3.0,3.0,0.0,0.0,644,11.9577,0.9,0,0.0,0.5,1.0,0.693147,500.0
T21,S1892,1,1,0.0,0.0,0.0,0.0,645,11.9438,0.9,0,0.0,0.5,0.0,0.693147,500.0
T21,S1895,2,1,0.0,0.0,0.0,0.0,646,11.9252,0.9,0,0.0,0.5,0.0,0.693147,500.0
T21,S1897,1,1,2.0,2.0,0.0,0.0,647,11.9068,0.9,0,0.0,0.5,1.0,0.693147,500.0
T21,S1898,5,2,0.0,0.0,0.0,0.0,648,11.8915,0.8,1,0.0,1.0,0.0,1.09861,1000.0
T21,S1903,1,1,0.5,0.5,0.0,0.0,651,11.9689,0.9,0,0.0,0.5,1.0,0.693147,500.0
T21,S1905,1,1,0.0,0.0,0.0,0.0,652,11.9513,0.9,0,0.0,0.5,0.0,0.693147,500.0
T21,S1907,1,1,0.0,0.0,0.0,0.0,653,11.933,0.9,0,0.0,0.5,0.0,0.693147,500.0
T21,S1911,2,2,13.0,13.0,0.0,0.0,654,11.9147,0.8,1,0.0,1.0,1.0,1.09861,1000.0
T21,S1914,2,2,0.0,0.0,0.0,0.0,655,11.9163,0.8,1,0.0,1.0,0.0,1.09861,1000.0
T21,S1915,4,2,5.0,5.0,0.0,0.0,656,11.8981,0.8,1,0.0,1.0,1.0,1.09861,1000.0
T21,S1920,1,1,0.0,0.0,0.0,0.0,658,11.8733,0.9,0,0.0,0.5,0.0,0.693147,500.0
T21,S1924,3,2,0.0,0.0,0.0,0.0,659,11.8553,0.8,1,0.0,1.0,0.0,1.09861,1000.0
T21,S1926,1,1,0.0,0.0,0.0,0.0,660,11.8373,0.9,0,0.0,0.5,0.0,0.693147,500.0
T21,S1927,1,1,1.0,1.0,0.0,0.0,661,11.8194,0.9,0,0.0,0.5,1.0,0.693147,500.0
T21,S1929,3,1,0.0,0.0,0.0,0.0,662,11.803,0.9,0,0.0,0.5,0.0,0.693147,500.0
T21,S1932,2,2,0.0,0.0,0.0,0.0,664,11.7689,0.8,1,0.0,1.0,0.0,1.09861,1000.0
T21,S1934,2,2,0.0,0.0,0.0,0.0,665,11.7512,0.8,1,0.0,1.0,0.0,1.09861,1000.0
T21,S1939,1,0,0.0,0.0,0.0,0.0,666,11.7335,1.0,0,0.0,0.0,0.0,0.0,0.0
T21,S1945,1,1,0.0,0.0,0.0,0.0,667,11.7159,0.9,0,0.0,0.5,0.0,0.693147,500.0
T21,S1946,1,1,0.0,0.0,0.0,0.0,668,11.6983,0.9,0,0.0,0.5,0.0,0.693147,500.0
T21,S1947,2,1,0.0,0.0,0.0,0.0,669,11.6808,0.9,0,0.0,0.5,0.0,0.693147,500.0
T21,S1948,1,1,0.0,0.0,0.0,0.0,670,11.6634,0.9,0,0.0,0.5,0.0,0.693147,500.0
T22,S1963,8,5,15.0,10.0,82891.0,60.0,673,11.6299,0.5,2,2.5,2.5,0.666667,1.79176,10914.1
T22,S1964,22,6,44.0,38.0,1799689.0,0.0,674,11.6275,0.4,2,3.0,3.0,0.863636,1.94591,183119.0
T22,S1965,13,5,26.0,23.0,188820.0,0.0,675,11.6666,0.5,2,1.5,2.5,0.884615,1.79176,21457.0
T22,S1966,7,5,17.0,17.0,1441232.0,0.0,676,11.6834,0.5,2,0.0,2.5,1.0,1.79176,146623.0
T22,S1967,3,1,0.0,0.0,223417.0,0.0,677,11.6912,0.9,0,0.0,0.5,0.0,0.693147,22841.7
T22,S1968,1,1,0.0,0.0,0.0,0.0,678,11.674,0.9,0,0.0,0.5,0.0,0.693147,500.0
T22,S1969,1,1,3.0,3.0,0.0,0.0,679,11.6568,0.9,0,0.0,0.5,1.0,0.693147,500.0
T22,S1970,4,3,10.0,10.0,122887.0,0.0,681,11.6372,0.7,1,0.0,1.5,1.0,1.38629,13788.7
T22,S1971,11,5,18.0,18.0,253983.0,0.0,682,11.6348,0.5,2,0.0,2.5,1.0,1.79176,27898.3
T22,S1973,1,1,0.0,0.0,0.0,0.0,683,11.6441,0.9,0,0.0,0.5,0.0,0.693147,500.0
T22,S1974,5,3,11.0,9.0,103678.0,0.0,684,11.6271,0.7,1,1.0,1.5,0.818182,1.38629,11917.8
T22,S1976,4,2,12.0,12.0,60853.0,0.0,685,11.6232,0.8,1,0.0,1.0,1.0,1.09861,7085.3
T22,S1977,3,2,11.0,11.0,162531.0,0.0,686,11.6238,0.8,1,0.0,1.0,1.0,1.09861,17253.1
T22,S1978,5,3,0.0,0.0,1.0,0.0,687,11.6229,0.7,1,0.0,1.5,0.0,1.38629,1500.1
T22,S1979,3,3,5.0,5.0,143226.0,0.0,688,11.6059,0.7,1,0.0,1.5,1.0,1.38629,15822.6
T22,S1980,4,1,10.0,10.0,168793.0,0.0,690,11.5824,0.9,0,0.0,0.5,1.0,0.693147,17379.3
T22,S1982,7,5,7.0,7.0,422340.0,0.0,691,11.5801,0.5,2,0.0,2.5,1.0,1.79176,44734.0
T22,S1983,3,3,8.0,8.0,130895.0,0.0,692,11.5735,0.7,1,0.0,1.5,1.0,1.38629,14589.5
T22,S1985,1,1,2.0,2.0,267984.0,0.0,693,11.5683,0.9,0,0.0,0.5,1.0,0.693147,27298.4
T22,S1986,4,1,7.0,7.0,92199.0,0.0,694,11.5545,0.9,0,0.0,0.5,1.0,0.693147,9719.9
T22,S1987,3,2,15.0,15.0,395803.0,0.0,695,11.548,0.8,1,0.0,1.0,1.0,1.09861,40580.3
T22,S1988,2,1,2.0,2.0,10344.0,0.0,696,11.5529,0.9,0,0.0,0.5,1.0,0.693147,1534.4
T22,S1990,1,1,3.0,3.0,59174.0,0.0,697,11.5392,0.9,0,0.0,0.5,1.0,0.693147,6417.4
T22,S1992,1,1,3.0,3.0,102447.0,0.0,698,11.5269,0.9,0,0.0,0.5,1.0,0.693147,10744.7
T22,S1993,4,2,7.0,7.0,284636.0,0.0,699,11.5147,0.8,1,0.0,1.0,1.0,1.09861,29463.6
T22,S1994,8,2,10.0,10.0,299206.0,0.0,700,11.5083,0.8,1,0.0,1.0,1.0,1.09861,30920.6
T22,S1995,3,1,3.0,0.0,16144.0,0.0,701,11.5061,0.9,0,1.5,0.5,0.0,0.693147,2189.4
T22,S1997,1,1,0.0,0.0,81661.0,0.0,702,11.4897,0.9,0,0.0,0.5,0.0,0.693147,8666.1
T22,S1998,2,2,1.0,1.0,311.0,0.0,703,11.4733,0.8,1,0.0,1.0,1.0,1.09861,1031.1
T22,S2001,1,1,2.0,2.0,36998.0,0.0,707,11.5691,0.9,0,0.0,0.5,1.0,0.693147,4199.8
T22,S2002,1,1,3.0,3.0,22848.0,0.0,708,11.5556,0.9,0,0.0,0.5,1.0,0.693147,2784.8
T22,S2005,1,1,0.0,0.0,20038.0,0.0,709,11.5435,0.9,0,0.0,0.5,0.0,0.693147,2503.8
T22,S2008,1,1,0.0,0.0,507.0,0.0,710,11.5272,0.9,0,0.0,0.5,0.0,0.693147,550.7
T22,S2011,1,1,0.0,0.0,200268.0,0.0,712,11.4976,0.9,0,0.0,0.5,0.0,0.693147,20526.8
T22,S2012,2,2,5.0,5.0,45888.0,0.0,713,11.4814,0.8,1,0.0,1.0,1.0,1.09861,5588.8
T22,S2013,1,1,3.0,3.0,11625.0,0.0,714,11.4723,0.9,0,0.0,0.5,1.0,0.693147,1662.5
T22,S2015,1,1,3.0,3.0,85033.0,0.0,715,11.4605,0.9,0,0.0,0.5,1.0,0.693147,9003.3
T22,S2018,7,5,22.0,22.0,152625.0,0.0,716,11.4486,0.5,2,0.0,2.5,1.0,1.79176,17762.5
T22,S2019,4,4,8.0,8.0,43409.0,0.0,717,11.4634,0.6,1,0.0,2.0,1.0,1.60944,6340.9
T22,S2021,2,1,6.0,6.0,108287.0,0.0,719,11.4516,0.9,0,0.0,0.5,1.0,0.693147,11328.7
T22,S2022,5,2,6.0,3.0,463856.0,0.0,720,11.4441,0.8,1,1.5,1.0,0.5,1.09861,47460.6
T22,S2024,2,2,0.0,0.0,465148.0,0.0,721,11.4323,0.8,1,0.0,1.0,0.0,1.09861,47514.8
T22,S2025,2,1,3.0,3.0,67649.0,0.0,722,11.4165,0.9,0,0.0,0.5,1.0,0.693147,7264.9
T22,S2027,2,2,8.0,3.0,444870.0,0.0,723,11.4048,0.8,1,2.5,1.0,0.375,1.09861,45612.0
T22,S2028,1,0,0.0,0.0,0.0,0.0,724,11.3932,1.0,0,0.0,0.0,0.0,0.0,0.0
T22,S2029,1,0,0.0,0.0,0.0,0.0,725,11.3775,1.0,0,0.0,0.0,0.0,0.0,0.0
T22,S2030,4,0,9.0,0.0,0.0,0.0,727,11.3489,1.0,0,4.5,0.0,0.0,0.0,225.0
T22,S2031,1,1,0.0,0.0,61.0,0.0,728,11.3333,0.9,0,0.0,0.5,0.0,0.693147,506.1
T22,S2033,1,1,0.0,0.0,0.0,0.0,729,11.3177,0.9,0,0.0,0.5,0.0,0.693147,500.0
T22,S2035,4,3,0.0,0.0,243783.0,0.0,730,11.3022,0.7,1,0.0,1.5,0.0,1.38629,25878.3
T22,S2036,2,1,4.0,4.0,83739.0,0.0,731,11.2867,0.9,0,0.0,0.5,1.0,0.693147,8873.9
T22,S2038,3,2,10.0,10.0,474957.0,0.0,732,11.2767,0.8,1,0.0,1.0,1.0,1.09861,48495.7
T22,S2039,2,2,0.0,0.0,1292606.0,0.0,733,11.275,0.8,1,0.0,1.0,0.0,1.09861,130261.0
T22,S2043,1,0,0.0,0.0,0.0,0.0,735,11.2463,1.0,0,0.0,0.0,0.0,0.0,0.0
T22,S2046,9,2,0.0,0.0,384850.0,0.0,736,11.231,0.8,1,0.0,1.0,0.0,1.09861,39485.0
T22,S2048,2,1,0.0,0.0,69521.0,0.0,737,11.2157,0.9,0,0.0,0.5,0.0,0.693147,7452.1
T22,S2049,1,1,0.0,0.0,300639.0,0.0,738,11.2005,0.9,0,0.0,0.5,0.0,0.693147,30563.9
T22,S2051,1,1,0.0,0.0,0.0,0.0,740,11.181,0.9,0,0.0,0.5,0.0,0.693147,500.0
T22,S2052,1,1,0.0,0.0,19118.0,0.0,741,11.1659,0.9,0,0.0,0.5,0.0,0.693147,2411.8
T22,S2054,2,1,4.0,4.0,60260.0,0.0,742,11.1509,0.9,0,0.0,0.5,1.0,0.693147,6526.0
T22,S2055,2,1,13.0,13.0,1520.0,0.0,743,11.1412,0.9,0,0.0,0.5,1.0,0.693147,652.0
T22,S2056,1,1,0.0,0.0,294848.0,0.0,744,11.1437,0.9,0,0.0,0.5,0.0,0.693147,29984.8
T22,S2057,1,0,5.0,0.0,87636.0,0.0,745,11.1287,1.0,0,2.5,0.0,0.0,0.0,8888.6
T22,S2059,1,1,0.0,0.0,306633.0,0.0,746,11.1138,0.9,0,0.0,0.5,0.0,0.693147,31163.3
T22,S2061,1,1,2.0,2.0,15675.0,0.0,748,11.0934,0.9,0,0.0,0.5,1.0,0.693147,2067.5
T22,S2062,3,2,0.0,0.0,536036.0,0.0,749,11.0813,0.8,1,0.0,1.0,0.0,1.09861,54603.6
T22,S2065,1,1,1.0,1.0,33220.0,0.0,750,11.0665,0.9,0,0.0,0.5,1.0,0.693147,3822.0
T22,S2066,1,1,3.0,3.0,149960.0,0.0,751,11.053,0.9,0,0.0,0.5,1.0,0.693147,15496.0
T22,S2069,1,1,3.0,3.0,2705.0,0.0,752,11.0423,0.9,0,0.0,0.5,1.0,0.693147,770.5
T22,S2071,2,1,7.0,7.0,697879.0,0.0,754,11.0183,0.9,0,0.0,0.5,1.0,0.693147,70287.9
T22,S2072,1,1,0.0,0.0,8685.0,0.0,755,11.013,0.9,0,0.0,0.5,0.0,0.693147,1368.5
T22,S2073,2,2,6.0,6.0,807479.0,0.0,756,10.9984,0.8,1,0.0,1.0,1.0,1.09861,81747.9
T22,S2074,4,3,14.0,11.0,1528953.0,0.0,757,10.9918,0.7,1,1.5,1.5,0.785714,1.38629,154470.0
T22,S2077,1,1,0.0,0.0,8583.0,0.0,758,10.9918,0.9,0,0.0,0.5,0.0,0.693147,1358.3
T22,S2078,1,1,0.0,0.0,0.0,0.0,759,10.9773,0.9,0,0.0,0.5,0.0,0.693147,500.0
T22,S2079,2,2,5.0,5.0,131120.0,0.0,760,10.9628,0.8,1,0.0,1.0,1.0,1.09861,14112.0
T22,S2080,3,1,8.0,0.0,18540.0,0.0,762,10.9452,0.9,0,4.0,0.5,0.0,0.693147,2554.0
T22,S2083,1,1,0.0,0.0,251.0,0.0,763,10.9308,0.9,0,0.0,0.5,0.0,0.693147,525.1
T22,S2084,3,3,8.0,8.0,176333.0,0.0,764,10.9165,0.7,1,0.0,1.5,1.0,1.38629,19133.3
T22,S2085,2,1,0.0,0.0,129750.0,0.0,765,10.9127,0.9,0,0.0,0.5,0.0,0.693147,13475.0
T22,S2086,2,2,3.0,3.0,34799.0,0.0,766,10.8984,0.8,1,0.0,1.0,1.0,1.09861,4479.9
T22,S2088,11,3,6.0,6.0,226776.0,0.0,767,10.8881,0.7,1,0.0,1.5,1.0,1.38629,24177.6
T22,S2089,3,2,5.0,4.0,253434.0,0.0,768,10.8817,0.8,1,0.5,1.0,0.8,1.09861,26368.4
T22,S2090,1,1,0.0,0.0,0.0,0.0,770,10.8619,0.9,0,0.0,0.5,0.0,0.693147,500.0
T22,S2091,1,1,3.0,3.0,47241.0,0.0,771,10.8478,0.9,0,0.0,0.5,1.0,0.693147,5224.1
T22,S2092,1,1,1.0,1.0,0.0,0.0,772,10.8376,0.9,0,0.0,0.5,1.0,0.693147,500.0
T22,S2095,2,2,0.0,0.0,156521.0,0.0,773,10.8248,0.8,1,0.0,1.0,0.0,1.09861,16652.1
T22,S2096,3,3,18.0,18.0,235555.0,0.0,774,10.8108,0.7,1,0.0,1.5,1.0,1.38629,25055.5
T22,S2097,3,1,3.0,3.0,22201.0,0.0,775,10.8201,0.9,0,0.0,0.5,1.0,0.693147,2720.1
T22,S2098,2,2,8.0,8.0,20016.0,0.0,776,10.81,0.8,1,0.0,1.0,1.0,1.09861,3001.6
T22,S2099,1,1,3.0,3.0,70632.0,0.0,777,10.8064,0.9,0,0.0,0.5,1.0,0.693147,7563.2
T22,S2101,1,1,0.0,0.0,120572.0,0.0,780,10.9214,0.9,0,0.0,0.5,0.0,0.693147,12557.2
T22,S2103,2,2,5.0,5.0,80879.0,0.0,781,10.9074,0.8,1,0.0,1.0,1.0,1.09861,9087.9
T22,S2105,1,1,2.0,2.0,246891.0,0.0,782,10.8999,0.9,0,0.0,0.5,1.0,0.693147,25189.1
T22,S2106,1,1,2.0,2.0,0.0,0.0,783,10.8885,0.9,0,0.0,0.5,1.0,0.693147,500.0
T22,S2109,2,2,6.0,6.0,439065.0,0.0,784,10.8771,0.8,1,0.0,1.0,1.0,1.09861,44906.5
T22,S2111,1,1,5.0,5.0,90375.0,0.0,786,10.8679,0.9,0,0.0,0.5,1.0,0.693147,9537.5
T22,S2112,1,0,3.0,0.0,93946.0,0.0,787,10.8604,1.0,0,1.5,0.0,0.0,0.0,9469.6
T22,S2114,3,2,8.0,8.0,104161.0,0.0,788,10.8466,0.8,1,0.0,1.0,1.0,1.09861,11416.1
T22,S2115,2,1,6.0,6.0,73526.0,0.0,789,10.843,0.9,0,0.0,0.5,1.0,0.693147,7852.6
T22,S2116,3,1,6.0,6.0,558382.0,0.0,790,10.8369,0.9,0,0.0,0.5,1.0,0.693147,56338.2
T22,S2119,5,4,26.0,26.0,305945.0,0.0,791,10.8307,0.6,1,0.0,2.0,1.0,1.60944,32594.5
T22,S2120,1,1,5.0,5.0,132566.0,0.0,793,10.8419,0.9,0,0.0,0.5,1.0,0.693147,13756.6
T22,S2121,2,2,11.0,11.0,646687.0,0.0,794,10.8345,0.8,1,0.0,1.0,1.0,1.09861,65668.7
T22,S2122,1,1,3.0,3.0,27609.0,0.0,795,10.8347,0.9,0,0.0,0.5,1.0,0.693147,3260.9
T22,S2123,1,1,0.0,0.0,79184.0,0.0,796,10.8249,0.9,0,0.0,0.5,0.0,0.693147,8418.4
T22,S2124,3,2,12.0,10.0,297781.0,0.0,797,10.8113,0.8,1,1.0,1.0,0.833333,1.09861,30828.1
T22,S2125,1,1,3.0,3.0,17098.0,0.0,798,10.8103,0.9,0,0.0,0.5,1.0,0.693147,2209.8
T22,S2126,1,1,2.0,2.0,51815.0,0.0,799,10.8005,0.9,0,0.0,0.5,1.0,0.693147,5681.5
T22,S2128,5,2,16.0,16.0,79887.0,0.0,800,10.7895,0.8,1,0.0,1.0,1.0,1.09861,8988.7
T22,S2130,4,3,13.0,13.0,224798.0,0.0,802,10.7987,0.7,1,0.0,1.5,1.0,1.38629,23979.8
T22,S2133,3,3,3.0,3.0,62645.0,0.0,803,10.8015,0.7,1,0.0,1.5,1.0,1.38629,7764.5
T22,S2134,2,2,4.0,4.0,37765.0,0.0,804,10.7918,0.8,1,0.0,1.0,1.0,1.09861,4776.5
T22,S2135,3,2,8.0,8.0,106320.0,0.0,805,10.7833,0.8,1,0.0,1.0,1.0,1.09861,11632.0
T22,S2136,1,1,3.0,3.0,20501.0,0.0,806,10.7799,0.9,0,0.0,0.5,1.0,0.693147,2550.1
T22,S2137,2,1,4.0,4.0,57544.0,0.0,807,10.7702,0.9,0,0.0,0.5,1.0,0.693147,6254.4
T22,S2138,1,1,1.0,1.0,27443.0,0.0,808,10.7618,0.9,0,0.0,0.5,1.0,0.693147,3244.3
T22,S2139,1,1,5.0,5.0,49272.0,0.0,809,10.7497,0.9,0,0.0,0.5,1.0,0.693147,5427.2
T22,S2143,1,1,3.0,3.0,74154.0,0.0,811,10.738,0.9,0,0.0,0.5,1.0,0.693147,7915.4
T22,S2146,3,2,18.0,18.0,156429.0,0.0,812,10.7285,0.8,1,0.0,1.0,1.0,1.09861,16642.9
T22,S2147,2,2,8.0,8.0,41299.0,0.0,813,10.7374,0.8,1,0.0,1.0,1.0,1.09861,5129.9
T22,S2148,1,0,3.0,0.0,151674.0,0.0,814,10.7341,1.0,0,1.5,0.0,0.0,0.0,15242.4
T22,S2149,3,3,5.0,5.0,80407.0,0.0,815,10.7209,0.7,1,0.0,1.5,1.0,1.38629,9540.7
T22,S2153,1,1,0.0,0.0,178.0,0.0,817,10.7068,0.9,0,0.0,0.5,0.0,0.693147,517.8
T22,S2155,1,1,0.0,0.0,1233.0,0.0,818,10.6937,0.9,0,0.0,0.5,0.0,0.693147,623.3
T22,S2156,2,1,8.0,8.0,31307.0,0.0,819,10.6807,0.9,0,0.0,0.5,1.0,0.693147,3630.7
T22,S2157,3,1,0.0,0.0,18017.0,0.0,820,10.6774,0.9,0,0.0,0.5,0.0,0.693147,2301.7
T22,S2158,1,1,0.0,0.0,33.0,0.0,821,10.6644,0.9,0,0.0,0.5,0.0,0.693147,503.3
T22,S2159,1,1,1.0,1.0,47.0,0.0,822,10.6514,0.9,0,0.0,0.5,1.0,0.693147,504.7
T22,S2161,14,5,2.0,2.0,2649752.0,0.0,824,10.6395,0.5,2,0.0,2.5,1.0,1.79176,267475.0
T22,S2163,25,2,0.0,0.0,296973.0,0.0,825,10.629,0.8,1,0.0,1.0,0.0,1.09861,30697.3
T22,S2164,6,3,0.0,0.0,34925.0,0.0,826,10.6161,0.7,1,0.0,1.5,0.0,1.38629,4992.5
T22,S2165,13,2,0.0,0.0,126915.0,0.0,827,10.6032,0.8,1,0.0,1.0,0.0,1.09861,13691.5
T22,S2166,19,2,0.0,0.0,88723.0,0.0,828,10.5904,0.8,1,0.0,1.0,0.0,1.09861,9872.3
T22,S2167,17,2,0.0,0.0,135864.0,0.0,829,10.5776,0.8,1,0.0,1.0,0.0,1.09861,14586.4
T22,S2168,31,5,0.0,0.0,510446.0,0.0,830,10.5649,0.5,2,0.0,2.5,0.0,1.79176,53544.6
T22,S2169,11,2,0.0,0.0,93416.0,0.0,831,10.5521,0.8,1,0.0,1.0,0.0,1.09861,10341.6
T22,S2170,15,2,0.0,0.0,72947.0,0.0,832,10.5395,0.8,1,0.0,1.0,0.0,1.09861,8294.7
T22,S2171,9,3,0.0,0.0,56972.0,0.0,833,10.5268,0.7,1,0.0,1.5,0.0,1.38629,7197.2
T22,S2172,22,4,0.0,0.0,130654.0,0.0,834,10.5141,0.6,1,0.0,2.0,0.0,1.60944,15065.4
T22,S2173,55,6,0.0,0.0,536982.0,0.0,835,10.5015,0.4,2,0.0,3.0,0.0,1.94591,56698.2
T22,S2174,17,4,0.0,0.0,723587.0,0.0,836,10.489,0.6,1,0.0,2.0,0.0,1.60944,74358.7
T22,S2175,10,2,0.0,0.0,122359.0,0.0,837,10.4764,0.8,1,0.0,1.0,0.0,1.09861,13235.9
T22,S2176,11,3,0.0,0.0,248828.0,0.0,838,10.4639,0.7,1,0.0,1.5,0.0,1.38629,26382.8
T22,S2177,11,4,0.0,0.0,98214.0,0.0,839,10.4514,0.6,1,0.0,2.0,0.0,1.60944,11821.4
T22,S2178,6,5,9.0,9.0,200031.0,0.0,840,10.439,0.5,2,0.0,2.5,1.0,1.79176,22503.1
T22,S2179,1,1,0.0,0.0,12845.0,0.0,841,10.4372,0.9,0,0.0,0.5,0.0,0.693147,1784.5
T22,S2180,19,3,0.0,0.0,1031304.0,0.0,843,10.4237,0.7,1,0.0,1.5,0.0,1.38629,104630.0
T22,S2181,8,3,0.0,0.0,45969.0,0.0,844,10.4114,0.7,1,0.0,1.5,0.0,1.38629,6096.9
T22,S2182,14,2,0.0,0.0,197993.0,0.0,845,10.399,0.8,1,0.0,1.0,0.0,1.09861,20799.3
T22,S2183,6,2,0.0,0.0,13263.0,0.0,846,10.3867,0.8,1,0.0,1.0,0.0,1.09861,2326.3
T22,S2184,5,2,0.0,0.0,17551.0,0.0,847,10.3744,0.8,1,0.0,1.0,0.0,1.09861,2755.1
T22,S2185,5,2,0.0,0.0,22485.0,0.0,848,10.3622,0.8,1,0.0,1.0,0.0,1.09861,3248.5
T22,S2186,10,5,0.0,0.0,90125.0,0.0,849,10.35,0.5,2,0.0,2.5,0.0,1.79176,11512.5
T22,S2187,10,2,0.0,0.0,231573.0,0.0,850,10.3378,0.8,1,0.0,1.0,0.0,1.09861,24157.3
T22,S2188,31,5,5.0,5.0,638145.0,0.0,851,10.3256,0.5,2,0.0,2.5,1.0,1.79176,66314.5
T22,S2189,2,2,0.0,0.0,111476.0,0.0,852,10.3194,0.8,1,0.0,1.0,0.0,1.09861,12147.6
T22,S2190,2,2,0.0,0.0,11395.0,0.0,854,10.3139,0.8,1,0.0,1.0,0.0,1.09861,2139.5
T22,S2191,1,1,8.0,8.0,8968.0,0.0,855,10.3019,0.9,0,0.0,0.5,1.0,0.693147,1396.8
T22,S2192,8,4,0.0,0.0,256184.0,0.0,856,10.2992,0.6,1,0.0,2.0,0.0,1.60944,27618.4
T22,S2193,6,1,0.0,0.0,31810.0,0.0,857,10.2871,0.9,0,0.0,0.5,0.0,0.693147,3681.0
T22,S2194,1,1,0.0,0.0,19709.0,0.0,858,10.2751,0.9,0,0.0,0.5,0.0,0.693147,2470.9
T22,S2195,3,2,0.0,0.0,39551.0,0.0,859,10.2632,0.8,1,0.0,1.0,0.0,1.09861,4955.1
T22,S2196,6,1,0.0,0.0,63081.0,0.0,860,10.2512,0.9,0,0.0,0.5,0.0,0.693147,6808.1
T22,S2197,3,2,0.0,0.0,6858.0,0.0,861,10.2393,0.8,1,0.0,1.0,0.0,1.09861,1685.8
T22,S2198,3,1,0.0,0.0,1915.0,0.0,862,10.2274,0.9,0,0.0,0.5,0.0,0.693147,691.5
T22,S2199,4,2,3.0,3.0,2009.0,0.0,863,10.2155,0.8,1,0.0,1.0,1.0,1.09861,1200.9
T22,S2200,13,4,0.0,0.0,36559.0,0.0,866,10.2992,0.6,1,0.0,2.0,0.0,1.60944,5655.9
T22,S2201,5,4,0.0,0.0,21085.0,0.0,867,10.2873,0.6,1,0.0,2.0,0.0,1.60944,4108.5
T22,S2202,3,1,0.0,0.0,4285.0,0.0,868,10.2754,0.9,0,0.0,0.5,0.0,0.693147,928.5
T22,S2203,8,2,0.0,0.0,111426.0,0.0,869,10.2636,0.8,1,0.0,1.0,0.0,1.09861,12142.6
T22,S2204,2,1,0.0,0.0,28856.0,0.0,870,10.2518,0.9,0,0.0,0.5,0.0,0.693147,3385.6
T22,S2205,2,2,0.0,0.0,5340.0,0.0,871,10.24,0.8,1,0.0,1.0,0.0,1.09861,1534.0
T22,S2206,1,1,0.0,0.0,162.0,0.0,872,10.2282,0.9,0,0.0,0.5,0.0,0.693147,516.2
T22,S2207,6,2,0.0,0.0,21951.0,0.0,873,10.2165,0.8,1,0.0,1.0,0.0,1.09861,3195.1
T22,S2208,3,1,0.0,0.0,1517.0,0.0,874,10.2048,0.9,0,0.0,0.5,0.0,0.693147,651.7
T22,S2209,1,1,0.0,0.0,6792.0,0.0,875,10.1931,0.9,0,0.0,0.5,0.0,0.693147,1179.2
T22,S2211,1,1,0.0,0.0,341.0,0.0,877,10.1927,0.9,0,0.0,0.5,0.0,0.693147,534.1
T22,S2212,7,3,0.0,0.0,8522.0,0.0,878,10.1811,0.7,1,0.0,1.5,0.0,1.38629,2352.2
T22,S2213,2,1,0.0,0.0,9924.0,0.0,879,10.1695,0.9,0,0.0,0.5,0.0,0.693147,1492.4
T22,S2214,4,0,0.0,0.0,0.0,0.0,880,10.1579,1.0,0,0.0,0.0,0.0,0.0,0.0
T22,S2215,1,1,0.0,0.0,11583.0,0.0,881,10.1463,0.9,0,0.0,0.5,0.0,0.693147,1658.3
T22,S2216,1,1,0.0,0.0,476.0,0.0,882,10.1348,0.9,0,0.0,0.5,0.0,0.693147,547.6
T22,S2218,1,1,5.0,5.0,128.0,0.0,883,10.1233,0.9,0,0.0,0.5,1.0,0.693147,512.8
T22,S2223,2,2,5.0,5.0,72885.0,0.0,885,10.1315,0.8,1,0.0,1.0,1.0,1.09861,8288.5
T22,S2226,2,2,10.0,10.0,219574.0,0.0,886,10.1257,0.8,1,0.0,1.0,1.0,1.09861,22957.4
T22,S2227,2,2,3.0,3.0,291236.0,0.0,887,10.1256,0.8,1,0.0,1.0,1.0,1.09861,30123.6
T22,S2228,1,0,2.0,2.0,117473.0,0.0,888,10.1176,1.0,0,0.0,0.0,1.0,0.0,11747.3
T22,S2231,3,1,11.0,3.0,467644.0,0.0,890,10.1392,0.9,0,4.0,0.5,0.272727,0.693147,47464.4
T22,S2234,4,2,8.0,8.0,133426.0,0.0,891,10.1312,0.8,1,0.0,1.0,1.0,1.09861,14342.6
T22,S2235,1,0,0.0,0.0,222511.0,0.0,892,10.1288,1.0,0,0.0,0.0,0.0,0.0,22251.1
T22,S2236,5,2,0.0,0.0,109876.0,0.0,893,10.1175,0.8,1,0.0,1.0,0.0,1.09861,11987.6
T22,S2238,1,1,8.0,8.0,34734.0,0.0,894,10.1061,0.9,0,0.0,0.5,1.0,0.693147,3973.4
T22,S2239,2,2,3.0,3.0,189162.0,0.0,895,10.1038,0.8,1,0.0,1.0,1.0,1.09861,19916.2
T22,S2240,2,1,0.0,0.0,53532.0,0.0,897,10.0924,0.9,0,0.0,0.5,0.0,0.693147,5853.2
T22,S2241,2,2,16.0,16.0,37491.0,0.0,898,10.0811,0.8,1,0.0,1.0,1.0,1.09861,4749.1
T22,S2242,2,2,3.0,3.0,61659.0,0.0,899,10.0877,0.8,1,0.0,1.0,1.0,1.09861,7165.9
T22,S2243,2,2,6.0,6.0,80375.0,0.0,900,10.0798,0.8,1,0.0,1.0,1.0,1.09861,9037.5
T22,S2249,1,1,0.0,0.0,41653.0,0.0,901,10.0753,0.9,0,0.0,0.5,0.0,0.693147,4665.3
T22,S2250,2,2,0.0,0.0,61586.0,0.0,903,10.0552,0.8,1,0.0,1.0,0.0,1.09861,7158.6
T22,S2254,1,1,2.0,2.0,23253.0,0.0,904,10.0441,0.9,0,0.0,0.5,1.0,0.693147,2825.3
T22,S2256,2,1,0.0,0.0,282479.0,0.0,905,10.0352,0.9,0,0.0,0.5,0.0,0.693147,28747.9
T22,S2257,2,1,0.0,0.0,305084.0,0.0,906,10.0241,0.9,0,0.0,0.5,0.0,0.693147,31008.4
T22,S2261,1,1,0.0,0.0,17396.0,0.0,908,10.0124,0.9,0,0.0,0.5,0.0,0.693147,2239.6
T22,S2262,4,2,0.0,0.0,32101.0,0.0,909,10.0014,0.8,1,0.0,1.0,0.0,1.09861,4210.1
T22,S2264,1,1,0.0,0.0,34242.0,0.0,910,9.99041,0.9,0,0.0,0.5,0.0,0.693147,3924.2
T22,S2265,1,0,3.0,3.0,0.0,0.0,911,9.97943,1.0,0,0.0,0.0,1.0,0.0,0.0
T22,S2270,1,0,0.0,0.0,737139.0,0.0,913,9.9729,1.0,0,0.0,0.0,0.0,0.0,73713.9
T22,S2273,1,1,0.0,0.0,94.0,0.0,914,9.96198,0.9,0,0.0,0.5,0.0,0.693147,509.4
T22,S2274,1,1,0.0,0.0,7087.0,0.0,915,9.95108,0.9,0,0.0,0.5,0.0,0.693147,1208.7
T22,S2276,2,2,11.0,11.0,58787.0,0.0,916,9.9402,0.8,1,0.0,1.0,1.0,1.09861,6878.7
T22,S2281,5,2,0.0,0.0,38732.0,0.0,918,9.94197,0.8,1,0.0,1.0,0.0,1.09861,4873.2
T22,S2284,1,0,0.0,0.0,0.0,0.0,919,9.93114,1.0,0,0.0,0.0,0.0,0.0,0.0
T22,S2285,4,3,5.0,5.0,1025968.0,0.0,920,9.92033,0.7,1,0.0,1.5,1.0,1.38629,104097.0
T22,S2291,1,1,3.0,3.0,443.0,0.0,922,9.91616,0.9,0,0.0,0.5,1.0,0.693147,544.3
T22,S2292,4,2,5.0,5.0,109914.0,0.0,923,9.90866,0.8,1,0.0,1.0,1.0,1.09861,11991.4
T22,S2293,1,1,2.0,2.0,44427.0,0.0,924,9.90334,0.9,0,0.0,0.5,1.0,0.693147,4942.7
T22,S2294,33,6,2.0,2.0,434945.0,0.0,925,9.89479,0.4,2,0.0,3.0,1.0,1.94591,46494.5
T22,S2295,1,1,2.0,2.0,23560.0,0.0,926,9.88625,0.9,0,0.0,0.5,1.0,0.693147,2856.0
T22,S2296,4,2,3.0,3.0,16997.0,0.0,927,9.87774,0.8,1,0.0,1.0,1.0,1.09861,2699.7
T22,S2299,1,0,0.0,0.0,0.0,0.0,928,9.87032,1.0,0,0.0,0.0,0.0,0.0,0.0
T22,S2300,1,1,1.0,1.0,33396.0,0.0,931,9.98525,0.9,0,0.0,0.5,1.0,0.693147,3839.6
T22,S2301,4,3,0.0,0.0,67448.0,0.0,932,9.9756,0.7,1,0.0,1.5,0.0,1.38629,8244.8
T22,S2305,1,1,0.0,0.0,1607.0,0.0,933,9.9649,0.9,0,0.0,0.5,0.0,0.693147,660.7
T22,S2306,1,0,3.0,3.0,5406.0,0.0,934,9.95422,1.0,0,0.0,0.0,1.0,0.0,540.6
T22,S2308,2,2,0.0,0.0,361458.0,0.0,935,9.94677,0.8,1,0.0,1.0,0.0,1.09861,37145.8
T22,S2310,5,3,0.0,0.0,75147.0,0.0,937,9.94955,0.7,1,0.0,1.5,0.0,1.38629,9014.7
T22,S2311,2,1,10.0,5.0,259578.0,0.0,938,9.93894,0.9,0,2.5,0.5,0.5,0.693147,26582.8
T22,S2315,1,1,2.0,2.0,25780.0,0.0,939,9.93367,0.9,0,0.0,0.5,1.0,0.693147,3078.0
T22,S2317,1,1,0.0,0.0,21752.0,0.0,940,9.92522,0.9,0,0.0,0.5,0.0,0.693147,2675.2
T22,S2321,1,1,0.0,0.0,0.0,0.0,942,9.90891,0.9,0,0.0,0.5,0.0,0.693147,500.0
T22,S2323,2,2,0.0,0.0,35862.0,0.0,943,9.89839,0.8,1,0.0,1.0,0.0,1.09861,4586.2
T22,S2324,2,1,0.0,0.0,39583.0,0.0,944,9.88789,0.9,0,0.0,0.5,0.0,0.693147,4458.3
T22,S2325,10,4,0.0,0.0,222757.0,0.0,945,9.87742,0.6,1,0.0,2.0,0.0,1.60944,24275.7
T22,S2333,1,1,0.0,0.0,11373.0,0.0,947,9.87186,0.9,0,0.0,0.5,0.0,0.693147,1637.3
T22,S2334,1,0,0.0,0.0,9642.0,0.0,948,9.86144,1.0,0,0.0,0.0,0.0,0.0,964.2
T22,S2338,1,1,0.0,0.0,250690.0,0.0,949,9.85104,0.9,0,0.0,0.5,0.0,0.693147,25569.0
T22,S2340,2,1,0.0,0.0,13125.0,0.0,951,9.85398,0.9,0,0.0,0.5,0.0,0.693147,1812.5
T22,S2341,1,1,3.0,3.0,15700.0,0.0,952,9.84362,0.9,0,0.0,0.5,1.0,0.693147,2070.0
T22,S2344,1,1,0.0,0.0,83432.0,0.0,953,9.83643,0.9,0,0.0,0.5,0.0,0.693147,8843.2
T22,S2347,1,1,0.0,0.0,3030.0,0.0,954,9.82611,0.9,0,0.0,0.5,0.0,0.693147,803.0
T22,S2348,1,1,3.0,3.0,11884.0,0.0,955,9.81581,0.9,0,0.0,0.5,1.0,0.693147,1688.4
T22,S2350,1,1,1.0,1.0,17682.0,0.0,957,9.82404,0.9,0,0.0,0.5,1.0,0.693147,2268.2
T22,S2356,1,0,0.0,0.0,0.0,0.0,958,9.81482,1.0,0,0.0,0.0,0.0,0.0,0.0
T22,S2359,1,0,3.0,3.0,9937.0,0.0,959,9.80458,1.0,0,0.0,0.0,1.0,0.0,993.7
T22,S2360,1,1,5.0,5.0,1537.0,0.0,961,9.80238,0.9,0,0.0,0.5,1.0,0.693147,653.7
T22,S2364,1,0,0.0,0.0,0.0,0.0,962,9.79738,1.0,0,0.0,0.0,0.0,0.0,0.0
T22,S2365,1,1,3.0,3.0,0.0,0.0,963,9.7872,0.9,0,0.0,0.5,1.0,0.693147,500.0
T22,S2371,1,1,0.0,0.0,1164.0,0.0,965,9.78504,0.9,0,0.0,0.5,0.0,0.693147,616.4
T22,S2372,2,2,0.0,0.0,106483.0,0.0,966,9.77491,0.8,1,0.0,1.0,0.0,1.09861,11648.3
T22,S2373,2,2,0.0,0.0,11493.0,0.0,967,9.76479,0.8,1,0.0,1.0,0.0,1.09861,2149.3
T22,S2374,3,2,0.0,0.0,60396.0,0.0,968,9.75469,0.8,1,0.0,1.0,0.0,1.09861,7039.6
T22,S2377,1,1,2.0,2.0,17307.0,0.0,969,9.74461,0.9,0,0.0,0.5,1.0,0.693147,2230.7
T22,S2379,2,2,5.0,5.0,1437314.0,0.0,970,9.73662,0.8,1,0.0,1.0,1.0,1.09861,144731.0
T22,S2380,1,1,0.0,0.0,337.0,0.0,972,9.72789,0.9,0,0.0,0.5,0.0,0.693147,533.7
T22,S2383,1,1,3.0,3.0,11751.0,0.0,973,9.71788,0.9,0,0.0,0.5,1.0,0.693147,1675.1
T22,S2385,1,1,1.0,1.0,5278.0,0.0,974,9.71098,0.9,0,0.0,0.5,1.0,0.693147,1027.8
T22,S2386,2,1,8.0,8.0,51593.0,0.0,975,9.70204,0.9,0,0.0,0.5,1.0,0.693147,5659.3
T22,S2388,4,3,0.0,0.0,236482.0,0.0,976,9.70029,0.7,1,0.0,1.5,0.0,1.38629,25148.2
T22,S2389,4,4,14.0,14.0,21820.0,0.0,977,9.69035,0.6,1,0.0,2.0,1.0,1.60944,4182.0
T22,S2391,1,1,1.0,1.0,1464.0,0.0,979,9.70735,0.9,0,0.0,0.5,1.0,0.693147,646.4
T22,S2393,3,3,8.0,8.0,96475.0,0.0,980,9.69845,0.7,1,0.0,1.5,1.0,1.38629,11147.5
T22,S2394,1,1,0.0,0.0,2979.0,0.0,981,9.69672,0.9,0,0.0,0.5,0.0,0.693147,797.9
T22,S2395,6,1,11.0,11.0,102505.0,0.0,982,9.68683,0.9,0,0.0,0.5,1.0,0.693147,10750.5
T22,S2399,2,2,0.0,0.0,14330.0,0.0,983,9.68817,0.8,1,0.0,1.0,0.0,1.09861,2433.0
T22,S2402,6,3,0.0,0.0,45177.0,0.0,986,9.81399,0.7,1,0.0,1.5,0.0,1.38629,6017.7
T22,S2403,3,2,0.0,0.0,18770.0,0.0,987,9.80404,0.8,1,0.0,1.0,0.0,1.09861,2877.0
T22,S2404,1,1,3.0,3.0,18742.0,0.0,988,9.79411,0.9,0,0.0,0.5,1.0,0.693147,2374.2
T22,S2406,1,1,0.0,0.0,15099.0,0.0,989,9.78723,0.9,0,0.0,0.5,0.0,0.693147,2009.9
T22,S2407,4,2,18.0,18.0,41093.0,0.0,990,9.77733,0.8,1,0.0,1.0,1.0,1.09861,5109.3
T22,S2408,2,2,0.0,0.0,89365.0,0.0,991,9.78564,0.8,1,0.0,1.0,0.0,1.09861,9936.5
T22,S2410,2,2,0.0,0.0,89579.0,0.0,993,9.77649,0.8,1,0.0,1.0,0.0,1.09861,9957.9
T22,S2411,3,2,3.0,3.0,1270.0,0.0,994,9.76665,0.8,1,0.0,1.0,1.0,1.09861,1127.0
T22,S2412,1,1,3.0,3.0,3025.0,0.0,995,9.75984,0.9,0,0.0,0.5,1.0,0.693147,802.5
T22,S2413,6,2,0.0,0.0,49247.0,0.0,996,9.75305,0.8,1,0.0,1.0,0.0,1.09861,5924.7
T22,S2414,1,1,0.0,0.0,0.0,0.0,997,9.74326,0.9,0,0.0,0.5,0.0,0.693147,500.0
T22,S2416,1,1,0.0,0.0,72243.0,0.0,998,9.73348,0.9,0,0.0,0.5,0.0,0.693147,7724.3
T22,S2417,5,3,2.0,2.0,648047.0,0.0,999,9.72373,0.7,1,0.0,1.5,1.0,1.38629,66304.7
T22,S2418,6,3,2.0,2.0,121663.0,0.0,1000,9.716,0.7,1,0.0,1.5,1.0,1.38629,13666.3
T22,S2419,1,1,0.0,0.0,376.0,0.0,1001,9.70828,0.9,0,0.0,0.5,0.0,0.693147,537.6
T22,S2424,1,1,3.0,3.0,2890.0,0.0,1003,9.6924,0.9,0,0.0,0.5,1.0,0.693147,789.0
T22,S2425,1,1,0.0,0.0,17235.0,0.0,1004,9.68573,0.9,0,0.0,0.5,0.0,0.693147,2223.5
T22,S2428,3,1,0.0,0.0,28904.0,0.0,1005,9.67608,0.9,0,0.0,0.5,0.0,0.693147,3390.4
T22,S2430,1,1,0.0,0.0,2915.0,0.0,1007,9.65883,0.9,0,0.0,0.5,0.0,0.693147,791.5
T22,S2432,5,2,0.0,0.0,62927.0,0.0,1008,9.64924,0.8,1,0.0,1.0,0.0,1.09861,7292.7
T22,S2433,1,1,0.5,0.5,11316.0,0.0,1009,9.63967,0.9,0,0.0,0.5,1.0,0.693147,1631.6
T22,S2434,3,3,0.0,0.0,22772.0,0.0,1010,9.63061,0.7,1,0.0,1.5,0.0,1.38629,3777.2
T22,S2436,1,1,0.0,0.0,39521.0,0.0,1011,9.62107,0.9,0,0.0,0.5,0.0,0.693147,4452.1
T22,S2437,1,1,0.0,0.0,5548.0,0.0,1012,9.61156,0.9,0,0.0,0.5,0.0,0.693147,1054.8
T22,S2446,2,2,5.0,5.0,23399.0,0.0,1014,9.60146,0.8,1,0.0,1.0,1.0,1.09861,3339.9
T22,S2448,1,1,3.0,3.0,2834.0,0.0,1015,9.59693,0.9,0,0.0,0.5,1.0,0.693147,783.4
T22,S2449,6,3,11.0,11.0,41691.0,0.0,1016,9.59043,0.7,1,0.0,1.5,1.0,1.38629,5669.1
T22,S2451,6,3,0.0,0.0,234584.0,0.0,1018,9.59025,0.7,1,0.0,1.5,0.0,1.38629,24958.4
T22,S2454,3,3,0.0,0.0,41234.0,0.0,1019,9.58083,0.7,1,0.0,1.5,0.0,1.38629,5623.4
T22,S2458,1,1,0.0,0.0,1324.0,0.0,1020,9.57143,0.9,0,0.0,0.5,0.0,0.693147,632.4
T22,S2460,3,1,0.0,0.0,108925.0,0.0,1022,9.57227,0.9,0,0.0,0.5,0.0,0.693147,11392.5
T22,S2464,7,4,0.0,0.0,187329.0,0.0,1023,9.5629,0.6,1,0.0,2.0,0.0,1.60944,20732.9
T22,S2465,1,1,0.0,0.0,146.0,0.0,1024,9.55355,0.9,0,0.0,0.5,0.0,0.693147,514.6
T22,S2467,6,5,0.0,0.0,317616.0,5.0,1025,9.54422,0.5,2,0.0,2.5,0.0,1.79176,34261.6
T22,S2470,7,4,0.0,0.0,306454.0,0.0,1027,9.53488,0.6,1,0.0,2.0,0.0,1.60944,32645.4
T22,S2471,4,3,0.0,0.0,92633.0,0.0,1028,9.52559,0.7,1,0.0,1.5,0.0,1.38629,10763.3
T22,S2473,1,0,0.0,0.0,0.0,0.0,1029,9.51633,1.0,0,0.0,0.0,0.0,0.0,0.0
T22,S2476,1,1,0.0,0.0,1445.0,0.0,1030,9.50708,0.9,0,0.0,0.5,0.0,0.693147,644.5
T22,S2477,1,1,1.0,1.0,10382.0,0.0,1031,9.49785,0.9,0,0.0,0.5,1.0,0.693147,1538.2
T22,S2480,4,1,0.0,0.0,120813.0,38.0,1033,9.48477,0.9,0,0.0,0.5,0.0,0.693147,12581.3
T22,S2483,9,3,1.0,1.0,901299.0,0.0,1034,9.47559,0.7,1,0.0,1.5,1.0,1.38629,91629.9
T22,S2484,3,1,0.0,0.0,154712.0,0.0,1035,9.46739,0.9,0,0.0,0.5,0.0,0.693147,15971.2
T22,S2485,6,2,0.0,0.0,104805.0,0.0,1036,9.45824,0.8,1,0.0,1.0,0.0,1.09861,11480.5
T22,S2486,6,4,5.0,5.0,726893.0,0.0,1037,9.44911,0.6,1,0.0,2.0,1.0,1.60944,74689.3
T22,S2487,3,3,0.0,0.0,138698.0,0.0,1038,9.44483,0.7,1,0.0,1.5,0.0,1.38629,15369.8
T22,S2488,8,3,0.0,0.0,66245.0,0.0,1039,9.43573,0.7,1,0.0,1.5,0.0,1.38629,8124.5
T22,S2489,1,0,0.0,0.0,0.0,0.0,1040,9.42664,1.0,0,0.0,0.0,0.0,0.0,0.0
T22,S2493,4,3,0.0,0.0,93208.0,0.0,1042,9.41814,0.7,1,0.0,1.5,0.0,1.38629,10820.8
T22,S2494,1,1,5.0,5.0,44475.0,0.0,1043,9.4091,0.9,0,0.0,0.5,1.0,0.693147,4947.5
T22,S2497,1,1,0.0,0.0,0.0,0.0,1044,9.40487,0.9,0,0.0,0.5,0.0,0.693147,500.0
T22,S2503,8,4,0.0,0.0,124902.0,0.0,1047,9.3932,0.6,1,0.0,2.0,0.0,1.60944,14490.2
T22,S2505,2,2,0.0,0.0,6689.0,0.0,1048,9.38422,0.8,1,0.0,1.0,0.0,1.09861,1668.9
T22,S2506,2,2,0.0,0.0,5780.0,0.0,1049,9.37527,0.8,1,0.0,1.0,0.0,1.09861,1578.0
T22,S2510,2,2,0.0,0.0,12736.0,0.0,1051,9.35741,0.8,1,0.0,1.0,0.0,1.09861,2273.6
T22,S2512,1,1,0.0,0.0,0.0,0.0,1052,9.34851,0.9,0,0.0,0.5,0.0,0.693147,500.0
T22,S2513,1,1,0.0,0.0,10106.0,0.0,1053,9.33962,0.9,0,0.0,0.5,0.0,0.693147,1510.6
T22,S2517,1,1,0.0,0.0,21479.0,0.0,1054,9.33075,0.9,0,0.0,0.5,0.0,0.693147,2647.9
T22,S2524,1,1,0.0,0.0,0.0,0.0,1056,9.31591,0.9,0,0.0,0.5,0.0,0.693147,500.0
T25,S2528,4,1,5.0,0.0,29315.0,0.0,1057,9.30709,0.9,0,2.5,0.5,0.0,0.693147,3556.5
T25,S2529,4,3,14.0,0.0,0.0,0.0,1058,9.29828,0.7,1,7.0,1.5,0.0,1.38629,1850.0
T25,S2530,5,3,13.0,0.0,65779.0,0.0,1060,9.28072,0.7,1,6.5,1.5,0.0,1.38629,8402.9
T25,S2531,4,3,16.0,0.0,47802.0,0.0,1061,9.27197,0.7,1,8.0,1.5,0.0,1.38629,6680.2
T25,S2532,5,3,17.0,0.0,46246.0,0.0,1062,9.26323,0.7,1,8.5,1.5,0.0,1.38629,6549.6
T27,S2533,49,5,76.0,0.0,652545.0,0.0,1063,9.2545,0.5,2,38.0,2.5,0.0,1.79176,69654.5
T27,S2534,18,4,54.0,0.0,251601.0,0.0,1064,9.2458,0.6,1,27.0,2.0,0.0,1.60944,28510.1
T27,S2535,53,10,79.0,0.0,466255.0,0.0,1065,9.23711,0.0,3,39.5,5.0,0.0,2.3979,53600.5
T27,S2536,42,7,93.0,0.0,642527.0,0.0,1066,9.22844,0.3,2,46.5,3.5,0.0,2.07944,70077.7
T27,S2537,46,8,138.0,0.0,1424319.0,0.0,1067,9.21978,0.2,2,69.0,4.0,0.0,2.19722,149882.0
T27,S2538,47,7,138.0,0.0,2545190.0,0.0,1068,9.21114,0.3,2,69.0,3.5,0.0,2.07944,261469.0
T27,S2539,38,10,67.0,0.0,410134.0,0.0,1069,9.20251,0.0,3,33.5,5.0,0.0,2.3979,47688.4
T27,S2540,28,9,39.0,0.0,369476.0,0.0,1071,9.18531,0.1,3,19.5,4.5,0.0,2.30259,42422.6
T27,S2541,52,8,98.0,0.0,2042440.0,0.0,1072,9.17673,0.2,2,49.0,4.0,0.0,2.19722,210694.0
T27,S2542,61,12,104.0,0.0,1374205.0,0.0,1073,9.16817,0.0,4,52.0,6.0,0.0,2.56495,146020.0
T27,S2543,51,9,95.0,0.0,1286788.0,0.0,1074,9.15963,0.1,3,47.5,4.5,0.0,2.30259,135554.0
T27,S2544,46,7,77.0,0.0,2007559.0,0.0,1075,9.1511,0.3,2,38.5,3.5,0.0,2.07944,206181.0
T27,S2545,22,6,51.0,0.0,243772.0,0.0,1076,9.14259,0.4,2,25.5,3.0,0.0,1.94591,28652.2
T27,S2546,34,11,102.0,0.0,310617.0,0.0,1077,9.13409,0.0,3,51.0,5.5,0.0,2.48491,39111.7
T27,S2547,36,9,117.0,0.0,416807.0,0.0,1078,9.12561,0.1,3,58.5,4.5,0.0,2.30259,49105.7
T27,S2548,17,11,61.0,0.0,771241.0,0.0,1079,9.11715,0.0,3,30.5,5.5,0.0,2.48491,84149.1
T27,S2549,14,8,40.0,0.0,234042.0,0.0,1080,9.1087,0.2,2,20.0,4.0,0.0,2.19722,28404.2
T27,S2550,27,10,80.0,0.0,3157902.0,0.0,1082,9.11127,0.0,3,40.0,5.0,0.0,2.3979,322790.0
T27,S2551,36,13,92.0,0.0,1061996.0,0.0,1083,9.10285,0.0,4,46.0,6.5,0.0,2.63906,115000.0
T27,S2552,50,15,83.0,0.0,985697.0,0.0,1084,9.09444,0.0,5,41.5,7.5,0.0,2.77259,108145.0
T27,S2553,51,16,100.0,0.0,1709120.0,0.0,1085,9.08605,0.0,5,50.0,8.0,0.0,2.83321,181412.0
T27,S2554,65,16,143.0,0.0,1945220.0,0.0,1086,9.07768,0.0,5,71.5,8.0,0.0,2.83321,206097.0
T26,S2555,5,4,38.0,0.0,0.0,0.0,1087,9.06932,0.6,1,19.0,2.0,0.0,1.60944,2950.0
T26,S2556,4,1,20.0,0.0,35220.0,0.0,1088,9.06098,0.9,0,10.0,0.5,0.0,0.693147,4522.0
T26,S2557,8,5,39.0,0.0,182571.0,0.0,1089,9.05265,0.5,2,19.5,2.5,0.0,1.79176,21732.1
T26,S2558,13,6,26.0,0.0,67490.0,0.0,1090,9.04434,0.4,2,13.0,3.0,0.0,1.94591,10399.0
T26,S2559,6,4,25.0,0.0,115580.0,0.0,1091,9.03604,0.6,1,12.5,2.0,0.0,1.60944,14183.0
T26,S2560,56,24,57.0,0.0,3540598.0,480.0,1093,9.02041,0.0,7,28.5,12.0,0.0,3.21888,367485.0
T26,S2561,8,5,11.0,0.0,129498.0,0.0,1094,9.01215,0.5,2,5.5,2.5,0.0,1.79176,15724.8
T26,S2562,27,9,54.0,0.0,282959.0,0.0,1095,9.00391,0.1,3,27.0,4.5,0.0,2.30259,34145.9
T26,S2563,7,4,18.0,0.0,55502.0,0.0,1096,8.99569,0.6,1,9.0,2.0,0.0,1.60944,8000.2
T26,S2564,5,2,12.0,0.0,45858.0,0.0,1097,8.98748,0.8,1,6.0,1.0,0.0,1.09861,5885.8
T26,S2565,4,2,27.0,0.0,52565.0,0.0,1098,8.97929,0.8,1,13.5,1.0,0.0,1.09861,6931.5
T26,S2566,7,3,10.0,0.0,139821.0,0.0,1099,8.97111,0.7,1,5.0,1.5,0.0,1.38629,15732.1
T26,S2567,1,1,5.0,0.0,10018.0,0.0,1100,8.96295,0.9,0,2.5,0.5,0.0,0.693147,1626.8
T26,S2568,3,2,16.0,0.0,18733.0,0.0,1101,8.9548,0.8,1,8.0,1.0,0.0,1.09861,3273.3
T26,S2569,6,3,23.0,0.0,96499.0,0.0,1102,8.94667,0.7,1,11.5,1.5,0.0,1.38629,11724.9
T26,S2570,7,4,30.0,0.0,53014.0,0.0,1104,8.93861,0.6,1,15.0,2.0,0.0,1.60944,8051.4
T26,S2571,11,3,34.0,0.0,99602.0,0.0,1105,8.93051,0.7,1,17.0,1.5,0.0,1.38629,12310.2
T26,S2572,21,6,35.0,0.0,324980.0,0.0,1106,8.92243,0.4,2,17.5,3.0,0.0,1.94591,36373.0
T26,S2573,9,3,23.0,0.0,42490.0,0.0,1107,8.91436,0.7,1,11.5,1.5,0.0,1.38629,6324.0
T26,S2574,12,4,15.0,0.0,64832.0,0.0,1108,8.90631,0.6,1,7.5,2.0,0.0,1.60944,8858.2
T26,S2575,5,3,10.0,0.0,9545.0,0.0,1109,8.89827,0.7,1,5.0,1.5,0.0,1.38629,2704.5
T26,S2576,3,2,14.0,0.0,41821.0,0.0,1110,8.89025,0.8,1,7.0,1.0,0.0,1.09861,5532.1
T26,S2577,6,3,14.0,0.0,4004.0,0.0,1111,8.88224,0.7,1,7.0,1.5,0.0,1.38629,2250.4
T26,S2578,5,1,14.0,0.0,27002.0,0.0,1112,8.87424,0.9,0,7.0,0.5,0.0,0.693147,3550.2
T26,S2579,3,1,10.0,0.0,34498.0,0.0,1113,8.86626,0.9,0,5.0,0.5,0.0,0.693147,4199.8
T26,S2580,3,2,8.0,0.0,94805.0,0.0,1115,8.87009,0.8,1,4.0,1.0,0.0,1.09861,10680.5
T26,S2581,2,1,3.0,0.0,50489.0,0.0,1116,8.86214,0.9,0,1.5,0.5,0.0,0.693147,5623.9
T26,S2582,7,5,21.0,0.0,156307.0,0.0,1117,8.8542,0.5,2,10.5,2.5,0.0,1.79176,18655.7
T26,S2583,5,3,17.0,0.0,48452.0,0.0,1118,8.84627,0.7,1,8.5,1.5,0.0,1.38629,6770.2
T26,S2584,17,7,38.0,0.0,356533.0,0.0,1119,8.83836,0.3,2,19.0,3.5,0.0,2.07944,40103.3
T26,S2585,10,5,51.0,0.0,197108.0,0.0,1120,8.83046,0.5,2,25.5,2.5,0.0,1.79176,23485.8
T26,S2586,11,5,30.0,0.0,108378.0,0.0,1121,8.82257,0.5,2,15.0,2.5,0.0,1.79176,14087.8
T26,S2587,8,5,26.0,0.0,146260.0,0.0,1122,8.8147,0.5,2,13.0,2.5,0.0,1.79176,17776.0
T26,S2588,11,3,28.0,0.0,207291.0,0.0,1123,8.80685,0.7,1,14.0,1.5,0.0,1.38629,22929.1
T26,S2589,18,6,54.0,0.0,138440.0,0.0,1124,8.79901,0.4,2,27.0,3.0,0.0,1.94591,18194.0
T26,S2590,17,6,41.0,0.0,273399.0,0.0,1126,8.79759,0.4,2,20.5,3.0,0.0,1.94591,31364.9
T26,S2591,8,3,20.0,0.0,60278.0,0.0,1127,8.78977,0.7,1,10.0,1.5,0.0,1.38629,8027.8
T26,S2592,13,4,34.0,0.0,182281.0,0.0,1128,8.78197,0.6,1,17.0,2.0,0.0,1.60944,21078.1
T26,S2593,20,6,43.0,0.0,272830.0,0.0,1129,8.77419,0.4,2,21.5,3.0,0.0,1.94591,31358.0
T26,S2594,12,6,16.0,0.0,159672.0,0.0,1130,8.76642,0.4,2,8.0,3.0,0.0,1.94591,19367.2
T26,S2595,9,5,35.0,0.0,127458.0,0.0,1131,8.75866,0.5,2,17.5,2.5,0.0,1.79176,16120.8
T26,S2596,18,6,61.0,0.0,287522.0,0.0,1132,8.75091,0.4,2,30.5,3.0,0.0,1.94591,33277.2
T26,S2597,23,5,43.0,0.0,154088.0,0.0,1133,8.74318,0.5,2,21.5,2.5,0.0,1.79176,18983.8
T26,S2598,25,10,56.0,0.0,142571.0,0.0,1134,8.73547,0.0,3,28.0,5.0,0.0,2.3979,20657.1
T26,S2599,10,6,35.0,0.0,146247.0,0.0,1135,8.72776,0.4,2,17.5,3.0,0.0,1.94591,18499.7
T26,S2600,5,2,16.0,0.0,97174.0,0.0,1138,8.81995,0.8,1,8.0,1.0,0.0,1.09861,11117.4
T26,S2601,16,3,33.0,0.0,168505.0,0.0,1139,8.8122,0.7,1,16.5,1.5,0.0,1.38629,19175.5
T26,S2602,5,3,0.0,0.0,25682.0,0.0,1140,8.80446,0.7,1,0.0,1.5,0.0,1.38629,4068.2
T26,S2603,15,6,59.0,0.0,339845.0,0.0,1141,8.79674,0.4,2,29.5,3.0,0.0,1.94591,38459.5
T26,S2604,28,7,67.0,0.0,380332.0,0.0,1142,8.78903,0.3,2,33.5,3.5,0.0,2.07944,43208.2
T26,S2605,2,2,0.0,0.0,34808.0,0.0,1143,8.78133,0.8,1,0.0,1.0,0.0,1.09861,4480.8
T26,S2606,7,4,19.0,0.0,58991.0,0.0,1144,8.77365,0.6,1,9.5,2.0,0.0,1.60944,8374.1
T26,S2607,21,5,78.0,0.0,145426.0,0.0,1145,8.76598,0.5,2,39.0,2.5,0.0,1.79176,18992.6
T26,S2608,2,2,5.0,0.0,42978.0,0.0,1146,8.75833,0.8,1,2.5,1.0,0.0,1.09861,5422.8
T26,S2609,14,4,35.0,0.0,398467.0,0.0,1147,8.75068,0.6,1,17.5,2.0,0.0,1.60944,42721.7
T26,S2610,5,3,8.0,0.0,221998.0,0.0,1149,8.77028,0.7,1,4.0,1.5,0.0,1.38629,23899.8
T26,S2611,19,5,37.0,0.0,356812.0,0.0,1150,8.76265,0.5,2,18.5,2.5,0.0,1.79176,39106.2
T26,S2612,7,3,20.0,0.0,223602.0,0.0,1151,8.75503,0.7,1,10.0,1.5,0.0,1.38629,24360.2
T26,S2613,22,5,26.0,0.0,301471.0,0.0,1152,8.74742,0.5,2,13.0,2.5,0.0,1.79176,33297.1
T26,S2614,29,9,37.0,0.0,679677.0,0.0,1153,8.73983,0.1,3,18.5,4.5,0.0,2.30259,73392.7
T26,S2615,12,7,14.0,0.0,203407.0,0.0,1154,8.73225,0.3,2,7.0,3.5,0.0,2.07944,24190.7
T26,S2616,5,2,16.0,0.0,122058.0,0.0,1155,8.72468,0.8,1,8.0,1.0,0.0,1.09861,13605.8
T26,S2617,10,3,27.0,0.0,116550.0,0.0,1156,8.71713,0.7,1,13.5,1.5,0.0,1.38629,13830.0
T26,S2618,22,5,61.0,0.0,652385.0,0.0,1157,8.70959,0.5,2,30.5,2.5,0.0,1.79176,69263.5
T26,S2619,15,4,29.0,0.0,71349.0,0.0,1158,8.70206,0.6,1,14.5,2.0,0.0,1.60944,9859.9
T26,S2620,17,8,42.0,0.0,259876.0,2400.0,1160,8.70861,0.2,2,21.0,4.0,0.0,2.19722,31037.6
T26,S2621,15,4,26.0,0.0,247221.0,0.0,1161,8.70111,0.6,1,13.0,2.0,0.0,1.60944,27372.1
T26,S2622,8,4,16.0,0.0,1034768.0,0.0,1162,8.69361,0.6,1,8.0,2.0,0.0,1.60944,105877.0
T26,S2623,15,5,61.0,0.0,126110.0,0.0,1163,8.68613,0.5,2,30.5,2.5,0.0,1.79176,16636.0
T26,S2624,27,5,39.0,0.0,155708.0,0.0,1164,8.67866,0.5,2,19.5,2.5,0.0,1.79176,19045.8
T26,S2625,13,5,36.0,0.0,46354.0,0.0,1165,8.67121,0.5,2,18.0,2.5,0.0,1.79176,8035.4
T26,S2626,15,5,43.0,0.0,150393.0,0.0,1166,8.66376,0.5,2,21.5,2.5,0.0,1.79176,18614.3
T26,S2627,20,6,70.0,0.0,118542.0,0.0,1167,8.65633,0.4,2,35.0,3.0,0.0,1.94591,16604.2
T26,S2628,19,6,59.0,0.0,103230.0,0.0,1168,8.64891,0.4,2,29.5,3.0,0.0,1.94591,14798.0
T26,S2629,16,6,67.0,0.0,90065.0,0.0,1169,8.64151,0.4,2,33.5,3.0,0.0,1.94591,13681.5
T23,S2630,18,5,0.0,0.0,596248.0,0.0,1171,8.62674,0.5,2,0.0,2.5,0.0,1.79176,62124.8
T23,S2631,21,5,5.0,0.0,321693.0,0.0,1172,8.61937,0.5,2,2.5,2.5,0.0,1.79176,34794.3
T23,S2632,11,3,13.0,0.0,0.0,0.0,1173,8.61202,0.7,1,6.5,1.5,0.0,1.38629,1825.0
T23,S2633,2,2,0.0,0.0,23245.0,0.0,1174,8.60467,0.8,1,0.0,1.0,0.0,1.09861,3324.5
T23,S2634,7,3,10.5,0.0,30958.0,0.0,1175,8.59735,0.7,1,5.25,1.5,0.0,1.38629,4858.3
T23,S2635,10,5,5.6,0.0,35084.0,0.0,1176,8.59003,0.5,2,2.8,2.5,0.0,1.79176,6148.4
T23,S2636,10,5,11.6,0.0,415426.0,0.0,1177,8.58272,0.5,2,5.8,2.5,0.0,1.79176,44332.6
T23,S2637,10,3,17.0,0.0,293350.0,0.0,1178,8.57543,0.7,1,8.5,1.5,0.0,1.38629,31260.0
T23,S2638,2,2,2.0,0.0,98193.0,0.0,1179,8.56815,0.8,1,1.0,1.0,0.0,1.09861,10869.3
T23,S2639,1,1,2.0,0.0,3822.0,0.0,1180,8.56088,0.9,0,1.0,0.5,0.0,0.693147,932.2
T23,S2640,3,2,14.0,0.0,17649.0,0.0,1182,8.55485,0.8,1,7.0,1.0,0.0,1.09861,3114.9
T23,S2641,8,2,13.5,0.0,87669.0,0.0,1183,8.54762,0.8,1,6.75,1.0,0.0,1.09861,10104.4
T23,S2642,10,3,17.0,0.0,108782.0,0.0,1184,8.54039,0.7,1,8.5,1.5,0.0,1.38629,12803.2
T23,S2643,13,3,20.0,0.0,120249.0,0.0,1185,8.53318,0.7,1,10.0,1.5,0.0,1.38629,14024.9
T23,S2644,11,4,29.0,0.0,105553.0,0.0,1186,8.52598,0.6,1,14.5,2.0,0.0,1.60944,13280.3
T23,S2645,23,9,19.0,0.0,1353675.0,0.0,1187,8.51879,0.1,3,9.5,4.5,0.0,2.30259,140342.0
T23,S2646,13,4,27.0,0.0,89769.0,0.0,1188,8.51161,0.6,1,13.5,2.0,0.0,1.60944,11651.9
T23,S2647,11,4,30.0,0.0,90194.0,0.0,1189,8.50445,0.6,1,15.0,2.0,0.0,1.60944,11769.4
T23,S2648,13,7,33.0,0.0,240279.0,0.0,1190,8.49729,0.3,2,16.5,3.5,0.0,2.07944,28352.9
T23,S2649,14,5,26.0,0.0,165619.0,0.0,1191,8.49015,0.5,2,13.0,2.5,0.0,1.79176,19711.9
T23,S2650,11,6,32.0,0.0,166836.0,0.0,1192,8.48303,0.4,2,16.0,3.0,0.0,1.94591,20483.6
T23,S2651,5,4,14.0,0.0,61644.0,0.0,1193,8.47591,0.6,1,7.0,2.0,0.0,1.60944,8514.4
T23,S2652,2,2,2.0,0.0,635.0,0.0,1194,8.4688,0.8,1,1.0,1.0,0.0,1.09861,1113.5
T23,S2654,3,2,6.0,0.0,19207.0,0.0,1195,8.46171,0.8,1,3.0,1.0,0.0,1.09861,3070.7
T23,S2656,2,1,3.0,0.0,15178.0,0.0,1196,8.45463,0.9,0,1.5,0.5,0.0,0.693147,2092.8
T23,S2657,4,2,5.0,0.0,103210.0,0.0,1197,8.44756,0.8,1,2.5,1.0,0.0,1.09861,11446.0
T23,S2658,4,2,5.0,0.0,75776.0,0.0,1198,8.4405,0.8,1,2.5,1.0,0.0,1.09861,8702.6
T23,S2659,3,3,9.0,0.0,23425.0,0.0,1199,8.43346,0.7,1,4.5,1.5,0.0,1.38629,4067.5
T23,S2660,9,5,19.0,0.0,45821.0,0.0,1201,8.4269,0.5,2,9.5,2.5,0.0,1.79176,7557.1
T23,S2661,6,3,19.0,0.0,155723.0,0.0,1202,8.41989,0.7,1,9.5,1.5,0.0,1.38629,17547.3
T23,S2662,8,7,21.0,0.0,124260.0,0.0,1203,8.41288,0.3,2,10.5,3.5,0.0,2.07944,16451.0
T23,S2663,25,14,88.0,0.0,736290.0,0.0,1204,8.40589,0.0,4,44.0,7.0,0.0,2.70805,82829.0
T23,S2664,15,8,38.0,0.0,368150.0,0.0,1205,8.39891,0.2,2,19.0,4.0,0.0,2.19722,41765.0
T23,S2665,38,15,69.0,0.0,379473.0,2640.0,1206,8.39194,0.0,5,34.5,7.5,0.0,2.77259,47172.3
T23,S2666,29,14,65.0,0.0,218757.0,3840.0,1207,8.38498,0.0,4,32.5,7.0,0.0,2.70805,30500.7
T23,S2667,29,12,73.0,0.0,222033.0,3665.0,1208,8.37803,0.0,4,36.5,6.0,0.0,2.56495,30028.3
T23,S2668,20,11,71.0,0.0,118829.0,3720.0,1209,8.3711,0.0,3,35.5,5.5,0.0,2.48491,19157.9
T23,S2669,9,5,32.0,0.0,222313.0,4440.0,1210,8.36417,0.5,2,16.0,2.5,0.0,1.79176,25531.3
T23,S2670,16,7,28.0,0.0,607803.0,3300.0,1211,8.35726,0.3,2,14.0,3.5,0.0,2.07944,64980.3
T23,S2671,10,5,26.0,0.0,20297.0,480.0,1212,8.35036,0.5,2,13.0,2.5,0.0,1.79176,5179.7
T23,S2672,11,4,21.0,0.0,68514.0,3000.0,1213,8.34347,0.6,1,10.5,2.0,0.0,1.60944,9376.4
T23,S2673,9,6,22.0,0.0,231376.0,0.0,1214,8.33659,0.4,2,11.0,3.0,0.0,1.94591,26687.6
T23,S2674,12,5,26.0,0.0,50923.0,0.0,1215,8.32972,0.5,2,13.0,2.5,0.0,1.79176,8242.3
T23,S2675,24,6,0.0,0.0,166413.0,0.0,1216,8.32287,0.4,2,0.0,3.0,0.0,1.94591,19641.3
T23,S2676,5,2,0.0,0.0,74751.0,0.0,1217,8.31602,0.8,1,0.0,1.0,0.0,1.09861,8475.1
T25,S2677,5,3,17.0,0.0,44766.0,0.0,1218,8.30919,0.7,1,8.5,1.5,0.0,1.38629,6401.6
T25,S2678,10,4,16.0,0.0,86278.0,0.0,1219,8.30237,0.6,1,8.0,2.0,0.0,1.60944,11027.8
T25,S2679,5,2,10.0,0.0,66331.0,0.0,1220,8.29556,0.8,1,5.0,1.0,0.0,1.09861,7883.1
T25,S2680,8,4,21.0,0.0,94365.0,0.0,1221,8.28876,0.6,1,10.5,2.0,0.0,1.60944,11961.5
T25,S2681,7,4,0.0,0.0,171291.0,0.0,1222,8.28197,0.6,1,0.0,2.0,0.0,1.60944,19129.1
T25,S2682,11,5,31.0,0.0,144419.0,0.0,1223,8.27519,0.5,2,15.5,2.5,0.0,1.79176,17716.9
T25,S2683,10,5,26.0,0.0,145631.0,0.0,1224,8.26842,0.5,2,13.0,2.5,0.0,1.79176,17713.1
T25,S2684,8,3,14.0,0.0,44261.0,0.0,1225,8.26167,0.7,1,7.0,1.5,0.0,1.38629,6276.1
T25,S2685,5,5,13.0,0.0,51910.0,0.0,1226,8.25492,0.5,2,6.5,2.5,0.0,1.79176,8016.0
T25,S2686,9,3,24.0,0.0,82363.0,0.0,1227,8.24819,0.7,1,12.0,1.5,0.0,1.38629,10336.3
T25,S2687,3,3,9.0,0.0,33648.0,0.0,1228,8.24147,0.7,1,4.5,1.5,0.0,1.38629,5089.8
T25,S2688,12,5,21.0,0.0,177026.0,0.0,1229,8.23476,0.5,2,10.5,2.5,0.0,1.79176,20727.6
T25,S2689,10,4,24.0,0.0,134533.0,0.0,1230,8.22806,0.6,1,12.0,2.0,0.0,1.60944,16053.3
T25,S2690,10,3,22.0,0.0,63523.0,0.0,1232,8.24475,0.7,1,11.0,1.5,0.0,1.38629,8402.3
T25,S2691,7,4,13.0,0.0,29826.0,0.0,1233,8.23805,0.6,1,6.5,2.0,0.0,1.60944,5307.6
T25,S2692,8,5,27.0,0.0,142133.0,0.0,1234,8.23137,0.5,2,13.5,2.5,0.0,1.79176,17388.3
T25,S2693,13,5,27.0,0.0,647950.0,0.0,1235,8.2247,0.5,2,13.5,2.5,0.0,1.79176,67970.0
T25,S2694,15,8,24.0,0.0,182613.0,0.0,1236,8.21804,0.2,2,12.0,4.0,0.0,2.19722,22861.3
T25,S2695,13,5,22.0,0.0,90160.0,0.0,1237,8.21139,0.5,2,11.0,2.5,0.0,1.79176,12066.0
T25,S2696,4,3,8.0,0.0,77743.0,0.0,1238,8.20476,0.7,1,4.0,1.5,0.0,1.38629,9474.3
T25,S2697,12,4,17.0,0.0,91675.0,0.0,1239,8.19813,0.6,1,8.5,2.0,0.0,1.60944,11592.5
T25,S2698,9,3,13.0,0.0,137186.0,0.0,1240,8.19151,0.7,1,6.5,1.5,0.0,1.38629,15543.6
T25,S2699,5,3,13.0,0.0,65385.0,0.0,1241,8.18491,0.7,1,6.5,1.5,0.0,1.38629,8363.5
T25,S2700,5,2,12.0,0.0,75515.0,0.0,1244,8.31238,0.8,1,6.0,1.0,0.0,1.09861,8851.5
T25,S2701,10,6,34.0,0.0,121138.0,0.0,1245,8.30569,0.4,2,17.0,3.0,0.0,1.94591,15963.8
T25,S2702,11,4,18.0,0.0,106713.0,0.0,1246,8.29902,0.6,1,9.0,2.0,0.0,1.60944,13121.3
T25,S2703,12,4,12.0,0.0,138573.0,0.0,1247,8.29236,0.6,1,6.0,2.0,0.0,1.60944,16157.3
T25,S2704,7,2,9.0,0.0,71588.0,0.0,1248,8.28571,0.8,1,4.5,1.0,0.0,1.09861,8383.8
T25,S2705,23,6,46.0,0.0,309198.0,0.0,1249,8.27907,0.4,2,23.0,3.0,0.0,1.94591,35069.8
T25,S2706,28,10,56.0,0.0,314827.0,0.0,1250,8.27244,0.0,3,28.0,5.0,0.0,2.3979,37882.7
T25,S2707,19,10,37.0,0.0,544856.0,0.0,1251,8.26583,0.0,3,18.5,5.0,0.0,2.3979,60410.6
T25,S2708,21,10,51.0,0.0,248098.0,0.0,1252,8.25922,0.0,3,25.5,5.0,0.0,2.3979,31084.8
T25,S2709,7,5,25.0,0.0,85270.0,0.0,1253,8.25262,0.5,2,12.5,2.5,0.0,1.79176,11652.0
T25,S2710,23,8,27.0,0.0,280387.0,0.0,1254,8.24604,0.2,2,13.5,4.0,0.0,2.19722,32713.7
T25,S2711,7,4,15.0,0.0,65533.0,0.0,1255,8.23946,0.6,1,7.5,2.0,0.0,1.60944,8928.3
T25,S2712,21,10,47.0,0.0,507832.0,0.0,1256,8.23289,0.0,3,23.5,5.0,0.0,2.3979,56958.2
T25,S2713,24,9,52.0,0.0,296463.0,0.0,1257,8.22634,0.1,3,26.0,4.5,0.0,2.30259,35446.3
T25,S2714,21,9,40.0,0.0,134045.0,0.0,1258,8.2198,0.1,3,20.0,4.5,0.0,2.30259,18904.5
T25,S2715,24,8,50.0,0.0,260346.0,0.0,1259,8.21326,0.2,2,25.0,4.0,0.0,2.19722,31284.6
T25,S2716,26,9,59.0,0.0,229415.0,0.0,1260,8.20674,0.1,3,29.5,4.5,0.0,2.30259,28916.5
T25,S2717,15,6,29.0,0.0,126197.0,0.0,1261,8.20022,0.4,2,14.5,3.0,0.0,1.94591,16344.7
T25,S2718,16,6,44.0,0.0,185663.0,0.0,1262,8.19372,0.4,2,22.0,3.0,0.0,1.94591,22666.3
T25,S2719,19,7,52.0,0.0,189107.0,0.0,1263,8.18723,0.3,2,26.0,3.5,0.0,2.07944,23710.7
T25,S2720,10,5,24.0,0.0,66498.0,0.0,1265,8.18535,0.5,2,12.0,2.5,0.0,1.79176,9749.8
T25,S2721,16,6,32.0,0.0,370725.0,0.0,1266,8.17888,0.4,2,16.0,3.0,0.0,1.94591,40872.5
T25,S2722,2,2,0.0,0.0,7540.0,0.0,1267,8.17242,0.8,1,0.0,1.0,0.0,1.09861,1754.0
T25,S2723,22,9,32.0,0.0,2116514.0,0.0,1268,8.16597,0.1,3,16.0,4.5,0.0,2.30259,216951.0
T25,S2724,13,5,27.0,0.0,335566.0,0.0,1269,8.15953,0.5,2,13.5,2.5,0.0,1.79176,36731.6
T25,S2725,25,7,64.0,0.0,1193217.0,0.0,1270,8.1531,0.3,2,32.0,3.5,0.0,2.07944,124422.0
T25,S2726,13,4,13.0,0.0,176309.0,0.0,1271,8.14668,0.6,1,6.5,2.0,0.0,1.60944,19955.9
T25,S2727,24,8,54.0,0.0,2451102.0,0.0,1272,8.14027,0.2,2,27.0,4.0,0.0,2.19722,250460.0
T25,S2728,14,5,20.0,0.0,252720.0,0.0,1273,8.13387,0.5,2,10.0,2.5,0.0,1.79176,28272.0
T25,S2729,30,5,21.0,0.0,382000.0,0.0,1274,8.12748,0.5,2,10.5,2.5,0.0,1.79176,41225.0
T25,S2730,12,6,18.0,0.0,897435.0,0.0,1275,8.1211,0.4,2,9.0,3.0,0.0,1.94591,93193.5
T25,S2731,12,3,18.0,0.0,171145.0,0.0,1276,8.11473,0.7,1,9.0,1.5,0.0,1.38629,19064.5
T25,S2732,12,3,26.0,0.0,117168.0,0.0,1277,8.10837,0.7,1,13.0,1.5,0.0,1.38629,13866.8
T25,S2733,5,2,4.0,0.0,37313.0,0.0,1278,8.10202,0.8,1,2.0,1.0,0.0,1.09861,4831.3
T25,S2734,10,3,4.0,0.0,227276.0,0.0,1279,8.09568,0.7,1,2.0,1.5,0.0,1.38629,24327.6
T25,S2735,35,12,67.0,0.0,690374.0,0.0,1280,8.08935,0.0,4,33.5,6.0,0.0,2.56495,76712.4
T25,S2736,25,5,64.0,0.0,816490.0,0.0,1281,8.08303,0.5,2,32.0,2.5,0.0,1.79176,85749.0
T25,S2737,49,4,3.0,0.0,753413.0,0.0,1282,8.07672,0.6,1,1.5,2.0,0.0,1.60944,77416.3
T25,S2738,12,4,5.0,0.0,206683.0,0.0,1283,8.07042,0.6,1,2.5,2.0,0.0,1.60944,22793.3
T25,S2739,24,7,29.0,0.0,1637145.0,0.0,1284,8.06413,0.3,2,14.5,3.5,0.0,2.07944,167940.0
T25,S2740,29,5,6.0,0.0,1663062.0,0.0,1286,8.07804,0.5,2,3.0,2.5,0.0,1.79176,168956.0
T25,S2741,15,3,0.0,0.0,1379740.0,0.0,1287,8.07176,0.7,1,0.0,1.5,0.0,1.38629,139474.0
T25,S2742,20,6,0.0,0.0,127988.0,0.0,1288,8.06549,0.4,2,0.0,3.0,0.0,1.94591,15798.8
T25,S2743,26,6,0.0,0.0,558241.0,0.0,1289,8.05923,0.4,2,0.0,3.0,0.0,1.94591,58824.1
T25,S2744,32,4,0.0,0.0,342368.0,0.0,1290,8.05297,0.6,1,0.0,2.0,0.0,1.60944,36236.8
T25,S2745,34,5,0.0,0.0,1125176.0,0.0,1291,8.04673,0.5,2,0.0,2.5,0.0,1.79176,115018.0
T25,S2746,42,3,0.0,0.0,424176.0,0.0,1292,8.0405,0.7,1,0.0,1.5,0.0,1.38629,43917.6
T25,S2747,24,6,0.0,0.0,135079.0,0.0,1293,8.03428,0.4,2,0.0,3.0,0.0,1.94591,16507.9
T24,S2748,218,13,0.0,0.0,6431537.0,0.0,1294,8.02806,0.0,4,0.0,6.5,0.0,2.63906,649654.0
T24,S2749,216,11,17.0,0.0,5482027.0,0.0,1295,8.02186,0.0,3,8.5,5.5,0.0,2.48491,554128.0
T24,S2750,223,30,30.0,29.0,15717872.0,0.0,1297,8.01565,0.0,9,0.5,15.0,0.966667,3.43399,1586810.0
T24,S2751,210,17,0.0,0.0,5920537.0,0.0,1298,8.03183,0.0,5,0.0,8.5,0.0,2.89037,600554.0
T24,S2752,53,5,0.0,0.0,3366886.0,0.0,1299,8.02564,0.5,2,0.0,2.5,0.0,1.79176,339189.0
T24,S2754,30,0,0.0,0.0,160159.0,0.0,1300,8.01946,1.0,0,0.0,0.0,0.0,0.0,16015.9
T24,S2755,36,10,0.0,0.0,4580242.0,0.0,1301,8.0133,0.0,3,0.0,5.0,0.0,2.3979,463024.0
T24,S2756,1,0,0.0,0.0,0.0,0.0,1302,8.00714,1.0,0,0.0,0.0,0.0,0.0,0.0
T24,S2757,4,1,0.0,0.0,88339.0,0.0,1303,8.00099,0.9,0,0.0,0.5,0.0,0.693147,9333.9
T24,S2758,2,1,0.0,0.0,418085.0,0.0,1304,7.99485,0.9,0,0.0,0.5,0.0,0.693147,42308.5
T24,S2759,2,1,0.0,0.0,438063.0,0.0,1305,7.98871,0.9,0,0.0,0.5,0.0,0.693147,44306.3
T24,S2760,9,6,0.0,0.0,49320.0,10.0,1307,7.98031,0.4,2,0.0,3.0,0.0,1.94591,7932.0
T24,S2761,1,1,0.0,0.0,37265.0,0.0,1308,7.9742,0.9,0,0.0,0.5,0.0,0.693147,4226.5
T24,S2762,7,4,0.0,0.0,1977013.0,0.0,1309,7.96811,0.6,1,0.0,2.0,0.0,1.60944,199701.0
T24,S2763,20,4,0.0,0.0,3482382.0,0.0,1310,7.96202,0.6,1,0.0,2.0,0.0,1.60944,350238.0
T24,S2764,44,8,0.0,0.0,3393342.0,0.0,1311,7.95594,0.2,2,0.0,4.0,0.0,2.19722,343334.0
T24,S2765,93,8,0.0,0.0,4214699.0,0.0,1312,7.94987,0.2,2,0.0,4.0,0.0,2.19722,425470.0
T24,S2766,23,4,0.0,0.0,162847.0,0.0,1313,7.94381,0.6,1,0.0,2.0,0.0,1.60944,18284.7
T24,S2767,55,3,0.0,0.0,513991.0,0.0,1314,7.93776,0.7,1,0.0,1.5,0.0,1.38629,52899.1
T24,S2768,34,3,0.0,0.0,865754.0,0.0,1315,7.93172,0.7,1,0.0,1.5,0.0,1.38629,88075.4
T24,S2769,9,1,0.0,0.0,2240113.0,0.0,1316,7.92569,0.9,0,0.0,0.5,0.0,0.693147,224511.0
T24,S2770,12,3,0.0,0.0,86740.0,0.0,1318,7.91441,0.7,1,0.0,1.5,0.0,1.38629,10174.0
T24,S2774,2,1,0.0,0.0,459265.0,0.0,1319,7.90841,0.9,0,0.0,0.5,0.0,0.693147,46426.5
T24,S2775,1,1,0.0,0.0,0.0,0.0,1320,7.90241,0.9,0,0.0,0.5,0.0,0.693147,500.0
T24,S2776,14,4,0.0,0.0,1684499.0,0.0,1321,7.89643,0.6,1,0.0,2.0,0.0,1.60944,170450.0
T24,S2777,92,16,36.0,34.0,7592433.0,0.0,1322,7.89045,0.0,5,1.0,8.0,0.944444,2.83321,767293.0
T24,S2778,21,5,20.0,20.0,511758.0,0.0,1323,7.9102,0.5,2,0.0,2.5,1.0,1.79176,53675.8
T24,S2779,20,6,0.0,0.0,846025.0,0.0,1324,7.91934,0.4,2,0.0,3.0,0.0,1.94591,87602.5
T24,S2781,9,4,20.0,20.0,1163069.0,0.0,1326,7.91116,0.6,1,0.0,2.0,1.0,1.60944,118307.0
T24,S2782,11,6,0.0,0.0,55201.0,0.0,1327,7.92027,0.4,2,0.0,3.0,0.0,1.94591,8520.1
T24,S2783,28,7,0.0,0.0,3373026.0,0.0,1328,7.91431,0.3,2,0.0,3.5,0.0,2.07944,340803.0
T24,S2784,12,5,0.0,0.0,1128107.0,0.0,1329,7.90835,0.5,2,0.0,2.5,0.0,1.79176,115311.0
T24,S2785,15,8,0.0,0.0,2937314.0,0.0,1330,7.9024,0.2,2,0.0,4.0,0.0,2.19722,297731.0
T24,S2786,6,1,0.0,0.0,95206.0,0.0,1331,7.89645,0.9,0,0.0,0.5,0.0,0.693147,10020.6
T24,S2787,66,6,57.0,57.0,1229390.0,0.0,1332,7.89052,0.4,2,0.0,3.0,1.0,1.94591,125939.0
T24,S2788,41,3,0.0,0.0,286229.0,0.0,1333,7.92739,0.7,1,0.0,1.5,0.0,1.38629,30122.9
T24,S2789,27,5,3.0,3.0,3829675.0,0.0,1334,7.92144,0.5,2,0.0,2.5,1.0,1.79176,385468.0
T24,S2790,23,8,0.0,0.0,326981.0,0.0,1336,7.91182,0.2,2,0.0,4.0,0.0,2.19722,36698.1
T24,S2791,22,4,0.0,0.0,236472.0,0.0,1337,7.9059,0.6,1,0.0,2.0,0.0,1.60944,25647.2
T24,S2792,27,4,0.0,0.0,473353.0,0.0,1338,7.89999,0.6,1,0.0,2.0,0.0,1.60944,49335.3
T24,S2793,28,6,8.0,8.0,1210474.0,0.0,1339,7.89408,0.4,2,0.0,3.0,1.0,1.94591,124047.0
T24,S2794,7,6,0.0,0.0,471694.0,0.0,1340,7.89416,0.4,2,0.0,3.0,0.0,1.94591,50169.4
T24,S2795,22,9,0.0,0.0,1976013.0,0.0,1341,7.88827,0.1,3,0.0,4.5,0.0,2.30259,202101.0
T24,S2796,1,1,0.0,0.0,85193.0,0.0,1342,7.88239,0.9,0,0.0,0.5,0.0,0.693147,9019.3
T24,S2797,3,3,0.0,0.0,656519.0,0.0,1343,7.87652,0.7,1,0.0,1.5,0.0,1.38629,67151.9
T24,S2798,5,2,0.0,0.0,99240.0,0.0,1344,7.87065,0.8,1,0.0,1.0,0.0,1.09861,10924.0
T24,S2799,3,2,0.0,0.0,108029.0,0.0,1345,7.86479,0.8,1,0.0,1.0,0.0,1.09861,11802.9
T24,S2800,2,1,0.0,0.0,16677.0,0.0,1348,7.96086,0.9,0,0.0,0.5,0.0,0.693147,2167.7
T24,S2801,8,5,0.0,0.0,65383.0,0.0,1349,7.95496,0.5,2,0.0,2.5,0.0,1.79176,9038.3
T24,S2802,47,8,24.0,24.0,382236.0,0.0,1350,7.94906,0.2,2,0.0,4.0,1.0,2.19722,42223.6
T24,S2803,4,1,0.0,0.0,366406.0,0.0,1351,7.96095,0.9,0,0.0,0.5,0.0,0.693147,37140.6
T24,S2804,8,2,0.0,0.0,83377.0,0.0,1352,7.95506,0.8,1,0.0,1.0,0.0,1.09861,9337.7
T24,S2805,4,4,0.0,0.0,17895.0,0.0,1353,7.94917,0.6,1,0.0,2.0,0.0,1.60944,3789.5
T24,S2806,1,0,0.0,0.0,1719.0,0.0,1354,7.9433,1.0,0,0.0,0.0,0.0,0.0,171.9
T24,S2807,47,11,39.0,39.0,742873.0,0.0,1355,7.93743,0.0,3,0.0,5.5,1.0,2.48491,79787.3
T24,S2808,6,1,0.0,0.0,47741.0,0.0,1356,7.96036,0.9,0,0.0,0.5,0.0,0.693147,5274.1
T24,S2810,1,1,0.0,0.0,1632.0,0.0,1358,7.95452,0.9,0,0.0,0.5,0.0,0.693147,663.2
T24,S2812,1,1,0.0,0.0,14549.0,0.0,1359,7.94866,0.9,0,0.0,0.5,0.0,0.693147,1954.9
T24,S2813,4,3,0.0,0.0,1148654.0,0.0,1360,7.94281,0.7,1,0.0,1.5,0.0,1.38629,116365.0
T24,S2814,3,3,1.0,1.0,7934.0,0.0,1361,7.93697,0.7,1,0.0,1.5,1.0,1.38629,2293.4
T24,S2815,11,4,0.0,0.0,278553.0,0.0,1362,7.93188,0.6,1,0.0,2.0,0.0,1.60944,29855.3
T24,S2816,18,2,5.0,5.0,350352.0,0.0,1363,7.92605,0.8,1,0.0,1.0,1.0,1.09861,36035.2
T24,S2817,8,3,0.0,0.0,89031.0,0.0,1364,7.92391,0.7,1,0.0,1.5,0.0,1.38629,10403.1
T24,S2818,3,3,0.0,0.0,4305.0,0.0,1365,7.9181,0.7,1,0.0,1.5,0.0,1.38629,1930.5
T24,S2819,1,1,0.0,0.0,0.0,0.0,1366,7.9123,0.9,0,0.0,0.5,0.0,0.693147,500.0
T24,S2820,77,3,107.0,107.0,1449530.0,0.0,1368,7.90657,0.7,1,0.0,1.5,1.0,1.38629,146453.0
T24,S2821,8,1,0.0,0.0,155388.0,0.0,1369,7.97901,0.9,0,0.0,0.5,0.0,0.693147,16038.8
T24,S2822,18,8,0.0,0.0,79711.0,0.0,1370,7.97318,0.2,2,0.0,4.0,0.0,2.19722,11971.1
T24,S2823,9,2,4.0,4.0,37439.0,0.0,1371,7.96736,0.8,1,0.0,1.0,1.0,1.09861,4743.9
T24,S2824,9,4,8.0,8.0,3735710.0,0.0,1372,7.96447,0.6,1,0.0,2.0,1.0,1.60944,375571.0
T24,S2826,1,1,0.0,0.0,0.0,0.0,1373,7.96449,0.9,0,0.0,0.5,0.0,0.693147,500.0
T24,S2827,1,1,0.0,0.0,0.0,0.0,1374,7.95869,0.9,0,0.0,0.5,0.0,0.693147,500.0
T24,S2828,1,1,0.0,0.0,884.0,0.0,1375,7.9529,0.9,0,0.0,0.5,0.0,0.693147,588.4
T24,S2829,5,2,0.0,0.0,336431.0,0.0,1376,7.94711,0.8,1,0.0,1.0,0.0,1.09861,34643.1
T24,S2830,12,4,0.0,0.0,41148.0,0.0,1378,7.93557,0.6,1,0.0,2.0,0.0,1.60944,6114.8
T24,S2831,4,3,0.0,0.0,109074.0,0.0,1379,7.92981,0.7,1,0.0,1.5,0.0,1.38629,12407.4
T24,S2832,12,3,1.0,1.0,21311.0,0.0,1380,7.92406,0.7,1,0.0,1.5,1.0,1.38629,3631.1
T24,S2833,7,4,0.0,0.0,121189.0,0.0,1381,7.91905,0.6,1,0.0,2.0,0.0,1.60944,14118.9
T24,S2834,3,2,0.0,0.0,55947.0,0.0,1382,7.91331,0.8,1,0.0,1.0,0.0,1.09861,6594.7
T24,S2835,12,5,18.0,18.0,380995.0,0.0,1383,7.90759,0.5,2,0.0,2.5,1.0,1.79176,40599.5
T24,S2836,3,2,0.0,0.0,12980.0,0.0,1384,7.91488,0.8,1,0.0,1.0,0.0,1.09861,2298.0
T24,S2837,7,4,0.0,0.0,95042.0,0.0,1385,7.90916,0.6,1,0.0,2.0,0.0,1.60944,11504.2
T24,S2838,4,3,0.0,0.0,242067.0,0.0,1386,7.90345,0.7,1,0.0,1.5,0.0,1.38629,25706.7
T24,S2839,11,5,40.0,40.0,75175.0,0.0,1387,7.89775,0.5,2,0.0,2.5,1.0,1.79176,10017.5
T24,S2840,33,4,40.0,40.0,465882.0,0.0,1389,7.91519,0.6,1,0.0,2.0,1.0,1.60944,48588.2
T24,S2841,1,1,0.0,0.0,0.0,0.0,1390,7.93829,0.9,0,0.0,0.5,0.0,0.693147,500.0
T24,S2842,2,2,0.0,0.0,38217.0,0.0,1391,7.93258,0.8,1,0.0,1.0,0.0,1.09861,4821.7
T24,S2843,12,9,5.0,5.0,1239158.0,0.0,1392,7.92688,0.1,3,0.0,4.5,1.0,2.30259,128416.0
T24,S2844,17,5,0.0,0.0,52081.0,0.0,1393,7.92477,0.5,2,0.0,2.5,0.0,1.79176,7708.1
T24,S2845,7,3,0.0,0.0,339.0,0.0,1394,7.91908,0.7,1,0.0,1.5,0.0,1.38629,1533.9
T24,S2846,24,2,37.0,37.0,394050.0,0.0,1395,7.9134,0.8,1,0.0,1.0,1.0,1.09861,40405.0
T24,S2847,10,5,0.0,0.0,246961.0,0.0,1396,7.93425,0.5,2,0.0,2.5,0.0,1.79176,27196.1
T24,S2848,2,0,0.0,0.0,0.0,0.0,1397,7.92857,1.0,0,0.0,0.0,0.0,0.0,0.0
T24,S2849,1,1,0.0,0.0,3649.0,0.0,1398,7.92289,0.9,0,0.0,0.5,0.0,0.693147,864.9
T24,S2850,16,4,20.0,20.0,5009474.0,0.0,1400,7.91157,0.6,1,0.0,2.0,1.0,1.60944,502947.0
T24,S2851,8,3,0.0,0.0,396421.0,0.0,1401,7.9202,0.7,1,0.0,1.5,0.0,1.38629,41142.1
T24,S2852,31,10,2.0,2.0,6573655.0,0.0,1402,7.91455,0.0,3,0.0,5.0,1.0,2.3979,662366.0
T24,S2854,5,4,2.0,2.0,24418.0,0.0,1403,7.91033,0.6,1,0.0,2.0,1.0,1.60944,4441.8
T24,S2855,4,1,0.0,0.0,784594.0,0.0,1404,7.90612,0.9,0,0.0,0.5,0.0,0.693147,78959.4
T24,S2856,6,0,0.0,0.0,0.0,0.0,1405,7.90049,1.0,0,0.0,0.0,0.0,0.0,0.0
T24,S2857,1,1,4.0,4.0,0.0,0.0,1406,7.89486,0.9,0,0.0,0.5,1.0,0.693147,500.0
T24,S2858,10,4,0.0,0.0,329368.0,0.0,1407,7.89209,0.6,1,0.0,2.0,0.0,1.60944,34936.8
T24,S2860,1,1,0.0,0.0,0.0,0.0,1409,7.88443,0.9,0,0.0,0.5,0.0,0.693147,500.0
T24,S2861,2,1,8.0,8.0,120830.0,0.0,1410,7.87884,0.9,0,0.0,0.5,1.0,0.693147,12583.0
T24,S2862,15,6,0.0,0.0,321463.0,0.0,1411,7.87892,0.4,2,0.0,3.0,0.0,1.94591,35146.3
T24,S2863,5,2,3.0,3.0,67196.0,0.0,1412,7.87334,0.8,1,0.0,1.0,1.0,1.09861,7719.6
T24,S2864,1,0,4.0,4.0,0.0,0.0,1413,7.86989,1.0,0,0.0,0.0,1.0,0.0,0.0
T24,S2865,5,2,0.0,0.0,67123.0,0.0,1414,7.86715,0.8,1,0.0,1.0,0.0,1.09861,7712.3
T24,S2866,7,3,8.0,8.0,18696.0,0.0,1415,7.86159,0.7,1,0.0,1.5,1.0,1.38629,3369.6
T24,S2867,4,4,24.0,24.0,77871.0,0.0,1416,7.86168,0.6,1,0.0,2.0,1.0,1.60944,9787.1
T24,S2868,7,3,14.0,14.0,1083853.0,0.0,1417,7.87308,0.7,1,0.0,1.5,1.0,1.38629,109885.0
T24,S2869,12,7,23.0,23.0,213924.0,60.0,1418,7.87741,0.3,2,0.0,3.5,1.0,2.07944,24892.4
T24,S2870,12,6,0.0,0.0,152287.0,0.0,1420,7.88674,0.4,2,0.0,3.0,0.0,1.94591,18228.7
T24,S2871,11,5,12.0,12.0,12818.0,0.0,1421,7.88119,0.5,2,0.0,2.5,1.0,1.79176,3781.8
T24,S2872,11,5,31.0,31.0,445846.0,0.0,1422,7.88408,0.5,2,0.0,2.5,1.0,1.79176,47084.6
T24,S2873,3,1,14.0,14.0,14007.0,0.0,1423,7.90034,0.9,0,0.0,0.5,1.0,0.693147,1900.7
T24,S2874,3,3,12.0,12.0,413158.0,0.0,1424,7.90463,0.7,1,0.0,1.5,1.0,1.38629,42815.8
T24,S2875,11,5,0.0,0.0,446307.0,0.0,1425,7.9075,0.5,2,0.0,2.5,0.0,1.79176,47130.7
T24,S2876,26,8,13.0,13.0,1260609.0,0.0,1426,7.90195,0.2,2,0.0,4.0,1.0,2.19722,130061.0
T24,S2877,2,2,9.0,9.0,72680.0,0.0,1427,7.90553,0.8,1,0.0,1.0,1.0,1.09861,8268.0
T24,S2878,3,2,9.0,9.0,40583.0,0.0,1428,7.9063,0.8,1,0.0,1.0,1.0,1.09861,5058.3
T24,S2879,15,5,2.0,2.0,140337.0,0.0,1429,7.90706,0.5,2,0.0,2.5,1.0,1.79176,16533.7
T24,S2880,11,4,13.0,13.0,250007.0,240.0,1431,7.91349,0.6,1,0.0,2.0,1.0,1.60944,27000.7
T24,S2881,20,9,45.0,45.0,562578.0,720.0,1432,7.91704,0.1,3,0.0,4.5,1.0,2.30259,60757.8
T24,S2882,5,1,0.0,0.0,106660.0,0.0,1433,7.94294,0.9,0,0.0,0.5,0.0,0.693147,11166.0
T24,S2883,20,3,48.0,48.0,3455369.0,0.0,1434,7.93739,0.7,1,0.0,1.5,1.0,1.38629,347037.0
T24,S2885,27,9,21.0,21.0,4558488.0,7680.0,1435,7.96533,0.1,3,0.0,4.5,1.0,2.30259,460349.0
T24,S2886,2,1,4.0,4.0,48321.0,0.0,1436,7.97441,0.9,0,0.0,0.5,1.0,0.693147,5332.1
T24,S2887,26,8,18.0,18.0,410379.0,20.0,1437,7.97165,0.2,2,0.0,4.0,1.0,2.19722,45037.9
T24,S2888,3,2,26.0,26.0,216635.0,0.0,1438,7.97862,0.8,1,0.0,1.0,1.0,1.09861,22663.5
T24,S2889,5,1,8.0,8.0,130574.0,0.0,1439,7.99116,0.9,0,0.0,0.5,1.0,0.693147,13557.4
T28,S2890,10,4,31.0,2.0,1457.0,0.0,1441,7.99464,0.6,1,14.5,2.0,0.0645161,1.60944,2870.7
T28,S2891,31,8,51.8,17.3,60947.0,5520.0,1442,7.99048,0.2,2,17.25,4.0,0.333977,2.19722,10957.2
T28,S2892,86,7,445.25,63.0,2080480.0,0.0,1443,7.99694,0.3,2,191.125,3.5,0.141494,2.07944,221104.0
T28,S2893,21,7,113.0,35.0,19380.0,0.0,1444,8.03505,0.3,2,39.0,3.5,0.309735,2.07944,7388.0
T28,S2894,3,2,24.0,0.0,0.0,0.0,1445,8.05373,0.8,1,12.0,1.0,0.0,1.09861,1600.0
T28,S2895,40,11,67.0,53.0,212858.0,5520.0,1446,8.04815,0.0,3,7.0,5.5,0.791045,2.48491,27135.8
T28,S2896,33,9,113.25,92.25,385010.0,0.0,1447,8.07924,0.1,3,10.5,4.5,0.81457,2.30259,43526.0
T28,S2897,20,6,89.0,36.0,175587.0,0.0,1448,8.13741,0.4,2,26.5,3.0,0.404494,1.94591,21883.7
T28,S2898,35,11,68.5,64.5,410248.0,7320.0,1449,8.15665,0.0,3,2.0,5.5,0.941606,2.48491,46624.8
T28,S2899,45,11,67.5,61.5,398357.0,4860.0,1450,8.19554,0.0,3,3.0,5.5,0.911111,2.48491,45485.7
T28,S2900,54,7,181.29999999999998,181.29999999999998,564130.0,0.0,1453,8.29878,0.3,2,0.0,3.5,1.0,2.07944,59913.0
T28,S2901,20,11,74.0,55.0,950097.0,0.0,1454,8.41785,0.0,3,9.5,5.5,0.743243,2.48491,100985.0
T28,S2902,41,10,66.0,64.0,460391.0,4320.0,1455,8.44989,0.0,3,1.0,5.0,0.969697,2.3979,51089.1
T28,S2903,39,9,66.5,63.5,413052.0,8940.0,1456,8.48806,0.1,3,1.5,4.5,0.954887,2.30259,45880.2
T28,S2904,7,5,42.0,42.0,200321.0,0.0,1457,8.52585,0.5,2,0.0,2.5,1.0,1.79176,22532.1
T28,S2905,56,12,86.0,85.0,460308.0,5040.0,1458,8.54882,0.0,4,0.5,6.0,0.988372,2.56495,52055.8
T28,S2906,31,9,161.5,91.5,539214.0,0.0,1459,8.60126,0.1,3,35.0,4.5,0.566563,2.30259,60171.4
T28,S2907,39,9,53.5,49.5,475448.0,3910.0,1460,8.65808,0.1,3,2.0,4.5,0.925234,2.30259,52144.8
T28,S2908,12,8,78.0,78.0,517072.0,0.0,1461,8.68605,0.2,2,0.0,4.0,1.0,2.19722,55707.2
T28,S2909,45,10,60.5,59.5,493067.0,4300.0,1462,8.73349,0.0,3,0.5,5.0,0.983471,2.3979,54331.7
T28,S2910,30,9,116.25,67.25,340193.0,0.0,1464,8.76427,0.1,3,24.5,4.5,0.578495,2.30259,39744.3
T28,S2911,37,10,76.0,67.0,822315.0,5520.0,1465,8.80422,0.0,3,4.5,5.0,0.881579,2.3979,87456.5
T28,S2912,29,12,197.5,187.5,829030.0,0.0,1466,8.84395,0.0,4,5.0,6.0,0.949367,2.56495,89153.0
T28,S2913,40,11,69.0,68.0,406980.0,4800.0,1467,8.96581,0.0,3,0.5,5.5,0.985507,2.48491,46223.0
T28,S2914,71,6,293.25,273.25,1270107.0,0.0,1468,9.00606,0.4,2,10.0,3.0,0.931799,1.94591,130511.0
T28,S2915,41,10,65.0,60.0,341572.0,1920.0,1469,9.18606,0.0,3,2.5,5.0,0.923077,2.3979,39282.2
T28,S2916,34,9,116.1,95.6,733374.0,0.0,1470,9.22065,0.1,3,10.25,4.5,0.823428,2.30259,78349.9
T28,S2917,33,11,65.0,63.0,335575.0,4440.0,1471,9.27941,0.0,3,1.0,5.5,0.969231,2.48491,39107.5
T28,S2918,37,9,228.0,153.0,1145095.0,0.0,1472,9.31593,0.1,3,37.5,4.5,0.671053,2.30259,120884.0
T28,S2919,24,13,165.0,137.0,565910.0,0.0,1473,9.41354,0.0,4,14.0,6.5,0.830303,2.63906,63791.0
T28,S2920,47,11,87.0,81.0,693975.0,9060.0,1475,9.49711,0.0,3,3.0,5.5,0.931035,2.48491,75047.5
T28,S2921,36,11,70.0,67.0,410546.0,3600.0,1476,9.54558,0.0,3,1.5,5.5,0.957143,2.48491,46629.6
T28,S2922,31,13,243.0,218.0,1088239.0,0.0,1477,9.58451,0.0,4,12.5,6.5,0.897119,2.63906,115949.0
T28,S2923,19,8,79.0,59.0,207797.0,0.0,1478,9.72561,0.2,2,10.0,4.0,0.746835,2.19722,25279.7
T28,S2924,30,10,61.0,61.0,367008.0,2040.0,1479,9.75895,0.0,3,0.0,5.0,1.0,2.3979,41700.8
T28,S2925,38,12,80.0,80.0,417767.0,1200.0,1480,9.7936,0.0,4,0.0,6.0,1.0,2.56495,47776.7
T28,S2926,17,7,91.0,79.0,452547.0,0.0,1481,9.84104,0.3,2,6.0,3.5,0.868132,2.07944,49054.7
T28,S2927,21,9,41.0,41.0,217651.0,6600.0,1482,9.88773,0.1,3,0.0,4.5,1.0,2.30259,26265.1
T28,S2928,28,10,52.0,52.0,327713.0,480.0,1483,9.90873,0.0,3,0.0,5.0,1.0,2.3979,37771.3
T28,S2929,30,9,61.0,57.0,381724.0,2880.0,1484,9.93711,0.1,3,2.0,4.5,0.934426,2.30259,42772.4
T28,S2930,19,8,113.5,107.5,839913.0,0.0,1486,9.97086,0.2,2,3.0,4.0,0.947137,2.19722,88141.3
T28,S2931,12,5,38.25,38.25,126548.0,0.0,1487,10.0365,0.5,2,0.0,2.5,1.0,1.79176,15154.8
T28,S2932,13,6,55.0,55.0,515613.0,0.0,1488,10.0555,0.4,2,0.0,3.0,1.0,1.94591,54561.3
T28,S2933,10,1,17.5,17.5,45820.0,0.0,1489,10.0857,0.9,0,0.0,0.5,1.0,0.693147,5082.0
T28,S2934,17,7,36.0,36.0,207707.0,2880.0,1490,10.0907,0.3,2,0.0,3.5,1.0,2.07944,24270.7
T28,S2935,36,11,232.0,209.0,2560538.0,0.0,1491,10.108,0.0,3,11.5,5.5,0.900862,2.48491,262129.0
T28,S2936,14,3,11.0,11.0,192074.0,0.0,1492,10.2414,0.7,1,0.0,1.5,1.0,1.38629,20707.4
T28,S2937,16,7,85.0,85.0,927333.0,0.0,1493,10.2419,0.3,2,0.0,3.5,1.0,2.07944,96233.3
T28,S2938,3,2,6.0,6.0,8818.0,0.0,1494,10.292,0.8,1,0.0,1.0,1.0,1.09861,1881.8
T28,S2939,34,10,58.0,58.0,684865.0,0.0,1495,10.2891,0.0,3,0.0,5.0,1.0,2.3979,73486.5
T28,S2940,1,1,1.0,1.0,2601.0,0.0,1497,10.3235,0.9,0,0.0,0.5,1.0,0.693147,760.1
T28,S2941,49,10,250.45,246.45,624348.0,0.0,1498,10.3173,0.0,3,2.0,5.0,0.984029,2.3979,67534.8
T28,S2942,5,2,3.5,3.5,12947.0,0.0,1499,10.4749,0.8,1,0.0,1.0,1.0,1.09861,2294.7
T28,S2943,23,6,35.0,29.0,352100.0,0.0,1500,10.4703,0.4,2,3.0,3.0,0.828571,1.94591,38360.0
T28,S2944,25,9,100.1,90.1,1914641.0,0.0,1501,10.4826,0.1,3,5.0,4.5,0.9001,2.30259,196214.0
T28,S2945,2,1,3.0,3.0,258.0,0.0,1502,10.5357,0.9,0,0.0,0.5,1.0,0.693147,525.8
T28,S2946,5,3,3.0,3.0,6437.0,0.0,1503,10.5306,0.7,1,0.0,1.5,1.0,1.38629,2143.7
T28,S2947,39,10,69.0,69.0,835396.0,1.0,1504,10.5256,0.0,3,0.0,5.0,1.0,2.3979,88539.6
T28,S2948,1,1,1.5,1.5,4299.0,0.0,1505,10.5645,0.9,0,0.0,0.5,1.0,0.693147,929.9
T28,S2949,4,2,1.0,1.0,21986.0,0.0,1506,10.5585,0.8,1,0.0,1.0,1.0,1.09861,3198.6
T28,S2950,35,8,50.0,50.0,531572.0,960.0,1508,10.5518,0.2,2,0.0,4.0,1.0,2.19722,57157.2
T28,S2951,82,15,384.5,241.5,4717689.0,0.0,1509,10.5779,0.0,5,71.5,7.5,0.628088,2.77259,482844.0
T28,S2952,19,7,62.5,42.5,563735.0,0.0,1510,10.731,0.3,2,10.0,3.5,0.68,2.07944,60373.5
T28,S2953,6,3,6.0,4.0,49018.0,0.0,1511,10.752,0.7,1,1.0,1.5,0.666667,1.38629,6451.8
T28,S2954,30,8,54.0,54.0,545404.0,9120.0,1512,10.7475,0.2,2,0.0,4.0,1.0,2.19722,58540.4
T28,S2955,9,3,15.0,15.0,490309.0,0.0,1513,10.7761,0.7,1,0.0,1.5,1.0,1.38629,50530.9
T28,S2956,18,8,55.0,54.0,226801.0,3600.0,1514,10.7789,0.2,2,0.5,4.0,0.981818,2.19722,26705.1
T28,S2957,30,10,57.0,57.0,674432.0,0.0,1515,10.8075,0.0,3,0.0,5.0,1.0,2.3979,72443.2
T28,S2958,14,6,91.0,83.0,483778.0,0.0,1516,10.838,0.4,2,4.0,3.0,0.912088,1.94591,51577.8
T28,S2959,67,9,445.5,431.5,5210236.0,0.0,1517,10.8856,0.1,3,7.0,4.5,0.968575,2.30259,525874.0
T28,S2960,2,2,8.0,8.0,34523.0,0.0,1519,11.1673,0.8,1,0.0,1.0,1.0,1.09861,4452.3
T28,S2961,29,11,57.0,57.0,513976.0,1200.0,1520,11.1653,0.0,3,0.0,5.5,1.0,2.48491,56897.6
T28,S2962,13,5,59.0,57.0,246872.0,0.0,1521,11.1954,0.5,2,1.0,2.5,0.966102,1.79176,27237.2
T28,S2964,15,6,58.1,45.1,507139.0,0.0,1522,11.2255,0.4,2,6.5,3.0,0.776248,1.94591,54038.9
T28,S2965,10,2,23.0,23.0,160968.0,0.0,1523,11.2478,0.8,1,0.0,1.0,1.0,1.09861,17096.8
T28,S2966,7,1,19.0,19.0,83584.0,0.0,1524,11.2555,0.9,0,0.0,0.5,1.0,0.693147,8858.4
T28,S2967,24,9,48.0,46.0,552624.0,0.0,1525,11.2606,0.1,3,1.0,4.5,0.958333,2.30259,59812.4
T28,S2968,6,2,9.0,8.0,41496.0,0.0,1526,11.2834,0.8,1,0.5,1.0,0.888889,1.09861,5174.6
T28,S2969,23,9,100.0,94.0,518946.0,0.0,1527,11.2812,0.1,3,3.0,4.5,0.94,2.30259,56544.6
T28,S2970,2,2,14.0,14.0,33189.0,0.0,1528,11.3354,0.8,1,0.0,1.0,1.0,1.09861,4318.9
T28,S2971,2,1,0.0,0.0,0.0,0.0,1529,11.3371,0.9,0,0.0,0.5,0.0,0.693147,500.0
T28,S2972,12,4,5.75,5.75,274170.0,0.0,1530,11.3297,0.6,1,0.0,2.0,1.0,1.60944,29417.0
T28,S2973,20,10,34.0,27.0,416847.0,0.0,1531,11.3261,0.0,3,3.5,5.0,0.794118,2.3979,46859.7
T28,S2974,2,1,2.5,2.5,4300.0,0.0,1532,11.3363,0.9,0,0.0,0.5,1.0,0.693147,930.0
T28,S2975,5,2,8.5,8.5,12666.0,0.0,1533,11.3305,0.8,1,0.0,1.0,1.0,1.09861,2266.6
T28,S2976,16,9,35.0,31.0,188191.0,0.0,1534,11.3287,0.1,3,2.0,4.5,0.885714,2.30259,23419.1
T28,S2977,32,8,179.0,175.0,1204702.0,0.0,1535,11.3415,0.2,2,2.0,4.0,0.977654,2.19722,124570.0
T28,S2978,3,2,36.0,36.0,172102.0,0.0,1536,11.4481,0.8,1,0.0,1.0,1.0,1.09861,18210.2
T28,S2980,16,7,115.25,111.25,541078.0,0.0,1538,11.4768,0.3,2,2.0,3.5,0.965293,2.07944,57707.8
T28,S2981,3,2,22.0,16.0,405458.0,0.0,1539,11.5417,0.8,1,3.0,1.0,0.727273,1.09861,41695.8
T28,S2982,21,6,32.0,31.0,651177.0,0.0,1540,11.5446,0.4,2,0.5,3.0,0.96875,1.94591,68142.7
T28,S2983,4,2,19.0,19.0,7801.0,0.0,1541,11.5572,0.8,1,0.0,1.0,1.0,1.09861,1780.1
T28,S2984,3,2,5.0,4.0,10206.0,0.0,1542,11.5621,0.8,1,0.5,1.0,0.8,1.09861,2045.6
T28,S2985,6,4,16.0,16.0,156711.0,0.0,1543,11.5572,0.6,1,0.0,2.0,1.0,1.60944,17671.1
T28,S2986,7,2,8.0,8.0,1163459.0,0.0,1544,11.56,0.8,1,0.0,1.0,1.0,1.09861,117346.0
T28,S2987,33,10,44.0,44.0,841995.0,0.0,1545,11.5577,0.0,3,0.0,5.0,1.0,2.3979,89199.5
T28,S2988,32,7,164.25,162.25,2669292.0,0.0,1546,11.5787,0.3,2,1.0,3.5,0.987823,2.07944,270479.0
T28,S2989,34,7,179.5,151.5,830746.0,0.0,1547,11.6762,0.3,2,14.0,3.5,0.844011,2.07944,87274.6
T28,S2990,30,10,69.0,66.0,362173.0,0.0,1549,11.779,0.0,3,1.5,5.0,0.956522,2.3979,41292.3
T28,S2991,1,1,0.0,0.0,12439.0,0.0,1550,11.814,0.9,0,0.0,0.5,0.0,0.693147,1743.9
T28,S2992,12,4,36.5,36.5,70814.0,0.0,1551,11.8064,0.6,1,0.0,2.0,1.0,1.60944,9081.4
T28,S2993,5,4,38.0,35.0,1056919.0,0.0,1552,11.8223,0.6,1,1.5,2.0,0.921053,1.60944,107767.0
T28,S2994,6,2,9.0,9.0,24129.0,0.0,1553,11.8372,0.8,1,0.0,1.0,1.0,1.09861,3412.9
T28,S2995,40,11,74.0,74.0,1355976.0,0.0,1554,11.8354,0.0,3,0.0,5.5,1.0,2.48491,141098.0
T28,S2996,19,6,93.0,93.0,165680.0,0.0,1555,11.8754,0.4,2,0.0,3.0,1.0,1.94591,19568.0
T28,S2997,23,9,48.0,48.0,750468.0,0.0,1556,11.9276,0.1,3,0.0,4.5,1.0,2.30259,79546.8
T28,S2998,3,1,4.0,4.0,3433.0,0.0,1557,11.9508,0.9,0,0.0,0.5,1.0,0.693147,843.3
T28,S3000,16,7,53.0,53.0,263289.0,0.0,1561,12.0759,0.3,2,0.0,3.5,1.0,2.07944,29828.9
T28,S3001,8,3,6.0,5.0,303649.0,0.0,1562,12.1021,0.7,1,0.5,1.5,0.833333,1.38629,31889.9
T28,S3002,39,9,173.0,145.0,1459204.0,0.0,1563,12.0976,0.1,3,14.0,4.5,0.83815,2.30259,151120.0
T28,S3003,17,8,73.5,73.0,290971.0,0.0,1564,12.1826,0.2,2,0.25,4.0,0.993197,2.19722,33109.6
T28,S3004,27,9,63.0,63.0,460172.0,0.0,1565,12.2215,0.1,3,0.0,4.5,1.0,2.30259,50517.2
T28,S3005,3,1,5.5,5.5,1895.0,0.0,1566,12.2539,0.9,0,0.0,0.5,1.0,0.693147,689.5
T28,S3006,9,6,32.5,32.5,146814.0,0.0,1567,12.2496,0.4,2,0.0,3.0,1.0,1.94591,17681.4
T28,S3007,37,11,87.0,78.0,691342.0,0.0,1568,12.2625,0.0,3,4.5,5.5,0.896552,2.48491,74859.2
T28,S3008,2,2,5.0,5.0,95171.0,0.0,1569,12.3045,0.8,1,0.0,1.0,1.0,1.09861,10517.1
T28,S3009,12,4,15.0,15.0,272492.0,0.0,1570,12.2998,0.6,1,0.0,2.0,1.0,1.60944,29249.2
T28,S3010,24,8,115.5,100.5,590714.0,0.0,1572,12.2969,0.2,2,7.5,4.0,0.87013,2.19722,63446.4
T28,S3011,11,5,71.0,53.0,390199.0,0.0,1573,12.353,0.5,2,9.0,2.5,0.746479,1.79176,41969.9
T28,S3012,45,10,89.0,86.0,1500218.0,0.0,1574,12.3788,0.0,3,1.5,5.0,0.966292,2.3979,155097.0
T28,S3013,8,4,43.0,43.0,165494.0,0.0,1575,12.4256,0.6,1,0.0,2.0,1.0,1.60944,18549.4
T28,S3014,7,3,17.0,17.0,37482.0,0.0,1576,12.445,0.7,1,0.0,1.5,1.0,1.38629,5248.2
T28,S3015,24,7,105.5,87.5,942602.0,0.0,1577,12.4479,0.3,2,9.0,3.5,0.829384,2.07944,98210.2
T28,S3016,15,5,65.0,57.0,312801.0,0.0,1578,12.4955,0.5,2,4.0,2.5,0.876923,1.79176,33980.1
T28,S3017,6,3,8.0,8.0,131127.0,0.0,1579,12.5237,0.7,1,0.0,1.5,1.0,1.38629,14612.7
T28,S3018,30,10,51.0,51.0,280706.0,0.0,1580,12.5208,0.0,3,0.0,5.0,1.0,2.3979,33070.6
T28,S3019,21,8,116.0,108.0,454205.0,0.0,1581,12.5452,0.2,2,4.0,4.0,0.931035,2.19722,49620.5
T28,S3020,6,3,12.0,12.0,87520.0,0.0,1583,12.6102,0.7,1,0.0,1.5,1.0,1.38629,10252.0
T28,S3022,6,1,17.0,2.0,0.0,0.0,1584,12.6098,0.9,0,7.5,0.5,0.117647,0.693147,875.0
T28,S3024,3,1,11.0,0.0,1118652.0,0.0,1585,12.6031,0.9,0,5.5,0.5,0.0,0.693147,112640.0
T28,S3025,2,2,2.0,2.0,18608.0,0.0,1586,12.5952,0.8,1,0.0,1.0,1.0,1.09861,2860.8
T28,S3027,2,1,3.0,3.0,25715.0,0.0,1587,12.5885,0.9,0,0.0,0.5,1.0,0.693147,3071.5
T28,S3028,4,3,10.0,10.0,37980.0,0.0,1588,12.5825,0.7,1,0.0,1.5,1.0,1.38629,5298.0
T28,S3029,27,9,47.0,47.0,461920.0,0.0,1589,12.5808,0.1,3,0.0,4.5,1.0,2.30259,50692.0
T28,S3030,28,10,224.75,224.75,1289910.0,0.0,1591,12.6116,0.0,3,0.0,5.0,1.0,2.3979,133991.0
T28,S3031,48,10,183.5,170.5,1854158.0,0.0,1592,12.7449,0.0,3,6.5,5.0,0.929155,2.3979,190741.0
T28,S3032,3,1,4.0,4.0,98381.0,0.0,1593,12.844,0.9,0,0.0,0.5,1.0,0.693147,10338.1
T28,S3033,7,3,12.0,12.0,90573.0,0.0,1594,12.8384,0.7,1,0.0,1.5,1.0,1.38629,10557.3
T28,S3034,43,10,77.0,73.0,543804.0,0.0,1595,12.8379,0.0,3,2.0,5.0,0.948052,2.3979,59480.4
T28,S3035,20,7,158.0,80.0,369958.0,180.0,1596,12.8756,0.3,2,39.0,3.5,0.506329,2.07944,42445.8
T28,S3036,10,4,8.5,8.5,127131.0,0.0,1597,12.9177,0.6,1,0.0,2.0,1.0,1.60944,14713.1
T28,S3037,27,9,131.5,129.5,573970.0,0.0,1598,12.9149,0.1,3,1.0,4.5,0.984791,2.30259,61947.0
T28,S3038,1,1,2.0,2.0,8734.0,0.0,1599,12.9879,0.9,0,0.0,0.5,1.0,0.693147,1373.4
T28,S3039,10,4,17.5,17.5,109227.0,0.0,1600,12.981,0.6,1,0.0,2.0,1.0,1.60944,12922.7
T28,S3040,40,12,76.0,72.0,410822.0,0.0,1602,12.9776,0.0,4,2.0,6.0,0.947368,2.56495,47182.2
T28,S3041,24,5,122.0,118.0,464810.0,0.0,1603,13.0144,0.5,2,2.0,2.5,0.967213,1.79176,49081.0
T28,S3042,21,5,77.0,71.0,1396749.0,0.0,1604,13.0799,0.5,2,3.0,2.5,0.922078,1.79176,142325.0
T28,S3043,7,5,2.0,2.0,23030.0,0.0,1605,13.116,0.5,2,0.0,2.5,1.0,1.79176,4803.0
T28,S3044,4,1,3.0,3.0,18798.0,0.0,1606,13.1091,0.9,0,0.0,0.5,1.0,0.693147,2379.8
T28,S3045,29,9,66.0,66.0,423678.0,0.0,1607,13.1028,0.1,3,0.0,4.5,1.0,2.30259,46867.8
T28,S3046,9,3,8.5,8.5,133173.0,0.0,1608,13.1357,0.7,1,0.0,1.5,1.0,1.38629,14817.3
T28,S3047,17,7,100.0,78.0,149729.0,0.0,1609,13.1329,0.3,2,11.0,3.5,0.78,2.07944,19022.9
T28,S3048,3,2,1.0,1.0,34743.0,0.0,1610,13.1732,0.8,1,0.0,1.0,1.0,1.09861,4474.3
T28,S3049,25,5,187.0,155.0,1261459.0,0.0,1611,13.1656,0.5,2,16.0,2.5,0.828877,1.79176,129446.0
T28,S3050,33,10,133.1,133.1,1428098.0,0.0,1613,13.2504,0.0,3,0.0,5.0,1.0,2.3979,147810.0
T28,S3051,14,2,31.0,31.0,241454.0,0.0,1614,13.3247,0.8,1,0.0,1.0,1.0,1.09861,25145.4
T28,S3052,18,7,67.75,66.75,376590.0,0.0,1615,13.3356,0.3,2,0.5,3.5,0.98524,2.07944,41184.0
T28,S3053,4,2,4.0,4.0,117076.0,0.0,1616,13.3687,0.8,1,0.0,1.0,1.0,1.09861,12707.6
T28,S3054,9,5,45.0,44.0,142843.0,0.0,1617,13.3629,0.5,2,0.5,2.5,0.977778,1.79176,16809.3
T28,S3055,8,4,9.0,4.0,158188.0,0.0,1618,13.3819,0.6,1,2.5,2.0,0.444444,1.60944,17943.8
T28,S3056,30,11,119.5,97.5,1359555.0,0.0,1619,13.3761,0.0,3,11.0,5.5,0.8159,2.48491,142006.0
T28,S3057,6,5,20.0,20.0,43483.0,0.0,1620,13.428,0.5,2,0.0,2.5,1.0,1.79176,6848.3
T28,S3058,2,1,3.0,0.0,167146.0,0.0,1621,13.4321,0.9,0,1.5,0.5,0.0,0.693147,17289.6
T28,S3059,1,1,1.0,1.0,8378.0,0.0,1622,13.4238,0.9,0,0.0,0.5,1.0,0.693147,1337.8
T28,S3060,4,2,25.5,22.5,8799.0,0.0,1624,13.4128,0.8,1,1.5,1.0,0.882353,1.09861,1954.9
T28,S3061,8,4,38.5,33.5,86217.0,0.0,1625,13.4184,0.6,1,2.5,2.0,0.87013,1.60944,10746.7
T28,S3062,10,3,27.5,27.5,558011.0,0.0,1626,13.4308,0.7,1,0.0,1.5,1.0,1.38629,57301.1
T28,S3063,14,7,127.75,107.75,421290.0,0.0,1627,13.4394,0.3,2,10.0,3.5,0.843444,2.07944,46129.0
T28,S3064,6,3,12.5,12.5,66331.0,0.0,1628,13.4974,0.7,1,0.0,1.5,1.0,1.38629,8133.1
T28,S3065,20,10,68.0,66.0,701463.0,0.0,1629,13.4968,0.0,3,1.0,5.0,0.970588,2.3979,75196.3
T28,S3066,17,3,19.7,17.7,184084.0,0.0,1630,13.529,0.7,1,1.0,1.5,0.898477,1.38629,19958.4
T28,S3067,13,4,4.25,4.25,126077.0,0.0,1631,13.5316,0.6,1,0.0,2.0,1.0,1.60944,14607.7
T28,S3068,21,7,117.5,117.5,606849.0,0.0,1632,13.5259,0.3,2,0.0,3.5,1.0,2.07944,64184.9
T28,S3069,19,6,94.0,90.0,429061.0,0.0,1633,13.5896,0.4,2,2.0,3.0,0.957447,1.94591,46006.1
T28,S3070,8,4,8.5,5.5,14526.0,0.0,1635,13.6292,0.6,1,1.5,2.0,0.647059,1.60944,3527.6
T28,S3071,10,3,6.6,6.6,12281.0,0.0,1636,13.6243,0.7,1,0.0,1.5,1.0,1.38629,2728.1
T28,S3072,11,3,45.2,39.2,221373.0,0.0,1637,13.62,0.7,1,3.0,1.5,0.867257,1.38629,23787.3
T28,S3073,10,6,74.0,59.0,226560.0,0.0,1638,13.6356,0.4,2,7.5,3.0,0.797297,1.94591,26031.0
T28,S3074,26,8,139.0,137.0,1170460.0,0.0,1639,13.6633,0.2,2,1.0,4.0,0.985611,2.19722,121096.0
T28,S3075,39,9,139.75,115.75,1489705.0,0.0,1640,13.7386,0.1,3,12.0,4.5,0.828265,2.30259,154070.0
T28,S3076,18,5,17.0,17.0,300387.0,0.0,1641,13.8008,0.5,2,0.0,2.5,1.0,1.79176,32538.7
T28,S3077,9,5,14.5,10.5,255978.0,480.0,1642,13.8027,0.5,2,2.0,2.5,0.724138,1.79176,28197.8
T28,S3078,18,5,81.0,67.0,416327.0,0.0,1643,13.8007,0.5,2,7.0,2.5,0.82716,1.79176,44482.7
T28,S3079,16,4,5.5,5.5,233154.0,0.0,1644,13.8331,0.6,1,0.0,2.0,1.0,1.60944,25315.4
T28,S3080,23,8,119.25,85.25,867765.0,0.0,1646,13.8324,0.2,2,17.0,4.0,0.714885,2.19722,91626.5
T28,S3081,16,9,50.75,50.75,710278.0,0.0,1647,13.8757,0.1,3,0.0,4.5,1.0,2.30259,75527.8
T28,S3082,20,9,69.5,61.5,319930.0,0.0,1648,13.8981,0.1,3,4.0,4.5,0.884892,2.30259,36693.0
T28,S3083,24,7,69.5,67.5,499653.0,0.0,1649,13.927,0.3,2,1.0,3.5,0.971223,2.07944,53515.3
T28,S3084,6,3,25.5,25.5,143824.0,0.0,1650,13.9595,0.7,1,0.0,1.5,1.0,1.38629,15882.4
T28,S3085,39,7,127.45,126.45,816434.0,0.0,1651,13.9665,0.3,2,0.5,3.5,0.992154,2.07944,85168.4
T28,S3086,21,10,87.25,83.25,923584.0,0.0,1652,14.0346,0.0,3,2.0,5.0,0.954155,2.3979,97458.4
T28,S3087,10,5,37.5,36.5,140914.0,0.0,1653,14.0765,0.5,2,0.5,2.5,0.973333,1.79176,16616.4
T28,S3088,19,6,106.75,90.75,502018.0,0.0,1654,14.0901,0.4,2,8.0,3.0,0.850117,1.94591,53601.8
T28,S3089,10,5,71.2,71.2,274230.0,0.0,1655,14.1364,0.5,2,0.0,2.5,1.0,1.79176,29923.0
T28,S3090,33,8,105.75,98.75,1051230.0,0.0,1656,14.1709,0.2,2,3.5,4.0,0.933806,2.19722,109298.0
T28,S3091,3,3,10.0,10.0,115710.0,0.0,1657,14.222,0.7,1,0.0,1.5,1.0,1.38629,13071.0
T28,S3092,20,8,112.1,108.1,901439.0,0.0,1658,14.2195,0.2,2,2.0,4.0,0.964318,2.19722,94243.9
T28,S3093,14,7,78.5,78.5,1187036.0,0.0,1659,14.2761,0.3,2,0.0,3.5,1.0,2.07944,122204.0
T28,S3094,36,7,166.0,134.0,795716.0,0.0,1660,14.3148,0.3,2,16.0,3.5,0.807229,2.07944,83871.6
T28,S3095,59,10,208.5,162.5,7113740.0,0.0,1661,14.3869,0.0,3,23.0,5.0,0.779377,2.3979,717524.0
T28,S3096,30,9,172.6,172.6,1188724.0,0.0,1662,14.4761,0.1,3,0.0,4.5,1.0,2.30259,123372.0
T28,S3097,18,8,142.0,136.0,522810.0,0.0,1663,14.5712,0.2,2,3.0,4.0,0.957747,2.19722,56431.0
T28,S3098,16,3,41.1,40.1,591317.0,0.0,1664,14.6442,0.7,1,0.5,1.5,0.975669,1.38629,60656.7
T28,S3099,16,6,65.0,61.0,363856.0,0.0,1665,14.6595,0.4,2,2.0,3.0,0.938462,1.94591,39485.6
T28,S3100,29,7,62.0,56.0,469888.0,0.0,1668,14.7531,0.3,2,3.0,3.5,0.903226,2.07944,50638.8
T28,S3101,26,8,125.0,121.0,597776.0,0.0,1669,14.7778,0.2,2,2.0,4.0,0.968,2.19722,63877.6
T28,S3102,20,8,110.5,105.5,1054195.0,0.0,1670,14.8415,0.2,2,2.5,4.0,0.954751,2.19722,109544.0
T28,S3103,31,6,140.7,134.7,666717.0,0.0,1671,14.8958,0.4,2,3.0,3.0,0.957356,1.94591,69821.7
T28,S3104,8,4,37.0,11.0,230320.0,0.0,1672,14.9675,0.6,1,13.0,2.0,0.297297,1.60944,25682.0
T28,S3105,35,7,83.75,83.75,378522.0,0.0,1673,14.9651,0.3,2,0.0,3.5,1.0,2.07944,41352.2
T28,S3106,24,7,121.0,114.5,2748016.0,1590.0,1674,15.0062,0.3,2,3.25,3.5,0.946281,2.07944,278464.0
T28,S3107,21,7,103.6,100.6,1711896.0,0.0,1675,15.0656,0.3,2,1.5,3.5,0.971042,2.07944,174765.0
T28,S3108,20,8,133.0,125.0,881337.0,0.0,1676,15.1167,0.2,2,4.0,4.0,0.93985,2.19722,92333.7
T28,S3109,3,2,20.0,14.0,116007.0,0.0,1677,15.1823,0.8,1,3.0,1.0,0.7,1.09861,12750.7
T28,S3110,17,6,77.0,65.0,586696.0,0.0,1678,15.1816,0.4,2,6.0,3.0,0.844156,1.94591,61969.6
T28,S3111,42,10,245.5,231.5,3516421.0,0.0,1679,15.2113,0.0,3,7.0,5.0,0.942973,2.3979,356992.0
T28,S3112,33,11,125.0,121.0,1004467.0,0.0,1680,15.3401,0.0,3,2.0,5.5,0.968,2.48491,106047.0
T28,S3113,21,7,56.5,54.5,254700.0,0.0,1681,15.403,0.3,2,1.0,3.5,0.964602,2.07944,29020.0
T28,S3114,25,7,107.0,100.0,831820.0,0.0,1682,15.4262,0.3,2,3.5,3.5,0.934579,2.07944,86857.0
T28,S3115,23,9,103.75,93.75,833916.0,0.0,1683,15.4765,0.1,3,5.0,4.5,0.903614,2.30259,88141.6
T28,S3116,24,7,90.25,87.25,871260.0,0.0,1684,15.523,0.3,2,1.5,3.5,0.966759,2.07944,90701.0
T28,S3117,18,3,80.5,75.5,888306.0,0.0,1685,15.5656,0.7,1,2.5,1.5,0.937888,1.38629,90455.6
T28,S3118,7,4,35.0,35.0,75617.0,0.0,1686,15.6012,0.6,1,0.0,2.0,1.0,1.60944,9561.7
T28,S3119,6,3,17.0,17.0,46518.0,0.0,1687,15.6127,0.7,1,0.0,1.5,1.0,1.38629,6151.8
T28,S3120,36,10,163.5,150.0,1505357.0,0.0,1689,15.606,0.0,3,6.75,5.0,0.917431,2.3979,155873.0
T28,S3121,15,6,47.5,44.5,283735.0,0.0,1690,15.6856,0.4,2,1.5,3.0,0.936842,1.94591,31448.5
T28,S3122,20,8,75.5,67.5,824996.0,0.0,1691,15.7027,0.2,2,4.0,4.0,0.89404,2.19722,86699.6
T28,S3123,8,5,73.0,73.0,68260.0,0.0,1692,15.7333,0.5,2,0.0,2.5,1.0,1.79176,9326.0
T28,S3124,35,7,125.0,118.0,1208890.0,0.0,1693,15.7671,0.3,2,3.5,3.5,0.944,2.07944,124564.0
T28,S3125,58,12,200.75,171.75,2402742.0,0.0,1694,15.8275,0.0,4,14.5,6.0,0.855542,2.56495,246999.0
T28,S3126,4,4,20.0,20.0,376364.0,0.0,1695,15.9196,0.6,1,0.0,2.0,1.0,1.60944,39636.4
T28,S3127,28,11,107.0,105.0,709422.0,0.0,1696,15.922,0.0,3,1.0,5.5,0.981308,2.48491,76492.2
T28,S3128,22,7,53.5,53.5,449756.0,0.0,1697,15.9745,0.3,2,0.0,3.5,1.0,2.07944,48475.6
T28,S3129,57,12,231.5,205.5,2978076.0,0.0,1698,15.9966,0.0,4,13.0,6.0,0.887689,2.56495,304458.0
T28,S3130,13,6,82.0,82.0,233716.0,0.0,1700,16.1011,0.4,2,0.0,3.0,1.0,1.94591,26371.6
T28,S3131,24,6,140.75,136.75,236915.0,0.0,1701,16.1398,0.4,2,2.0,3.0,0.971581,1.94591,26791.5
T28,S3132,12,5,91.0,91.0,253660.0,0.0,1702,16.2107,0.5,2,0.0,2.5,1.0,1.79176,27866.0
T28,S3133,31,9,117.5,107.5,1405151.0,0.0,1703,16.2547,0.1,3,5.0,4.5,0.914894,2.30259,145265.0
T28,S3134,22,7,47.0,45.0,338687.0,0.0,1704,16.3083,0.3,2,1.0,3.5,0.957447,2.07944,37418.7
T28,S3135,55,12,239.7,199.7,2591705.0,0.0,1705,16.3251,0.0,4,20.0,6.0,0.833125,2.56495,266170.0
T28,S3136,24,8,96.0,76.0,407089.0,0.0,1706,16.4327,0.2,2,10.0,4.0,0.791667,2.19722,45208.9
T28,S3137,21,9,91.0,83.0,772996.0,0.0,1707,16.4676,0.1,3,4.0,4.5,0.912088,2.30259,81999.6
T28,S3138,16,7,83.4,83.4,406428.0,0.0,1708,16.5066,0.3,2,0.0,3.5,1.0,2.07944,44142.8
T28,S3139,25,6,103.0,95.0,1299881.0,0.0,1709,16.5457,0.4,2,4.0,3.0,0.92233,1.94591,133188.0
T28,S3140,28,10,66.5,65.5,407233.0,0.0,1711,16.5843,0.0,3,0.5,5.0,0.984962,2.3979,45748.3
T28,S3141,15,7,78.0,78.0,493360.0,0.0,1712,16.6128,0.3,2,0.0,3.5,1.0,2.07944,52836.0
T28,S3142,31,9,142.25,142.25,1298629.0,0.0,1713,16.6487,0.1,3,0.0,4.5,1.0,2.30259,134363.0
T28,S3143,63,14,227.6,198.6,3857394.0,0.0,1714,16.722,0.0,4,14.5,7.0,0.872584,2.70805,393464.0
T28,S3144,16,8,110.0,110.0,524113.0,0.0,1715,16.8281,0.2,2,0.0,4.0,1.0,2.19722,56411.3
T28,S3145,31,9,126.25,119.25,1578188.0,0.0,1716,16.8825,0.1,3,3.5,4.5,0.944554,2.30259,162494.0
T28,S3146,47,10,146.25,146.25,1141330.0,0.0,1717,16.9421,0.0,3,0.0,5.0,1.0,2.3979,119133.0
T28,S3147,56,12,232.6,195.6,1612307.0,0.0,1718,17.0174,0.0,4,18.5,6.0,0.840929,2.56495,168156.0
T28,S3148,24,7,66.75,58.75,491619.0,0.0,1719,17.1214,0.3,2,4.0,3.5,0.88015,2.07944,52861.9
T28,S3149,31,9,140.0,130.0,913994.0,0.0,1720,17.1456,0.1,3,5.0,4.5,0.928571,2.30259,96149.4
T28,S3150,26,9,115.5,105.5,463348.0,0.0,1722,17.2157,0.1,3,5.0,4.5,0.91342,2.30259,51084.8
T28,S3151,23,9,155.5,149.5,505689.0,0.0,1723,17.267,0.1,3,3.0,4.5,0.961415,2.30259,55218.9
T28,S3152,18,7,63.0,49.0,544419.0,0.0,1724,17.3438,0.3,2,7.0,3.5,0.777778,2.07944,58291.9
T28,S3153,69,11,207.0,187.0,2608781.0,0.0,1725,17.3621,0.0,3,10.0,5.5,0.903382,2.48491,266878.0
T28,S3154,28,8,148.25,148.25,967414.0,0.0,1726,17.4605,0.2,2,0.0,4.0,1.0,2.19722,100741.0
T28,S3155,29,10,261.5,246.5,1835299.0,0.0,1727,17.5362,0.0,3,7.5,5.0,0.942639,2.3979,188905.0
T28,S3156,57,14,136.4,126.9,816959.0,0.0,1728,17.6688,0.0,4,4.75,7.0,0.930352,2.70805,88933.4
T28,S3157,35,9,135.0,135.0,1876307.0,0.0,1729,17.732,0.1,3,0.0,4.5,1.0,2.30259,192131.0
T28,S3158,39,10,163.1,147.1,1599744.0,0.0,1730,17.7998,0.0,3,8.0,5.0,0.901901,2.3979,165374.0
T28,S3159,88,15,235.04999999999995,228.94999999999996,1774230.0,0.0,1731,17.8746,0.0,5,3.05,7.5,0.974048,2.77259,185076.0
T28,S3160,55,9,175.0,171.0,577132.0,0.0,1733,17.9896,0.1,3,2.0,4.5,0.977143,2.30259,62313.2
T28,S3161,35,8,93.1,72.1,475635.0,0.0,1734,18.0779,0.2,2,10.5,4.0,0.774436,2.19722,52088.5
T28,S3162,32,6,87.0,68.0,1015933.0,0.0,1735,18.109,0.4,2,9.5,3.0,0.781609,1.94591,105068.0
T28,S3163,44,13,180.1,178.1,1901199.0,0.0,1736,18.1378,0.0,4,1.0,6.5,0.988895,2.63906,196670.0
T28,S3164,34,9,90.7,87.2,532591.0,0.0,1737,18.2299,0.1,3,1.75,4.5,0.961411,2.30259,57846.6
T28,S3165,26,10,135.0,134.0,455336.0,120.0,1738,18.2697,0.0,3,0.5,5.0,0.992593,2.3979,50558.6
T28,S3166,33,8,125.5,125.5,533537.0,0.0,1739,18.3362,0.2,2,0.0,4.0,1.0,2.19722,57353.7
T28,S3167,29,10,128.75,118.75,1540078.0,0.0,1740,18.3979,0.0,3,5.0,5.0,0.92233,2.3979,159258.0
T28,S3168,36,12,121.75,103.25,1281627.0,0.0,1741,18.4555,0.0,4,9.25,6.0,0.848049,2.56495,134625.0
T28,S3169,11,6,62.0,58.0,1181549.0,0.0,1742,18.5042,0.4,2,2.0,3.0,0.935484,1.94591,121255.0
T28,S3170,35,11,138.0,136.0,802098.0,0.0,1744,18.526,0.0,3,1.0,5.5,0.985507,2.48491,85759.8
T28,S3171,35,13,134.5,126.5,799493.0,0.0,1745,18.5934,0.0,4,4.0,6.5,0.94052,2.63906,86649.3
T28,S3172,63,7,248.6,202.6,1402318.0,0.0,1746,18.6552,0.3,2,23.0,3.5,0.814964,2.07944,144882.0
T28,S3173,6,4,37.0,37.0,50528.0,0.0,1747,18.7606,0.6,1,0.0,2.0,1.0,1.60944,7052.8
T28,S3174,45,13,221.29999999999998,197.29999999999998,1040086.0,0.0,1748,18.771,0.0,4,12.0,6.5,0.89155,2.63906,111109.0
T28,S3176,16,6,76.5,72.5,1079218.0,0.0,1749,18.8732,0.4,2,2.0,3.0,0.947712,1.94591,111022.0
T28,S3177,32,10,182.0,166.0,722881.0,240.0,1750,18.9038,0.0,3,8.0,5.0,0.912088,2.3979,77688.1
T28,S3178,29,8,141.5,121.0,1126733.0,0.0,1751,18.9879,0.2,2,10.25,4.0,0.855124,2.19722,117186.0
T28,S3179,22,8,136.0,126.0,1365580.0,0.0,1752,19.0461,0.2,2,5.0,4.0,0.926471,2.19722,140808.0
T28,S3180,43,10,105.55000000000001,87.55000000000001,1015688.0,0.0,1754,19.106,0.0,3,9.0,5.0,0.829465,2.3979,107019.0
T28,S3181,60,11,182.5,182.5,777864.0,0.0,1755,19.145,0.0,3,0.0,5.5,1.0,2.48491,83286.4
T28,S3182,30,8,98.0,98.0,565126.0,0.0,1756,19.2381,0.2,2,0.0,4.0,1.0,2.19722,60512.6
T28,S3183,58,11,124.8,123.8,1149154.0,0.0,1757,19.2829,0.0,3,0.5,5.5,0.991987,2.48491,120440.0
T28,S3184,61,12,242.5,232.5,4957605.0,300.0,1758,19.3424,0.0,4,5.0,6.0,0.958763,2.56495,502010.0
T28,S3185,25,7,99.5,99.5,1971699.0,0.0,1759,19.4637,0.3,2,0.0,3.5,1.0,2.07944,200670.0
T28,S3186,11,4,50.5,33.5,3202203.0,0.0,1760,19.5092,0.6,1,8.5,2.0,0.663366,1.60944,322645.0
T28,S3187,63,9,185.05,152.05,1054238.0,0.0,1761,19.5171,0.1,3,16.5,4.5,0.82167,2.30259,110749.0
T28,S3188,22,7,98.5,97.5,590839.0,0.0,1762,19.5924,0.3,2,0.5,3.5,0.989848,2.07944,62608.9
T28,S3189,20,9,124.0,124.0,541840.0,0.0,1763,19.6366,0.1,3,0.0,4.5,1.0,2.30259,58684.0
T28,S3190,24,5,141.5,129.5,2059961.0,0.0,1765,19.6892,0.5,2,6.0,2.5,0.915194,1.79176,208796.0
T28,S3191,35,9,106.4,106.4,639678.0,0.0,1766,19.7514,0.1,3,0.0,4.5,1.0,2.30259,68467.8
T28,S3192,19,6,109.0,109.0,425228.0,0.0,1767,19.8004,0.4,2,0.0,3.0,1.0,1.94591,45522.8
T28,S3193,18,6,93.0,93.0,291523.0,0.0,1768,19.8509,0.4,2,0.0,3.0,1.0,1.94591,32152.3
T28,S3194,12,6,109.0,109.0,559830.0,0.0,1769,19.8923,0.4,2,0.0,3.0,1.0,1.94591,58983.0
T28,S3195,14,4,49.5,49.5,181639.0,0.0,1770,19.9427,0.6,1,0.0,2.0,1.0,1.60944,20163.9
T28,S3196,48,9,137.8,137.8,814028.0,0.0,1771,19.9594,0.1,3,0.0,4.5,1.0,2.30259,85902.8
T28,S3197,6,4,13.0,13.0,16806.0,0.0,1772,20.0259,0.6,1,0.0,2.0,1.0,1.60944,3680.6
T28,S3198,27,9,138.0,138.0,463851.0,0.0,1773,20.0219,0.1,3,0.0,4.5,1.0,2.30259,50885.1
T28,S3199,21,5,105.5,89.5,490765.0,0.0,1774,20.0885,0.5,2,8.0,2.5,0.848341,1.79176,51976.5
T28,S3200,18,6,100.0,100.0,476456.0,0.0,1777,20.1292,0.4,2,0.0,3.0,1.0,1.94591,50645.6
T28,S3201,38,10,90.6,78.6,1600433.0,0.0,1778,20.1741,0.0,3,6.0,5.0,0.86755,2.3979,165343.0
T28,S3202,35,6,152.0,152.0,367715.0,0.0,1779,20.207,0.4,2,0.0,3.0,1.0,1.94591,39771.5
T28,S3203,16,5,131.25,117.25,940097.0,0.0,1780,20.281,0.5,2,7.0,2.5,0.893333,1.79176,96859.7
T28,S3204,20,8,124.0,111.0,2799288.0,0.0,1781,20.3355,0.2,2,6.5,4.0,0.895161,2.19722,284254.0
T28,S3205,22,9,74.6,73.6,1309158.0,0.0,1782,20.3864,0.1,3,0.5,4.5,0.986595,2.30259,135441.0
T28,S3206,30,5,140.0,117.0,1584232.0,0.0,1783,20.4163,0.5,2,11.5,2.5,0.835714,1.79176,161498.0
T28,S3207,9,6,39.0,39.0,38687.0,0.0,1784,20.4705,0.4,2,0.0,3.0,1.0,1.94591,6868.7
T28,S3208,23,7,122.0,122.0,278725.0,0.0,1785,20.4808,0.3,2,0.0,3.5,1.0,2.07944,31372.5
T28,S3209,23,6,74.80000000000001,74.80000000000001,269113.0,0.0,1786,20.5377,0.4,2,0.0,3.0,1.0,1.94591,29911.3
T28,S3210,16,7,73.0,73.0,330716.0,0.0,1788,20.5594,0.3,2,0.0,3.5,1.0,2.07944,36571.6
T28,S3211,67,13,235.59999999999997,218.09999999999997,5552975.0,0.0,1789,20.5887,0.0,4,8.75,6.5,0.925722,2.63906,562235.0
T28,S3212,30,10,136.5,104.5,1010946.0,0.0,1790,20.6991,0.0,3,16.0,5.0,0.765568,2.3979,106895.0
T28,S3213,26,7,127.0,127.0,207878.0,0.0,1791,20.7459,0.3,2,0.0,3.5,1.0,2.07944,24287.8
T28,S3214,13,5,58.0,58.0,50145.0,0.0,1792,20.8053,0.5,2,0.0,2.5,1.0,1.79176,7514.5
T28,S3215,16,6,70.85,68.85,222375.0,0.0,1793,20.826,0.4,2,1.0,3.0,0.971771,1.94591,25287.5
T28,S3216,30,8,182.25,159.25,2954382.0,0.0,1794,20.8528,0.2,2,11.5,4.0,0.8738,2.19722,300013.0
T28,S3217,18,4,108.0,108.0,188248.0,0.0,1795,20.93,0.6,1,0.0,2.0,1.0,1.60944,20824.8
T28,S3218,9,6,29.0,29.0,143425.0,0.0,1796,20.9785,0.4,2,0.0,3.0,1.0,1.94591,17342.5
T28,S3219,34,9,141.75,114.75,679057.0,0.0,1797,20.9829,0.1,3,13.5,4.5,0.809524,2.30259,73080.7
T28,S3220,23,8,54.75,54.75,715045.0,0.0,1799,21.0323,0.2,2,0.0,4.0,1.0,2.19722,75504.5
T28,S3221,27,9,160.0,148.0,920475.0,0.0,1800,21.051,0.1,3,6.0,4.5,0.925,2.30259,96847.5
T28,S3222,33,11,124.35,106.35,645432.0,0.0,1801,21.1216,0.0,3,9.0,5.5,0.855247,2.48491,70493.2
T28,S3223,34,8,151.25,138.25,833304.0,0.0,1802,21.1689,0.2,2,6.5,4.0,0.91405,2.19722,87655.4
T28,S3224,15,6,25.35,25.35,326397.0,0.0,1803,21.2339,0.4,2,0.0,3.0,1.0,1.94591,35639.7
T28,S3225,40,9,189.0,181.0,999100.0,0.0,1804,21.2362,0.1,3,4.0,4.5,0.957672,2.30259,104610.0
T28,S3226,1,1,4.0,4.0,0.0,0.0,1805,21.3247,0.9,0,0.0,0.5,1.0,0.693147,500.0
T28,S3227,28,8,104.2,103.2,615879.0,0.0,1806,21.3151,0.2,2,0.5,4.0,0.990403,2.19722,65612.9
T28,S3228,24,8,67.85,59.85,345563.0,0.0,1807,21.3605,0.2,2,4.0,4.0,0.882093,2.19722,38756.3
T28,S3229,34,8,87.6,86.6,865914.0,0.0,1808,21.3818,0.2,2,0.5,4.0,0.988584,2.19722,90616.4
T28,S3230,25,9,129.1,125.1,558448.0,0.0,1810,21.4309,0.1,3,2.0,4.5,0.969016,2.30259,60444.8
T28,S3231,41,11,165.5,150.0,900740.0,0.0,1811,21.4881,0.0,3,7.75,5.5,0.906344,2.48491,95961.5
T28,S3232,27,7,98.9,74.9,369751.0,0.0,1812,21.5591,0.3,2,12.0,3.5,0.757331,2.07944,41075.1
T28,S3233,15,6,63.0,53.0,474311.0,0.0,1813,21.5885,0.4,2,5.0,3.0,0.84127,1.94591,50681.1
T28,S3234,44,8,148.0,127.0,511631.0,0.0,1814,21.6059,0.2,2,10.5,4.0,0.858108,2.19722,55688.1
T28,S3235,31,6,78.7,72.7,651979.0,0.0,1815,21.664,0.4,2,3.0,3.0,0.923761,1.94591,68347.9
T28,S3236,35,8,177.2,171.2,1054859.0,0.0,1816,21.6921,0.2,2,3.0,4.0,0.96614,2.19722,109636.0
T28,S3237,46,9,164.5,140.5,2271937.0,0.0,1817,21.7744,0.1,3,12.0,4.5,0.854103,2.30259,232294.0
T28,S3239,21,8,72.1,61.1,632278.0,0.0,1818,21.8398,0.2,2,5.5,4.0,0.847434,2.19722,67502.8
T28,S3240,23,5,108.7,105.7,285851.0,0.0,1820,21.857,0.5,2,1.5,2.5,0.972401,1.79176,31160.1
T28,S3241,7,4,41.0,41.0,700273.0,0.0,1821,21.9031,0.6,1,0.0,2.0,1.0,1.60944,72027.3
T28,S3242,6,3,15.0,13.0,78974.0,0.0,1822,21.9136,0.7,1,1.0,1.5,0.866667,1.38629,9447.4
T28,S3243,34,5,119.0,111.0,704912.0,0.0,1823,21.9087,0.5,2,4.0,2.5,0.932773,1.79176,73191.2
T28,S3244,8,5,70.0,70.0,0.0,0.0,1824,21.9576,0.5,2,0.0,2.5,1.0,1.79176,2500.0
T28,S3245,4,1,11.0,10.0,2218259.0,0.0,1825,21.9839,0.9,0,0.5,0.5,0.909091,0.693147,222351.0
T28,S3246,4,1,18.0,18.0,9.0,0.0,1826,21.9773,0.9,0,0.0,0.5,1.0,0.693147,500.9
T28,S3247,10,2,14.0,14.0,418852.0,240.0,1827,21.9752,0.8,1,0.0,1.0,1.0,1.09861,42885.2
T28,S3248,1,1,2.0,2.0,132791.0,0.0,1828,21.9708,0.9,0,0.0,0.5,1.0,0.693147,13779.1
T28,S3249,21,6,76.0,69.0,678957.0,0.0,1829,21.9599,0.4,2,3.5,3.0,0.907895,1.94591,71070.7
T28,S3250,1,1,4.0,4.0,196005.0,0.0,1831,21.979,0.9,0,0.0,0.5,1.0,0.693147,20100.5
T28,S3251,24,6,72.0,72.0,471124.0,0.0,1832,21.9692,0.4,2,0.0,3.0,1.0,1.94591,50112.4
T28,S3252,11,4,25.0,25.0,175538.0,0.0,1833,21.9965,0.6,1,0.0,2.0,1.0,1.60944,19553.8
T28,S3253,12,6,82.0,80.0,1503125.0,0.0,1834,21.9982,0.4,2,1.0,3.0,0.97561,1.94591,153362.0
T28,S3254,18,5,54.0,54.0,625945.0,0.0,1835,22.0298,0.5,2,0.0,2.5,1.0,1.79176,65094.5
T28,S3255,24,5,84.5,80.5,619298.0,0.0,1836,22.0472,0.5,2,2.0,2.5,0.952663,1.79176,64529.8
T28,S3256,11,2,139.0,139.0,124179.0,0.0,1837,22.079,0.8,1,0.0,1.0,1.0,1.09861,13417.9
T28,S3257,24,5,94.0,88.0,358985.0,0.0,1838,22.1427,0.5,2,3.0,2.5,0.93617,1.79176,38548.5
T28,S3258,16,3,68.3,68.3,202640.0,0.0,1839,22.1785,0.7,1,0.0,1.5,1.0,1.38629,21764.0
T28,S3259,27,2,51.0,41.0,424111.0,0.0,1840,22.2036,0.8,1,5.0,1.0,0.803922,1.09861,43661.1
T28,S3260,12,3,31.5,31.5,254590.0,0.0,1842,22.2061,0.7,1,0.0,1.5,1.0,1.38629,26959.0
T28,S3261,30,7,148.2,144.2,1432089.0,0.0,1843,22.2111,0.3,2,2.0,3.5,0.973009,2.07944,146809.0
T28,S3262,3,1,0.0,0.0,40280.0,0.0,1844,22.2773,0.9,0,0.0,0.5,0.0,0.693147,4528.0
T28,S3263,12,2,23.0,23.0,240533.0,0.0,1845,22.2653,0.8,1,0.0,1.0,1.0,1.09861,25053.3
T28,S3264,10,3,35.0,35.0,226254.0,0.0,1846,22.2657,0.7,1,0.0,1.5,1.0,1.38629,24125.4
T28,S3265,8,2,0.0,0.0,75006.0,0.0,1847,22.2726,0.8,1,0.0,1.0,0.0,1.09861,8500.6
T28,S3266,5,1,11.0,11.0,18780.0,0.0,1848,22.2605,0.9,0,0.0,0.5,1.0,0.693147,2378.0
T28,S3267,7,3,38.5,38.5,274735.0,0.0,1849,22.2544,0.7,1,0.0,1.5,1.0,1.38629,28973.5
T28,S3268,11,2,4.0,4.0,113548.0,0.0,1850,22.2632,0.8,1,0.0,1.0,1.0,1.09861,12354.8
T28,S3269,5,1,64.0,64.0,266870.0,6720.0,1851,22.2533,0.9,0,0.0,0.5,1.0,0.693147,27187.0
T28,S3270,3,2,21.0,21.0,76163.0,0.0,1853,22.2665,0.8,1,0.0,1.0,1.0,1.09861,8616.3
T28,S3271,10,2,29.0,29.0,1996617.0,0.0,1854,22.2659,0.8,1,0.0,1.0,1.0,1.09861,200662.0
T28,S3272,3,2,7.0,7.0,15488.0,0.0,1855,22.2695,0.8,1,0.0,1.0,1.0,1.09861,2548.8
T28,S3273,20,4,145.0,135.0,4329892.0,32160.0,1856,22.2613,0.6,1,5.0,2.0,0.931035,1.60944,435239.0
T28,S3274,2,2,8.0,8.0,328.0,0.0,1857,22.322,0.8,1,0.0,1.0,1.0,1.09861,1032.8
T28,S3275,2,1,4.0,4.0,54494.0,0.0,1858,22.3143,0.9,0,0.0,0.5,1.0,0.693147,5949.4
T28,S3276,2,1,6.0,6.0,27842.0,0.0,1859,22.3044,0.9,0,0.0,0.5,1.0,0.693147,3284.2
T28,S3277,48,4,156.6,141.6,1330195.0,0.0,1860,22.2957,0.6,1,7.5,2.0,0.904215,1.60944,135394.0
T28,S3278,6,2,14.0,14.0,36582.0,0.0,1861,22.3598,0.8,1,0.0,1.0,1.0,1.09861,4658.2
T28,S3279,28,5,158.25,158.25,1411652.0,1260.0,1862,22.3553,0.5,2,0.0,2.5,1.0,1.79176,143665.0
T28,S3280,5,1,10.0,10.0,16603.0,0.0,1864,22.4179,0.9,0,0.0,0.5,1.0,0.693147,2160.3
T28,S3282,3,1,0.0,0.0,0.0,0.0,1865,22.4112,0.9,0,0.0,0.5,0.0,0.693147,500.0
T28,S3283,11,2,42.0,42.0,193895.0,0.0,1866,22.3992,0.8,1,0.0,1.0,1.0,1.09861,20389.5
T28,S3284,25,6,9.0,9.0,1335110.0,1622.0,1867,22.4097,0.4,2,0.0,3.0,1.0,1.94591,136511.0
T29,S3286,25,3,21.0,21.0,1913256.0,0.0,1868,22.4025,0.7,1,0.0,1.5,1.0,1.38629,192826.0
T29,S3287,5,2,0.0,0.0,23905.0,0.0,1869,22.4018,0.8,1,0.0,1.0,0.0,1.09861,3390.5
T29,S3288,37,2,58.0,58.0,225922.0,0.0,1870,22.3898,0.8,1,0.0,1.0,1.0,1.09861,23592.2
T29,S3289,8,2,6.0,6.0,2234.0,0.0,1871,22.4088,0.8,1,0.0,1.0,1.0,1.09861,1223.4
T29,S3290,7,2,10.0,10.0,12611.0,0.0,1873,22.3907,0.8,1,0.0,1.0,1.0,1.09861,2261.1
T29,S3291,5,2,5.0,5.0,62733.0,0.0,1874,22.3841,0.8,1,0.0,1.0,1.0,1.09861,7273.3
T29,S3292,13,3,28.0,28.0,247802.0,0.0,1875,22.3749,0.7,1,0.0,1.5,1.0,1.38629,26280.2
T30,S3293,6,2,18.0,4.0,4554.0,0.0,1876,22.3779,0.8,1,7.0,1.0,0.222222,1.09861,1805.4
T30,S3294,29,1,26.0,3.0,31629.0,0.0,1877,22.3681,0.9,0,11.5,0.5,0.115385,0.693147,4237.9
T30,S3295,1,1,0.0,0.0,2834.0,0.0,1878,22.3577,0.9,0,0.0,0.5,0.0,0.693147,783.4
T30,S3296,5,3,1.0,1.0,7776.0,0.0,1879,22.3458,0.7,1,0.0,1.5,1.0,1.38629,2277.6
T30,S3297,3,2,0.0,0.0,2679.0,0.0,1880,22.3345,0.8,1,0.0,1.0,0.0,1.09861,1267.9
T30,S3298,1,1,0.0,0.0,17284.0,0.0,1881,22.3226,0.9,0,0.0,0.5,0.0,0.693147,2228.4
T30,S3299,7,4,0.0,0.0,84684.0,0.0,1882,22.3107,0.6,1,0.0,2.0,0.0,1.60944,10468.4
T30,S3300,4,1,6.0,6.0,103578.0,0.0,1885,22.3118,0.9,0,0.0,0.5,1.0,0.693147,10857.8
T30,S3301,2,1,0.0,0.0,102289.0,0.0,1886,22.3032,0.9,0,0.0,0.5,0.0,0.693147,10728.9
T30,S3302,2,2,0.0,0.0,31314.0,0.0,1887,22.2913,0.8,1,0.0,1.0,0.0,1.09861,4131.4
T30,S3303,7,2,0.0,0.0,200233.0,0.0,1888,22.2795,0.8,1,0.0,1.0,0.0,1.09861,21023.3
T30,S3304,9,3,0.0,0.0,268091.0,0.0,1889,22.2677,0.7,1,0.0,1.5,0.0,1.38629,28309.1
T30,S3305,4,2,0.0,0.0,256675.0,0.0,1890,22.2559,0.8,1,0.0,1.0,0.0,1.09861,26667.5
T30,S3306,5,0,0.0,0.0,161115.0,0.0,1891,22.2442,1.0,0,0.0,0.0,0.0,0.0,16111.5
T30,S3307,11,2,0.0,0.0,216669.0,0.0,1892,22.2324,0.8,1,0.0,1.0,0.0,1.09861,22666.9
T30,S3308,13,2,3.0,3.0,22730.0,0.0,1893,22.2207,0.8,1,0.0,1.0,1.0,1.09861,3273.0
T30,S3309,4,2,3.0,3.0,244786.0,0.0,1894,22.2105,0.8,1,0.0,1.0,1.0,1.09861,25478.6
T30,S3310,12,4,3.0,0.0,800528.0,0.0,1896,22.1929,0.6,1,1.5,2.0,0.0,1.60944,82127.8
T30,S3311,5,3,2.0,2.0,37197.0,0.0,1897,22.1812,0.7,1,0.0,1.5,1.0,1.38629,5219.7
T30,S3312,14,3,0.0,0.0,68538.0,0.0,1898,22.1705,0.7,1,0.0,1.5,0.0,1.38629,8353.8
T30,S3313,13,2,2.0,0.0,663944.0,0.0,1899,22.1588,0.8,1,1.0,1.0,0.0,1.09861,67444.4
T30,S3314,17,4,0.0,0.0,369615.0,0.0,1900,22.1472,0.6,1,0.0,2.0,0.0,1.60944,38961.5
T30,S3315,7,2,3.0,3.0,79004.0,0.0,1901,22.1355,0.8,1,0.0,1.0,1.0,1.09861,8900.4
T30,S3316,18,6,4.0,2.0,350221.0,0.0,1902,22.1255,0.4,2,1.0,3.0,0.5,1.94591,38072.1
T30,S3317,11,4,12.0,12.0,248023.0,0.0,1903,22.1149,0.6,1,0.0,2.0,1.0,1.60944,26802.3
T30,S3318,6,5,6.0,6.0,262681.0,0.0,1904,22.1096,0.5,2,0.0,2.5,1.0,1.79176,28768.1
T30,S3319,13,4,3.0,3.0,216212.0,0.0,1905,22.1011,0.6,1,0.0,2.0,1.0,1.60944,23621.2
T30,S3320,24,3,5.0,5.0,47245.0,0.0,1907,22.0858,0.7,1,0.0,1.5,1.0,1.38629,6224.5
T30,S3321,18,5,22.0,22.0,152654.0,0.0,1908,22.0768,0.5,2,0.0,2.5,1.0,1.79176,17765.4
T30,S3322,8,3,0.0,0.0,423412.0,0.0,1909,22.0768,0.7,1,0.0,1.5,0.0,1.38629,43841.2
T30,S3323,14,3,26.0,26.0,52753.0,0.0,1910,22.0652,0.7,1,0.0,1.5,1.0,1.38629,6775.3
T30,S3324,22,3,48.0,48.0,519054.0,0.0,1911,22.0673,0.7,1,0.0,1.5,1.0,1.38629,53405.4
T30,S3325,6,1,9.0,9.0,111336.0,0.0,1912,22.0808,0.9,0,0.0,0.5,1.0,0.693147,11633.6
T30,S3326,11,3,15.0,15.0,50280.0,0.0,1913,22.074,0.7,1,0.0,1.5,1.0,1.38629,6528.0
T30,S3327,12,5,5.0,5.0,314359.0,0.0,1914,22.0703,0.5,2,0.0,2.5,1.0,1.79176,33935.9
T30,S3328,3,1,8.0,8.0,1424.0,0.0,1915,22.0614,0.9,0,0.0,0.5,1.0,0.693147,642.4
T30,S3329,6,2,23.0,23.0,29787.0,0.0,1916,22.054,0.8,1,0.0,1.0,1.0,1.09861,3978.7
T30,S3330,14,4,33.0,33.0,331848.0,0.0,1918,22.0571,0.6,1,0.0,2.0,1.0,1.60944,35184.8
T30,S3331,9,3,25.0,25.0,151423.0,0.0,1919,22.0628,0.7,1,0.0,1.5,1.0,1.38629,16642.3
T30,S3332,16,4,16.0,16.0,828470.0,0.0,1920,22.0643,0.6,1,0.0,2.0,1.0,1.60944,84847.0
T30,S3333,12,3,17.0,17.0,301523.0,0.0,1921,22.0612,0.7,1,0.0,1.5,1.0,1.38629,31652.3
T30,S3334,19,4,60.0,55.0,1114978.0,0.0,1922,22.0586,0.6,1,2.5,2.0,0.916667,1.60944,113623.0
T30,S3335,16,4,29.0,29.0,156397.0,0.0,1923,22.0757,0.6,1,0.0,2.0,1.0,1.60944,17639.7
T30,S3336,19,4,46.0,46.0,224282.0,0.0,1924,22.0793,0.6,1,0.0,2.0,1.0,1.60944,24428.2
T30,S3337,12,3,30.0,30.0,74829.0,0.0,1925,22.0917,0.7,1,0.0,1.5,1.0,1.38629,8982.9
T30,S3338,20,5,58.0,55.0,377853.0,0.0,1926,22.0958,0.5,2,1.5,2.5,0.948276,1.79176,40360.3
T30,S3339,17,4,17.0,17.0,551987.0,0.0,1927,22.1129,0.6,1,0.0,2.0,1.0,1.60944,57198.7
T30,S3340,18,7,56.0,56.0,399323.0,0.0,1929,22.1066,0.3,2,0.0,3.5,1.0,2.07944,43432.3
T30,S3341,15,3,38.0,30.0,251924.0,0.0,1930,22.1241,0.7,1,4.0,1.5,0.789474,1.38629,26892.4
T30,S3342,5,3,17.0,17.0,75683.0,0.0,1931,22.1282,0.7,1,0.0,1.5,1.0,1.38629,9068.3
T30,S3343,4,3,17.0,17.0,50641.0,0.0,1932,22.1256,0.7,1,0.0,1.5,1.0,1.38629,6564.1
T30,S3345,7,3,13.0,13.0,255685.0,0.0,1933,22.1229,0.7,1,0.0,1.5,1.0,1.38629,27068.5
T30,S3346,13,5,29.0,29.0,196615.0,0.0,1934,22.1182,0.5,2,0.0,2.5,1.0,1.79176,22161.5
T30,S3347,4,3,0.0,0.0,20598.0,0.0,1935,22.1218,0.7,1,0.0,1.5,0.0,1.38629,3559.8
T30,S3348,4,2,19.0,19.0,19542.0,0.0,1936,22.1103,0.8,1,0.0,1.0,1.0,1.09861,2954.2
T30,S3349,1,1,3.0,3.0,152.0,0.0,1937,22.1087,0.9,0,0.0,0.5,1.0,0.693147,515.2
T30,S3350,1,1,0.0,0.0,0.0,0.0,1939,22.0947,0.9,0,0.0,0.5,0.0,0.693147,500.0
T30,S3351,8,3,23.0,23.0,172644.0,0.0,1940,22.0833,0.7,1,0.0,1.5,1.0,1.38629,18764.4
T30,S3352,8,3,5.0,5.0,58660.0,0.0,1941,22.0838,0.7,1,0.0,1.5,1.0,1.38629,7366.0
T30,S3353,9,4,31.0,31.0,146491.0,0.0,1942,22.075,0.6,1,0.0,2.0,1.0,1.60944,16649.1
T30,S3354,5,2,7.0,7.0,22015.0,0.0,1943,22.0795,0.8,1,0.0,1.0,1.0,1.09861,3201.5
T30,S3355,11,3,17.0,17.0,29112.0,0.0,1944,22.0718,0.7,1,0.0,1.5,1.0,1.38629,4411.2
T30,S3356,3,2,10.0,10.0,73668.0,0.0,1945,22.0692,0.8,1,0.0,1.0,1.0,1.09861,8366.8
T30,S3357,2,2,8.0,8.0,9885.0,0.0,1946,22.063,0.8,1,0.0,1.0,1.0,1.09861,1988.5
T30,S3358,4,3,17.0,17.0,146840.0,0.0,1947,22.0557,0.7,1,0.0,1.5,1.0,1.38629,16184.0
T30,S3359,6,3,16.0,16.0,29547.0,0.0,1948,22.0532,0.7,1,0.0,1.5,1.0,1.38629,4454.7
T30,S3360,9,4,10.0,10.0,118831.0,0.0,1950,22.0541,0.6,1,0.0,2.0,1.0,1.60944,13883.1
T30,S3361,8,4,8.0,8.0,85868.0,0.0,1951,22.0479,0.6,1,0.0,2.0,1.0,1.60944,10586.8
T30,S3362,22,4,39.0,39.0,392975.0,0.0,1952,22.0407,0.6,1,0.0,2.0,1.0,1.60944,41297.5
T30,S3363,17,4,36.0,36.0,228661.0,0.0,1953,22.0494,0.6,1,0.0,2.0,1.0,1.60944,24866.1
T30,S3364,24,4,37.0,37.0,290549.0,0.0,1954,22.0566,0.6,1,0.0,2.0,1.0,1.60944,31054.9
T30,S3365,9,4,5.0,5.0,48343.0,0.0,1955,22.0642,0.6,1,0.0,2.0,1.0,1.60944,6834.3
T30,S3366,5,2,8.0,8.0,2811.0,0.0,1956,22.0555,0.8,1,0.0,1.0,1.0,1.09861,1281.1
T30,S3367,17,3,39.0,39.0,131330.0,0.0,1957,22.0483,0.7,1,0.0,1.5,1.0,1.38629,14633.0
T30,S3368,12,4,37.0,37.0,170574.0,0.0,1958,22.057,0.6,1,0.0,2.0,1.0,1.60944,19057.4
T30,S3369,14,4,43.0,43.0,71374.0,0.0,1959,22.0646,0.6,1,0.0,2.0,1.0,1.60944,9137.4
T30,S3370,12,4,26.0,26.0,51027.0,0.0,1961,22.0666,0.6,1,0.0,2.0,1.0,1.60944,7102.7
T30,S3371,9,2,22.0,22.0,102966.0,0.0,1962,22.0686,0.8,1,0.0,1.0,1.0,1.09861,11296.6
T30,S3372,5,3,8.0,8.0,91973.0,0.0,1963,22.0685,0.7,1,0.0,1.5,1.0,1.38629,10697.3
T30,S3373,2,1,5.0,5.0,15221.0,0.0,1964,22.0614,0.9,0,0.0,0.5,1.0,0.693147,2022.1
T30,S3375,2,2,6.0,6.0,8767.0,0.0,1965,22.0527,0.8,1,0.0,1.0,1.0,1.09861,1876.7
T30,S3379,1,0,3.0,0.0,8172.0,0.0,1966,22.0445,1.0,0,1.5,0.0,0.0,0.0,892.2
T31,S3385,4,2,0.0,0.0,48296.0,0.0,1968,22.0236,0.8,1,0.0,1.0,0.0,1.09861,5829.6
T31,S3388,10,1,1.0,1.0,149997.0,0.0,1969,22.0124,0.9,0,0.0,0.5,1.0,0.693147,15499.7
T31,S3389,5,2,5.0,5.0,4146.0,0.0,1970,22.0018,0.8,1,0.0,1.0,1.0,1.09861,1414.6
T31,S3390,23,2,23.5,22.5,105420.0,0.0,1972,21.9896,0.8,1,0.5,1.0,0.957447,1.09861,11567.0
T31,S3391,9,2,10.0,10.0,148330.0,0.0,1973,21.9898,0.8,1,0.0,1.0,1.0,1.09861,15833.0
T31,S3392,21,5,30.0,30.0,545994.0,0.0,1974,21.9838,0.5,2,0.0,2.5,1.0,1.79176,57099.4
T31,S3393,2,2,2.0,2.0,48565.0,0.0,1975,21.9878,0.8,1,0.0,1.0,1.0,1.09861,5856.5
T31,S3394,15,2,4.0,4.0,152321.0,0.0,1976,21.9777,0.8,1,0.0,1.0,1.0,1.09861,16232.1
T31,S3395,2,1,4.0,3.0,73310.0,0.0,1977,21.9686,0.9,0,0.5,0.5,0.75,0.693147,7856.0
T31,S3396,18,4,9.0,9.0,261951.0,0.0,1978,21.959,0.6,1,0.0,2.0,1.0,1.60944,28195.1
T31,S3397,10,2,8.0,8.0,55883.0,0.0,1979,21.9525,0.8,1,0.0,1.0,1.0,1.09861,6588.3
T31,S3398,21,3,23.0,23.0,171212.0,0.0,1980,21.9454,0.7,1,0.0,1.5,1.0,1.38629,18621.2
T31,S3400,12,2,1.0,1.0,170539.0,0.0,1983,21.9606,0.8,1,0.0,1.0,1.0,1.09861,18053.9
T31,S3401,10,2,7.0,7.0,203247.0,0.0,1984,21.9501,0.8,1,0.0,1.0,1.0,1.09861,21324.7
T31,S3402,1,0,0.0,0.0,21810.0,0.0,1985,21.9425,1.0,0,0.0,0.0,0.0,0.0,2181.0
T31,S3403,13,1,0.0,0.0,260366.0,0.0,1986,21.9315,0.9,0,0.0,0.5,0.0,0.693147,26536.6
T31,S3404,1,1,1.0,1.0,26409.0,0.0,1987,21.9204,0.9,0,0.0,0.5,1.0,0.693147,3140.9
T31,S3405,1,1,1.0,1.0,277004.0,0.0,1988,21.9099,0.9,0,0.0,0.5,1.0,0.693147,28200.4
T31,S3406,3,1,1.0,1.0,73016.0,0.0,1989,21.8994,0.9,0,0.0,0.5,1.0,0.693147,7801.6
T31,S3408,6,3,0.0,0.0,362670.0,0.0,1990,21.8889,0.7,1,0.0,1.5,0.0,1.38629,37767.0
T31,S3409,4,2,7.0,7.0,130805.0,0.0,1991,21.8779,0.8,1,0.0,1.0,1.0,1.09861,14080.5
T31,S3410,7,2,0.0,0.0,16964.0,0.0,1993,21.867,0.8,1,0.0,1.0,0.0,1.09861,2696.4
T31,S3411,5,1,0.0,0.0,120694.0,0.0,1994,21.856,0.9,0,0.0,0.5,0.0,0.693147,12569.4
T31,S3413,2,1,0.0,0.0,9924.0,0.0,1995,21.845,0.9,0,0.0,0.5,0.0,0.693147,1492.4
T31,S3414,5,2,0.0,0.0,49353.0,0.0,1996,21.8341,0.8,1,0.0,1.0,0.0,1.09861,5935.3
T31,S3415,13,5,0.0,0.0,105125.0,0.0,1997,21.8231,0.5,2,0.0,2.5,0.0,1.79176,13012.5
T31,S3416,13,4,0.0,0.0,91392.0,0.0,1998,21.8122,0.6,1,0.0,2.0,0.0,1.60944,11139.2
T31,S3417,33,7,0.0,0.0,350493.0,0.0,1999,21.8013,0.3,2,0.0,3.5,0.0,2.07944,38549.3
T31,S3418,2,2,0.0,0.0,4797.0,0.0,2000,21.7904,0.8,1,0.0,1.0,0.0,1.09861,1479.7
T31,S3419,2,2,0.0,0.0,67676.0,0.0,2001,21.7795,0.8,1,0.0,1.0,0.0,1.09861,7767.6
T31,S3421,27,6,0.0,0.0,55313.0,0.0,2003,21.7587,0.4,2,0.0,3.0,0.0,1.94591,8531.3
T31,S3422,33,7,0.0,0.0,287241.0,0.0,2004,21.7479,0.3,2,0.0,3.5,0.0,2.07944,32224.1
T31,S3423,13,5,0.0,0.0,445658.0,0.0,2005,21.737,0.5,2,0.0,2.5,0.0,1.79176,47065.8
T31,S3424,42,7,0.0,0.0,789048.0,0.0,2006,21.7262,0.3,2,0.0,3.5,0.0,2.07944,82404.8
T31,S3425,15,3,0.0,0.0,255590.0,0.0,2007,21.7153,0.7,1,0.0,1.5,0.0,1.38629,27059.0
T31,S3426,4,3,0.0,0.0,27152.0,0.0,2008,21.7045,0.7,1,0.0,1.5,0.0,1.38629,4215.2
T31,S3427,10,3,0.0,0.0,327787.0,0.0,2009,21.6937,0.7,1,0.0,1.5,0.0,1.38629,34278.7
T31,S3429,2,1,0.0,0.0,10142.0,0.0,2010,21.6829,0.9,0,0.0,0.5,0.0,0.693147,1514.2
T31,S3430,1,1,0.0,0.0,10362.0,0.0,2012,21.6653,0.9,0,0.0,0.5,0.0,0.693147,1536.2
T31,S3431,2,1,0.0,0.0,30428.0,0.0,2013,21.6546,0.9,0,0.0,0.5,0.0,0.693147,3542.8
T31,S3432,2,1,0.0,0.0,9226.0,0.0,2014,21.6438,0.9,0,0.0,0.5,0.0,0.693147,1422.6
T31,S3433,10,3,0.0,0.0,195743.0,0.0,2015,21.6331,0.7,1,0.0,1.5,0.0,1.38629,21074.3
T31,S3434,7,3,0.0,0.0,23500.0,0.0,2016,21.6223,0.7,1,0.0,1.5,0.0,1.38629,3850.0
T31,S3435,1,1,0.0,0.0,2754.0,0.0,2017,21.6116,0.9,0,0.0,0.5,0.0,0.693147,775.4
T31,S3436,9,3,0.0,0.0,76035.0,0.0,2018,21.6009,0.7,1,0.0,1.5,0.0,1.38629,9103.5
T31,S3437,25,3,0.0,0.0,169848.0,0.0,2019,21.5902,0.7,1,0.0,1.5,0.0,1.38629,18484.8
T31,S3438,18,5,0.0,0.0,168682.0,0.0,2020,21.5795,0.5,2,0.0,2.5,0.0,1.79176,19368.2
T31,S3439,6,4,0.0,0.0,57267.0,0.0,2021,21.5688,0.6,1,0.0,2.0,0.0,1.60944,7726.7
T32,S3440,36,2,1.0,1.0,1117824.0,0.0,2023,21.5534,0.8,1,0.0,1.0,1.0,1.09861,112782.0
T32,S3442,20,2,0.0,0.0,173644.0,0.0,2024,21.5432,0.8,1,0.0,1.0,0.0,1.09861,18364.4
T32,S3443,31,2,0.0,0.0,660061.0,0.0,2025,21.5326,0.8,1,0.0,1.0,0.0,1.09861,67006.1
T32,S3444,23,4,0.0,0.0,405661.0,0.0,2026,21.522,0.6,1,0.0,2.0,0.0,1.60944,42566.1
T32,S3445,46,3,0.0,0.0,198759.0,0.0,2027,21.5113,0.7,1,0.0,1.5,0.0,1.38629,21375.9
T32,S3446,3,1,0.0,0.0,43391.0,0.0,2028,21.5007,0.9,0,0.0,0.5,0.0,0.693147,4839.1
T32,S3447,18,3,0.0,0.0,107846.0,0.0,2029,21.4901,0.7,1,0.0,1.5,0.0,1.38629,12284.6
T32,S3448,24,3,0.0,0.0,872559.0,0.0,2030,21.4795,0.7,1,0.0,1.5,0.0,1.38629,88755.9
T32,S3449,15,3,2.0,2.0,233456.0,0.0,2031,21.469,0.7,1,0.0,1.5,1.0,1.38629,24845.6
T32,S3450,5,1,0.0,0.0,112761.0,0.0,2033,21.4503,0.9,0,0.0,0.5,0.0,0.693147,11776.1
T32,S3451,11,1,0.0,0.0,90724.0,0.0,2034,21.4397,0.9,0,0.0,0.5,0.0,0.693147,9572.4
T32,S3452,4,1,0.0,0.0,32027.0,0.0,2035,21.4292,0.9,0,0.0,0.5,0.0,0.693147,3702.7
T32,S3453,3,1,0.0,0.0,49099.0,0.0,2036,21.4187,0.9,0,0.0,0.5,0.0,0.693147,5409.9
T32,S3454,13,2,0.0,0.0,77595.0,0.0,2037,21.4081,0.8,1,0.0,1.0,0.0,1.09861,8759.5
T32,S3455,11,2,1.0,1.0,247067.0,0.0,2038,21.3976,0.8,1,0.0,1.0,1.0,1.09861,25706.7
T32,S3456,9,2,0.0,0.0,30219.0,0.0,2039,21.3876,0.8,1,0.0,1.0,0.0,1.09861,4021.9
T32,S3457,22,2,1.0,1.0,125967.0,0.0,2040,21.3771,0.8,1,0.0,1.0,1.0,1.09861,13596.7
T32,S3458,10,2,1.0,1.0,66184.0,0.0,2041,21.3671,0.8,1,0.0,1.0,1.0,1.09861,7618.4
T32,S3459,23,2,0.0,0.0,165950.0,0.0,2042,21.3572,0.8,1,0.0,1.0,0.0,1.09861,17595.0
T32,S3460,4,1,0.0,0.0,49592.0,0.0,2044,21.3397,0.9,0,0.0,0.5,0.0,0.693147,5459.2
T32,S3461,18,3,1.0,1.0,3225675.0,0.0,2045,21.3292,0.7,1,0.0,1.5,1.0,1.38629,324068.0
T32,S3462,6,2,0.0,0.0,11738.0,0.0,2046,21.3193,0.8,1,0.0,1.0,0.0,1.09861,2173.8
T32,S3463,11,2,1.0,1.0,12469.0,0.0,2047,21.3089,0.8,1,0.0,1.0,1.0,1.09861,2246.9
T32,S3464,21,2,0.0,0.0,73464.0,0.0,2048,21.299,0.8,1,0.0,1.0,0.0,1.09861,8346.4
T32,S3465,18,2,0.0,0.0,93805.0,0.0,2049,21.2886,0.8,1,0.0,1.0,0.0,1.09861,10380.5
T32,S3466,38,2,1.0,1.0,132349.0,0.0,2050,21.2782,0.8,1,0.0,1.0,1.0,1.09861,14234.9
T32,S3467,1,1,1.0,1.0,5403.0,0.0,2051,21.2683,0.9,0,0.0,0.5,1.0,0.693147,1040.3
T32,S3468,19,2,1.0,1.0,73946.0,0.0,2052,21.2584,0.8,1,0.0,1.0,1.0,1.09861,8394.6
T32,S3469,18,2,3.0,3.0,168063.0,0.0,2053,21.2485,0.8,1,0.0,1.0,1.0,1.09861,17806.3
T32,S3470,30,2,1.0,1.0,197074.0,0.0,2055,21.2317,0.8,1,0.0,1.0,1.0,1.09861,20707.4
T32,S3471,27,2,8.0,8.0,204078.0,0.0,2056,21.2219,0.8,1,0.0,1.0,1.0,1.09861,21407.8
T32,S3472,25,3,3.0,3.0,71140.0,0.0,2057,21.2155,0.7,1,0.0,1.5,1.0,1.38629,8614.0
T32,S3473,28,3,21.0,21.0,130071.0,0.0,2058,21.2066,0.7,1,0.0,1.5,1.0,1.38629,14507.1
T32,S3474,29,3,13.0,13.0,132392.0,0.0,2059,21.2065,0.7,1,0.0,1.5,1.0,1.38629,14739.2
T32,S3475,18,4,4.0,4.0,197425.0,0.0,2060,21.2025,0.6,1,0.0,2.0,1.0,1.60944,21742.5
T32,S3476,36,3,0.0,0.0,101677.0,0.0,2061,21.1942,0.7,1,0.0,1.5,0.0,1.38629,11667.7
T32,S3477,3,3,0.0,0.0,130389.0,0.0,2062,21.1839,0.7,1,0.0,1.5,0.0,1.38629,14538.9
T32,S3478,24,2,5.0,5.0,255143.0,0.0,2063,21.1736,0.8,1,0.0,1.0,1.0,1.09861,26514.3
T32,S3479,31,2,0.0,0.0,94822.0,0.0,2064,21.1658,0.8,1,0.0,1.0,0.0,1.09861,10482.2
T32,S3480,17,1,3.0,3.0,1679722.0,0.0,2066,21.1453,0.9,0,0.0,0.5,1.0,0.693147,168472.0
T32,S3481,17,2,0.0,0.0,361579.0,0.0,2067,21.1365,0.8,1,0.0,1.0,0.0,1.09861,37157.9
T32,S3482,9,1,0.0,0.0,152965.0,0.0,2068,21.1263,0.9,0,0.0,0.5,0.0,0.693147,15796.5
T32,S3483,20,4,0.0,0.0,608218.0,0.0,2069,21.116,0.6,1,0.0,2.0,0.0,1.60944,62821.8
T32,S3484,5,2,0.0,0.0,189234.0,0.0,2070,21.1058,0.8,1,0.0,1.0,0.0,1.09861,19923.4
T32,S3485,10,2,0.0,0.0,207989.0,0.0,2071,21.0956,0.8,1,0.0,1.0,0.0,1.09861,21798.9
T34,S3921,94,9,0.0,0.0,2945785.0,52251.0,2119,21.7003,0.1,3,0.0,4.5,0.0,2.30259,299078.0
T34,S3922,2,1,6.0,0.0,0.0,1680.0,2120,21.69,0.9,0,3.0,0.5,0.0,0.693147,650.0
T34,S3923,5,2,8.0,1.0,21511.0,832.0,2121,21.6798,0.8,1,3.5,1.0,0.125,1.09861,3326.1
T34,S3925,4,2,14.0,4.0,50398.0,1740.0,2122,21.6701,0.8,1,5.0,1.0,0.285714,1.09861,6289.8
T34,S3926,4,1,4.0,4.0,180497.0,763.0,2123,21.6617,0.9,0,0.0,0.5,1.0,0.693147,18549.7
T34,S3927,3,2,4.0,2.0,117343.0,10231.0,2124,21.6534,0.8,1,1.0,1.0,0.5,1.09861,12784.3
T34,S3928,4,3,4.0,4.0,54195.0,3190.0,2125,21.6442,0.7,1,0.0,1.5,1.0,1.38629,6919.5
T34,S3929,10,5,18.0,15.0,227121.0,4270.0,2126,21.6359,0.5,2,1.5,2.5,0.833333,1.79176,25287.1
T34,S3930,1,0,5.0,0.0,414353.0,1.0,2128,21.6484,1.0,0,2.5,0.0,0.0,0.0,41560.3
T34,S3931,5,2,1.0,0.0,91880.0,2722.0,2129,21.6382,0.8,1,0.5,1.0,0.0,1.09861,10213.0
T34,S3932,3,1,7.0,6.0,12129.0,414.0,2130,21.6281,0.9,0,0.5,0.5,0.857143,0.693147,1737.9
T34,S3933,22,3,10.0,5.0,1297222.0,14815.0,2131,21.6207,0.7,1,2.5,1.5,0.5,1.38629,131347.0
T34,S3934,2,1,3.0,0.0,3424601.0,740.0,2132,21.6129,0.9,0,1.5,0.5,0.0,0.693147,343035.0
T34,S3935,10,4,16.0,16.0,46729.0,2612.0,2133,21.6028,0.6,1,0.0,2.0,1.0,1.60944,6672.9
T34,S3936,7,2,15.0,15.0,66124.0,4074.0,2134,21.6002,0.8,1,0.0,1.0,1.0,1.09861,7612.4
T34,S3937,5,2,13.0,13.0,32011.0,620.0,2135,21.5971,0.8,1,0.0,1.0,1.0,1.09861,4201.1
T34,S3938,5,3,9.0,7.0,119803.0,2669.0,2136,21.5931,0.7,1,1.0,1.5,0.777778,1.38629,13530.3
T34,S3939,13,4,28.0,23.0,558606.0,20704.0,2137,21.5862,0.6,1,2.5,2.0,0.821429,1.60944,57985.6
T34,S3940,3,2,7.0,7.0,64352.0,3897.0,2139,21.5997,0.8,1,0.0,1.0,1.0,1.09861,7435.2
T34,S3941,6,4,16.0,16.0,233550.0,9071.0,2140,21.5929,0.6,1,0.0,2.0,1.0,1.60944,25355.0
T34,S3942,7,4,13.0,13.0,264156.0,6745.0,2141,21.5903,0.6,1,0.0,2.0,1.0,1.60944,28415.6
T34,S3944,11,5,25.0,25.0,386047.0,16859.0,2142,21.5863,0.5,2,0.0,2.5,1.0,1.79176,41104.7
T34,S3945,8,3,8.0,8.0,635086.0,12093.0,2143,21.5879,0.7,1,0.0,1.5,1.0,1.38629,65008.6
T34,S3947,1,1,0.0,0.0,135757.0,626.0,2144,21.5815,0.9,0,0.0,0.5,0.0,0.693147,14075.7
T34,S3948,3,2,9.0,9.0,85883.0,4824.0,2145,21.5714,0.8,1,0.0,1.0,1.0,1.09861,9588.3
T34,S3949,2,2,0.0,0.0,87801.0,366.0,2146,21.5656,0.8,1,0.0,1.0,0.0,1.09861,9780.1
T34,S3951,4,3,12.0,12.0,191979.0,12816.0,2148,21.5739,0.7,1,0.0,1.5,1.0,1.38629,20697.9
T34,S3952,3,3,7.0,7.0,87792.0,1320.0,2149,21.5695,0.7,1,0.0,1.5,1.0,1.38629,10279.2
T34,S3953,16,4,26.0,18.0,449316.0,5056.0,2150,21.5627,0.6,1,4.0,2.0,0.692308,1.60944,47131.6
T34,S3954,21,6,12.0,5.0,395283.0,19006.0,2151,21.561,0.4,2,3.5,3.0,0.416667,1.94591,42703.3
T34,S3955,6,3,22.0,19.0,199214.0,1890.0,2152,21.5533,0.7,1,1.5,1.5,0.863636,1.38629,21496.4
T34,S3957,20,7,0.0,0.0,394111.0,14021.0,2153,21.5521,0.3,2,0.0,3.5,0.0,2.07944,42911.1
T34,S3958,20,5,24.0,23.0,328635.0,18446.0,2154,21.5421,0.5,2,0.5,2.5,0.958333,1.79176,35388.5
T34,S3959,4,3,7.0,7.0,66482.0,2776.0,2155,21.5428,0.7,1,0.0,1.5,1.0,1.38629,8148.2
T34,S3960,7,4,17.0,16.0,198866.0,5757.0,2157,21.5567,0.6,1,0.5,2.0,0.941176,1.60944,21911.6
T34,S3961,1,1,1.0,1.0,21133.0,1080.0,2158,21.5541,0.9,0,0.0,0.5,1.0,0.693147,2613.3
T34,S3962,1,1,0.0,0.0,78952.0,3433.0,2159,21.5446,0.9,0,0.0,0.5,0.0,0.693147,8395.2
T34,S3963,5,3,7.0,7.0,147470.0,6782.0,2160,21.5346,0.7,1,0.0,1.5,1.0,1.38629,16247.0
T34,S3964,2,2,0.0,0.0,102464.0,5418.0,2161,21.5279,0.8,1,0.0,1.0,0.0,1.09861,11246.4
T34,S3965,4,2,4.0,2.0,79909.0,8322.0,2162,21.5179,0.8,1,1.0,1.0,0.5,1.09861,9040.9
T34,S3967,6,4,0.0,0.0,238384.0,7746.0,2163,21.5089,0.6,1,0.0,2.0,0.0,1.60944,25838.4
T34,S3968,3,1,0.0,0.0,822947.0,778.0,2164,21.4989,0.9,0,0.0,0.5,0.0,0.693147,82794.7
T34,S3970,3,3,5.0,5.0,501309.0,8656.0,2166,21.4999,0.7,1,0.0,1.5,1.0,1.38629,51630.9
T34,S3971,3,2,7.0,2.0,58880.0,5041.0,2167,21.4922,0.8,1,2.5,1.0,0.285714,1.09861,7013.0
T34,S3972,5,3,6.0,6.0,170475.0,6444.0,2168,21.4832,0.7,1,0.0,1.5,1.0,1.38629,18547.5
T34,S3973,4,1,9.0,7.0,40021.0,1076.0,2169,21.4761,0.9,0,1.0,0.5,0.777778,0.693147,4552.1
T34,S3975,18,6,3.0,3.0,1285180.0,7692.0,2170,21.4694,0.4,2,0.0,3.0,1.0,1.94591,131518.0
T34,S3976,5,2,11.0,11.0,516570.0,11773.0,2171,21.4609,0.8,1,0.0,1.0,1.0,1.09861,52657.0
T34,S3977,3,2,0.0,0.0,100650.0,660.0,2172,21.4561,0.8,1,0.0,1.0,0.0,1.09861,11065.0
T34,S3978,25,4,0.0,0.0,974057.0,8678.0,2173,21.4462,0.6,1,0.0,2.0,0.0,1.60944,99405.7
T34,S3979,23,8,56.0,34.0,1921312.0,8453.0,2174,21.4363,0.2,2,11.0,4.0,0.607143,2.19722,196681.0
T34,S3980,6,3,0.0,0.0,562323.0,15530.0,2176,21.4456,0.7,1,0.0,1.5,0.0,1.38629,57732.3
T34,S3981,115,12,0.0,0.0,2431550.0,2233.0,2177,21.4357,0.0,4,0.0,6.0,0.0,2.56495,249155.0
T34,S3982,26,8,0.0,0.0,108968.0,126.0,2178,21.4259,0.2,2,0.0,4.0,0.0,2.19722,14896.8
T34,S3983,9,4,100.0,100.0,351669.0,0.0,2179,21.4161,0.6,1,0.0,2.0,1.0,1.60944,37166.9
T34,S3985,8,5,0.0,0.0,99997.0,0.0,2180,21.4521,0.5,2,0.0,2.5,0.0,1.79176,12499.7
T34,S3987,7,4,0.0,0.0,331488.0,0.0,2181,21.4423,0.6,1,0.0,2.0,0.0,1.60944,35148.8
T34,S3988,1,1,0.0,0.0,34385.0,0.0,2182,21.4325,0.9,0,0.0,0.5,0.0,0.693147,3938.5
T34,S3989,4,2,0.0,0.0,125361.0,0.0,2183,21.4226,0.8,1,0.0,1.0,0.0,1.09861,13536.1
T34,S3991,7,5,0.0,0.0,184411.0,0.0,2185,21.4236,0.5,2,0.0,2.5,0.0,1.79176,20941.1
T34,S3992,37,6,0.0,0.0,551305.0,0.0,2186,21.4138,0.4,2,0.0,3.0,0.0,1.94591,58130.5
T34,S3993,1,0,0.0,0.0,6.0,0.0,2187,21.404,1.0,0,0.0,0.0,0.0,0.0,0.6
T34,S3994,19,4,0.0,0.0,101913.0,0.0,2188,21.3942,0.6,1,0.0,2.0,0.0,1.60944,12191.3
T34,S3995,12,4,0.0,0.0,403817.0,0.0,2189,21.3845,0.6,1,0.0,2.0,0.0,1.60944,42381.7
T34,S3999,3,3,0.0,0.0,91023.0,0.0,2190,21.3747,0.7,1,0.0,1.5,0.0,1.38629,10602.3
T34,S4001,2,1,0.0,0.0,15520.0,0.0,2194,21.5017,0.9,0,0.0,0.5,0.0,0.693147,2052.0
T34,S4002,1,1,0.0,0.0,93994.0,0.0,2195,21.4919,0.9,0,0.0,0.5,0.0,0.693147,9899.4
T34,S4004,2,2,0.0,0.0,251284.0,0.0,2196,21.4821,0.8,1,0.0,1.0,0.0,1.09861,26128.4
T34,S4005,1,1,0.0,0.0,19014.0,0.0,2197,21.4723,0.9,0,0.0,0.5,0.0,0.693147,2401.4
T34,S4006,39,5,10.0,10.0,325321.0,0.0,2198,21.4625,0.5,2,0.0,2.5,1.0,1.79176,35032.1
T34,S4007,30,5,53.5,53.5,260744.0,0.0,2199,21.4573,0.5,2,0.0,2.5,1.0,1.79176,28574.4
T34,S4008,3,1,0.0,0.0,669119.0,0.0,2200,21.4719,0.9,0,0.0,0.5,0.0,0.693147,67411.9
T34,S4009,16,3,23.5,23.5,104069.0,0.0,2201,21.4621,0.7,1,0.0,1.5,1.0,1.38629,11906.9
T34,S4010,1,1,0.0,0.0,20270.0,0.0,2203,21.476,0.9,0,0.0,0.5,0.0,0.693147,2527.0
T34,S4011,52,7,348.0,348.0,1232593.0,0.0,2204,21.4663,0.3,2,0.0,3.5,1.0,2.07944,126759.0
T34,S4012,21,3,21.5,21.5,413025.0,0.0,2205,21.6144,0.7,1,0.0,1.5,1.0,1.38629,42802.5
T34,S4013,2,2,0.0,0.0,21385.0,0.0,2206,21.6144,0.8,1,0.0,1.0,0.0,1.09861,3138.5
T34,S4015,11,2,0.0,0.0,138078.0,0.0,2207,21.6046,0.8,1,0.0,1.0,0.0,1.09861,14807.8
T34,S4016,17,3,25.5,25.5,96824.0,0.0,2208,21.5948,0.7,1,0.0,1.5,1.0,1.38629,11182.4
T34,S4017,19,5,25.5,25.5,189273.0,0.0,2209,21.5965,0.5,2,0.0,2.5,1.0,1.79176,21427.3
T34,S4018,9,4,31.0,31.0,929774.0,0.0,2210,21.5983,0.6,1,0.0,2.0,1.0,1.60944,94977.4
T34,S4019,8,4,24.5,24.5,61108.0,0.0,2211,21.6026,0.6,1,0.0,2.0,1.0,1.60944,8110.8
T34,S4020,14,3,21.0,21.0,157709.0,0.0,2213,21.6045,0.7,1,0.0,1.5,1.0,1.38629,17270.9
T34,S4022,1,1,0.0,0.0,96528.0,0.0,2214,21.6042,0.9,0,0.0,0.5,0.0,0.693147,10152.8
T34,S4023,1,1,0.0,0.0,10538.0,0.0,2215,21.5945,0.9,0,0.0,0.5,0.0,0.693147,1553.8
T34,S4024,2,2,0.0,0.0,159921.0,0.0,2216,21.5847,0.8,1,0.0,1.0,0.0,1.09861,16992.1
T34,S4026,2,2,2.0,2.0,30339.0,0.0,2217,21.575,0.8,1,0.0,1.0,1.0,1.09861,4033.9
T34,S4027,1,1,0.0,0.0,6430.0,0.0,2218,21.5662,0.9,0,0.0,0.5,0.0,0.693147,1143.0
T34,S4029,4,3,0.0,0.0,26475.0,0.0,2219,21.5564,0.7,1,0.0,1.5,0.0,1.38629,4147.5
T34,S4030,4,2,0.0,0.0,49134.0,0.0,2221,21.555,0.8,1,0.0,1.0,0.0,1.09861,5913.4
T34,S4032,2,2,0.0,0.0,33888.0,0.0,2222,21.5453,0.8,1,0.0,1.0,0.0,1.09861,4388.8
T34,S4033,5,4,0.0,0.0,185680.0,0.0,2223,21.5356,0.6,1,0.0,2.0,0.0,1.60944,20568.0
T34,S4034,3,2,20.0,20.0,166652.0,0.0,2224,21.5259,0.8,1,0.0,1.0,1.0,1.09861,17665.2
T34,S4035,9,2,0.0,0.0,280154.0,0.0,2225,21.5253,0.8,1,0.0,1.0,0.0,1.09861,29015.4
T34,S4036,10,7,20.0,20.0,1196498.0,0.0,2226,21.5156,0.3,2,0.0,3.5,1.0,2.07944,123150.0
T34,S4037,23,10,60.0,60.0,6288024.0,0.0,2227,21.5149,0.0,3,0.0,5.0,1.0,2.3979,633802.0
T34,S4038,13,6,0.0,0.0,726719.0,0.0,2228,21.5322,0.4,2,0.0,3.0,0.0,1.94591,75671.9
T34,S4039,1,1,0.0,0.0,34839.0,0.0,2229,21.5225,0.9,0,0.0,0.5,0.0,0.693147,3983.9
T34,S4040,85,11,1139.0,1099.0,1187556.0,0.0,2231,21.5306,0.0,3,20.0,5.5,0.964881,2.48491,125256.0
T34,S4041,44,7,724.0,724.0,699694.0,0.0,2232,22.0135,0.3,2,0.0,3.5,1.0,2.07944,73469.4
T34,S4042,6,4,102.0,102.0,145199.0,0.0,2233,22.328,0.6,1,0.0,2.0,1.0,1.60944,16519.9
T34,S4043,28,9,503.0,503.0,585481.0,0.0,2234,22.3637,0.1,3,0.0,4.5,1.0,2.30259,63048.1
T34,S4044,21,7,219.0,214.0,591549.0,0.0,2235,22.5789,0.3,2,2.5,3.5,0.977169,2.07944,62779.9
T34,S4045,26,7,361.0,361.0,541410.0,0.0,2236,22.6645,0.3,2,0.0,3.5,1.0,2.07944,57641.0
T34,S4046,18,7,245.0,245.0,1438849.0,0.0,2237,22.8158,0.3,2,0.0,3.5,1.0,2.07944,147385.0
T34,S4047,17,6,259.0,259.0,1347538.0,0.0,2238,22.9151,0.4,2,0.0,3.0,1.0,1.94591,137754.0
T34,S4048,8,8,0.0,0.0,1745753.0,0.0,2239,23.0206,0.2,2,0.0,4.0,0.0,2.19722,178575.0
T34,S4049,33,5,761.0,761.0,1202345.0,0.0,2240,23.0104,0.5,2,0.0,2.5,1.0,1.79176,122734.0
T34,S4050,75,8,826.0,826.0,1195949.0,0.0,2242,23.3544,0.2,2,0.0,4.0,1.0,2.19722,123595.0
T34,S4051,32,5,532.0,532.0,1493689.0,0.0,2243,23.7124,0.5,2,0.0,2.5,1.0,1.79176,151869.0
T34,S4052,29,7,410.0,410.0,757877.0,0.0,2244,23.939,0.3,2,0.0,3.5,1.0,2.07944,79287.7
T34,S4053,48,6,597.0,577.0,727717.0,0.0,2245,24.111,0.4,2,10.0,3.0,0.966499,1.94591,76271.7
T34,S4054,1,1,0.0,0.0,841675.0,0.0,2246,24.3573,0.9,0,0.0,0.5,0.0,0.693147,84667.5
T34,S4055,23,5,441.0,441.0,971225.0,0.0,2247,24.3465,0.5,2,0.0,2.5,1.0,1.79176,99622.5
T34,S4056,26,6,303.0,303.0,725342.0,0.0,2248,24.5319,0.4,2,0.0,3.0,1.0,1.94591,75534.2
T34,S4057,29,8,385.0,382.0,902931.0,0.0,2249,24.6558,0.2,2,1.5,4.0,0.992208,2.19722,94368.1
T34,S4058,38,6,350.0,309.0,1947040.0,0.0,2250,24.8147,0.4,2,20.5,3.0,0.882857,1.94591,198729.0
T34,S4059,45,7,337.0,337.0,835521.0,0.0,2251,24.941,0.3,2,0.0,3.5,1.0,2.07944,87052.1
T34,S4060,87,6,612.0,612.0,2214729.0,0.0,2253,25.0956,0.4,2,0.0,3.0,1.0,1.94591,224473.0
T34,S4061,46,6,528.0,528.0,1364274.0,0.0,2254,25.3561,0.4,2,0.0,3.0,1.0,1.94591,139427.0
T34,S4062,48,6,546.0,546.0,1095355.0,0.0,2255,25.5791,0.4,2,0.0,3.0,1.0,1.94591,112536.0
T34,S4063,36,9,240.0,240.0,701716.0,0.0,2256,25.8098,0.1,3,0.0,4.5,1.0,2.30259,74671.6
T34,S4064,47,8,386.0,386.0,3498654.0,0.0,2257,25.9048,0.2,2,0.0,4.0,1.0,2.19722,353865.0
T34,S4065,55,7,642.0,642.0,2458567.0,0.0,2258,26.0643,0.3,2,0.0,3.5,1.0,2.07944,249357.0
T34,S4066,24,6,187.5,187.5,1541253.0,0.0,2259,26.3371,0.4,2,0.0,3.0,1.0,1.94591,157125.0
T34,S4067,32,8,284.0,284.0,741177.0,0.0,2260,26.4084,0.2,2,0.0,4.0,1.0,2.19722,78117.7
T34,S4068,53,10,286.0,286.0,2050712.0,0.0,2261,26.5224,0.0,3,0.0,5.0,1.0,2.3979,210071.0
T34,S4069,10,5,152.0,152.0,263279.0,0.0,2262,26.6372,0.5,2,0.0,2.5,1.0,1.79176,28827.9
T34,S4070,9,3,156.0,156.0,902490.0,0.0,2264,26.7051,0.7,1,0.0,1.5,1.0,1.38629,91749.0
T34,S4071,21,7,241.0,241.0,533623.0,0.0,2265,26.7622,0.3,2,0.0,3.5,1.0,2.07944,56862.3
T35,S4073,14,3,29.0,29.0,47750.0,0.0,2266,26.8568,0.7,1,0.0,1.5,1.0,1.38629,6275.0
T35,S4074,8,2,26.0,26.0,416053.0,0.0,2267,26.8578,0.8,1,0.0,1.0,1.0,1.09861,42605.3
T35,S4075,13,4,35.0,35.0,80345.0,0.0,2268,26.8574,0.6,1,0.0,2.0,1.0,1.60944,10034.5
T35,S4076,8,2,15.0,15.0,25502.0,0.0,2269,26.861,0.8,1,0.0,1.0,1.0,1.09861,3550.2
T35,S4077,3,2,4.0,4.0,21567.0,0.0,2270,26.8557,0.8,1,0.0,1.0,1.0,1.09861,3156.7
T35,S4079,5,2,17.0,17.0,16264.0,0.0,2271,26.8457,0.8,1,0.0,1.0,1.0,1.09861,2626.4
T35,S4080,2,1,10.0,10.0,7152.0,0.0,2273,26.8722,0.9,0,0.0,0.5,1.0,0.693147,1215.2
T35,S4081,8,2,20.0,20.0,88331.0,0.0,2274,26.8648,0.8,1,0.0,1.0,1.0,1.09861,9833.1
T35,S4082,13,4,18.0,18.0,85736.0,0.0,2275,26.8618,0.6,1,0.0,2.0,1.0,1.60944,10573.6
T35,S4083,12,2,53.0,53.0,61857.0,0.0,2276,26.8579,0.8,1,0.0,1.0,1.0,1.09861,7185.7
T35,S4084,6,2,9.0,9.0,12517.0,0.0,2277,26.8694,0.8,1,0.0,1.0,1.0,1.09861,2251.7
T35,S4085,3,2,15.0,15.0,10200.0,0.0,2278,26.8615,0.8,1,0.0,1.0,1.0,1.09861,2020.0
T35,S4086,3,2,8.0,8.0,20307.0,0.0,2279,26.8563,0.8,1,0.0,1.0,1.0,1.09861,3030.7
T35,S4088,16,3,32.0,32.0,101647.0,0.0,2280,26.848,0.7,1,0.0,1.5,1.0,1.38629,11664.7
T35,S4089,1,1,1.0,1.0,63276.0,0.0,2281,26.8503,0.9,0,0.0,0.5,1.0,0.693147,6827.6
T35,S4090,4,2,11.0,11.0,35745.0,0.0,2283,26.8434,0.8,1,0.0,1.0,1.0,1.09861,4574.5
T35,S4091,15,3,35.0,35.0,46371.0,0.0,2284,26.8365,0.7,1,0.0,1.5,1.0,1.38629,6137.1
T35,S4092,6,3,38.0,38.0,20273.0,0.0,2285,26.8401,0.7,1,0.0,1.5,1.0,1.38629,3527.3
T35,S4093,12,3,44.0,44.0,50450.0,0.0,2286,26.8449,0.7,1,0.0,1.5,1.0,1.38629,6545.0
T35,S4094,5,2,10.0,10.0,38217.0,0.0,2287,26.8524,0.8,1,0.0,1.0,1.0,1.09861,4821.7
T35,S4095,12,3,46.0,46.0,79359.0,480.0,2288,26.8451,0.7,1,0.0,1.5,1.0,1.38629,9435.9
T35,S4096,8,2,29.0,29.0,218291.0,0.0,2289,26.8534,0.8,1,0.0,1.0,1.0,1.09861,22829.1
T35,S4097,10,2,30.0,30.0,72323.0,0.0,2290,26.8544,0.8,1,0.0,1.0,1.0,1.09861,8232.3
T35,S4098,6,2,6.0,6.0,409391.0,0.0,2291,26.8558,0.8,1,0.0,1.0,1.0,1.09861,41939.1
T35,S4099,7,3,17.0,17.0,121485.0,0.0,2292,26.8467,0.7,1,0.0,1.5,1.0,1.38629,13648.5
T35,S4100,7,3,13.0,13.0,5817.0,0.0,2295,26.9013,0.7,1,0.0,1.5,1.0,1.38629,2081.7
T35,S4101,7,1,17.0,17.0,67166.0,0.0,2296,26.8953,0.9,0,0.0,0.5,1.0,0.693147,7216.6
T35,S4102,1,1,8.0,0.0,0.0,0.0,2297,26.891,0.9,0,4.0,0.5,0.0,0.693147,700.0
T35,S4103,4,3,9.0,9.0,12481.0,0.0,2298,26.8793,0.7,1,0.0,1.5,1.0,1.38629,2748.1
T35,S4104,6,1,20.0,20.0,31887.0,0.0,2299,26.8715,0.9,0,0.0,0.5,1.0,0.693147,3688.7
T35,S4105,5,2,23.0,23.0,35942.0,0.0,2300,26.8685,0.8,1,0.0,1.0,1.0,1.09861,4594.2
T35,S4106,1,1,0.0,0.0,0.0,0.0,2301,26.8668,0.9,0,0.0,0.5,0.0,0.693147,500.0
T35,S4107,1,0,1.0,1.0,4161.0,0.0,2302,26.8551,1.0,0,0.0,0.0,1.0,0.0,416.1
T35,S4108,2,1,6.0,6.0,4080.0,0.0,2303,26.8439,0.9,0,0.0,0.5,1.0,0.693147,908.0
T35,S4109,1,1,3.0,3.0,0.0,0.0,2304,26.8349,0.9,0,0.0,0.5,1.0,0.693147,500.0
T35,S4110,3,1,8.0,8.0,1200.0,0.0,2306,26.8272,0.9,0,0.0,0.5,1.0,0.693147,620.0
T35,S4112,6,1,8.0,8.0,48029.0,0.0,2307,26.819,0.9,0,0.0,0.5,1.0,0.693147,5302.9
T35,S4113,1,1,5.0,5.0,2847.0,0.0,2308,26.8109,0.9,0,0.0,0.5,1.0,0.693147,784.7
T35,S4114,6,2,42.0,42.0,64172.0,1920.0,2309,26.8014,0.8,1,0.0,1.0,1.0,1.09861,7417.2
T35,S4115,8,3,20.0,20.0,18250.0,0.0,2310,26.808,0.7,1,0.0,1.5,1.0,1.38629,3325.0
T35,S4116,5,2,12.0,12.0,180944.0,0.0,2311,26.8051,0.8,1,0.0,1.0,1.0,1.09861,19094.4
T35,S4117,8,3,41.0,41.0,60948.0,0.0,2312,26.7987,0.7,1,0.0,1.5,1.0,1.38629,7594.8
T35,S4118,8,3,24.0,24.0,76465.0,0.0,2313,26.8048,0.7,1,0.0,1.5,1.0,1.38629,9146.5
T35,S4119,3,2,16.0,16.0,25959.0,0.0,2314,26.8036,0.8,1,0.0,1.0,1.0,1.09861,3595.9
T35,S4120,4,1,9.0,9.0,20330.0,0.0,2316,26.8336,0.9,0,0.0,0.5,1.0,0.693147,2533.0
T35,S4121,4,2,26.0,26.0,40027.0,0.0,2317,26.8259,0.8,1,0.0,1.0,1.0,1.09861,5002.7
T35,S4122,5,3,34.0,34.0,37113.0,0.0,2318,26.8255,0.7,1,0.0,1.5,1.0,1.38629,5211.3
T35,S4123,1,1,8.0,8.0,2656.0,0.0,2319,26.8286,0.9,0,0.0,0.5,1.0,0.693147,765.6
T35,S4124,8,2,31.0,31.0,51714.0,0.0,2320,26.8205,0.8,1,0.0,1.0,1.0,1.09861,6171.4
T35,S4125,3,1,5.0,5.0,1422.0,0.0,2321,26.8223,0.9,0,0.0,0.5,1.0,0.693147,642.2
T35,S4126,8,5,21.0,21.0,224802.0,0.0,2322,26.8129,0.5,2,0.0,2.5,1.0,1.79176,24980.2
T35,S4128,2,2,9.0,9.0,1944.0,0.0,2323,26.8104,0.8,1,0.0,1.0,1.0,1.09861,1194.4
T35,S4130,1,1,1.0,1.0,0.0,0.0,2325,26.8222,0.9,0,0.0,0.5,1.0,0.693147,500.0
T35,S4131,1,1,1.0,1.0,4115.0,0.0,2326,26.811,0.9,0,0.0,0.5,1.0,0.693147,911.5
T35,S4132,3,1,0.0,0.0,0.0,0.0,2327,26.7999,0.9,0,0.0,0.5,0.0,0.693147,500.0
T35,S4133,3,2,10.0,10.0,17615.0,0.0,2328,26.7884,0.8,1,0.0,1.0,1.0,1.09861,2761.5
T35,S4134,1,1,0.0,0.0,160801.0,0.0,2329,26.7812,0.9,0,0.0,0.5,0.0,0.693147,16580.1
T35,S4136,1,1,0.0,0.0,19.0,0.0,2330,26.7697,0.9,0,0.0,0.5,0.0,0.693147,501.9
T35,S4137,3,2,0.0,0.0,9.0,0.0,2331,26.7582,0.8,1,0.0,1.0,0.0,1.09861,1000.9
T35,S4138,6,4,0.0,0.0,111666.0,0.0,2332,26.7468,0.6,1,0.0,2.0,0.0,1.60944,13166.6
T35,S4139,2,2,0.0,0.0,1483.0,0.0,2333,26.7353,0.8,1,0.0,1.0,0.0,1.09861,1148.3
T35,S4143,1,1,0.0,0.0,0.0,0.0,2335,26.7411,0.9,0,0.0,0.5,0.0,0.693147,500.0
T35,S4144,7,3,6.0,6.0,128563.0,0.0,2336,26.7296,0.7,1,0.0,1.5,1.0,1.38629,14356.3
T35,S4146,3,3,0.0,0.0,5451.0,0.0,2337,26.7208,0.7,1,0.0,1.5,0.0,1.38629,2045.1
T35,S4147,2,2,0.0,0.0,11561.0,0.0,2338,26.7093,0.8,1,0.0,1.0,0.0,1.09861,2156.1
T35,S4148,3,2,0.0,0.0,24438.0,0.0,2339,26.6979,0.8,1,0.0,1.0,0.0,1.09861,3443.8
T35,S4149,3,2,3.0,3.0,17465.0,0.0,2340,26.6865,0.8,1,0.0,1.0,1.0,1.09861,2746.5
T35,S4150,1,1,0.0,0.0,0.0,0.0,2342,26.7008,0.9,0,0.0,0.5,0.0,0.693147,500.0
T35,S4151,1,1,0.0,0.0,2866.0,0.0,2343,26.6894,0.9,0,0.0,0.5,0.0,0.693147,786.6
T35,S4152,4,2,5.0,5.0,73488.0,0.0,2344,26.6781,0.8,1,0.0,1.0,1.0,1.09861,8348.8
T35,S4153,1,1,0.0,0.0,7487.0,0.0,2345,26.6688,0.9,0,0.0,0.5,0.0,0.693147,1248.7
T35,S4154,1,1,0.0,0.0,0.0,0.0,2346,26.6574,0.9,0,0.0,0.5,0.0,0.693147,500.0
T35,S4155,2,2,0.0,0.0,35481.0,0.0,2347,26.6461,0.8,1,0.0,1.0,0.0,1.09861,4548.1
T35,S4157,2,2,0.0,0.0,8467.0,0.0,2348,26.6347,0.8,1,0.0,1.0,0.0,1.09861,1846.7
T35,S4158,2,2,0.0,0.0,0.0,0.0,2349,26.6234,0.8,1,0.0,1.0,0.0,1.09861,1000.0
T35,S4159,2,2,5.0,5.0,20403.0,0.0,2350,26.612,0.8,1,0.0,1.0,1.0,1.09861,3040.3
T35,S4160,1,1,1.0,1.0,6.0,0.0,2352,26.629,0.9,0,0.0,0.5,1.0,0.693147,500.6
T35,S4163,1,1,1.0,1.0,0.0,0.0,2353,26.6181,0.9,0,0.0,0.5,1.0,0.693147,500.0
T35,S4164,3,3,5.0,5.0,19557.0,0.0,2354,26.6072,0.7,1,0.0,1.5,1.0,1.38629,3455.7
T35,S4166,1,1,2.0,2.0,29964.0,0.0,2355,26.598,0.9,0,0.0,0.5,1.0,0.693147,3496.4
T35,S4167,5,2,0.0,0.0,42974.0,0.0,2356,26.5876,0.8,1,0.0,1.0,0.0,1.09861,5297.4
T35,S4168,8,5,30.0,30.0,33320.0,0.0,2357,26.5763,0.5,2,0.0,2.5,1.0,1.79176,5832.0
T35,S4171,4,3,8.0,8.0,28937.0,0.0,2359,26.5944,0.7,1,0.0,1.5,1.0,1.38629,4393.7
T35,S4172,6,4,8.0,8.0,91800.0,0.0,2360,26.5866,0.6,1,0.0,2.0,1.0,1.60944,11180.0
T35,S4173,3,3,5.0,5.0,37305.0,0.0,2361,26.5787,0.7,1,0.0,1.5,1.0,1.38629,5230.5
T35,S4174,1,1,0.0,0.0,32.0,0.0,2362,26.5695,0.9,0,0.0,0.5,0.0,0.693147,503.2
T35,S4176,15,4,0.0,0.0,16725.0,0.0,2363,26.5583,0.6,1,0.0,2.0,0.0,1.60944,3672.5
T35,S4179,1,1,1.0,1.0,60600.0,0.0,2364,26.5471,0.9,0,0.0,0.5,1.0,0.693147,6560.0
T35,S4181,5,4,15.0,15.0,90554.0,0.0,2366,26.5893,0.6,1,0.0,2.0,1.0,1.60944,11055.4
T35,S4184,5,1,34.0,34.0,56216.0,0.0,2367,26.5844,0.9,0,0.0,0.5,1.0,0.693147,6121.6
T35,S4185,4,2,0.0,0.0,1.0,0.0,2368,26.5875,0.8,1,0.0,1.0,0.0,1.09861,1000.1
T35,S4186,7,2,9.0,9.0,13348.0,0.0,2369,26.5763,0.8,1,0.0,1.0,1.0,1.09861,2334.8
T35,S4187,2,2,3.0,3.0,4.0,0.0,2370,26.5689,0.8,1,0.0,1.0,1.0,1.09861,1000.4
T35,S4189,15,4,18.0,18.0,406416.0,0.0,2371,26.5589,0.6,1,0.0,2.0,1.0,1.60944,42641.6
T35,S4190,13,3,20.0,20.0,1555.0,0.0,2373,26.5635,0.7,1,0.0,1.5,1.0,1.38629,1655.5
T35,S4191,8,2,14.0,14.0,2560.0,0.0,2374,26.5608,0.8,1,0.0,1.0,1.0,1.09861,1256.0
T35,S4193,4,3,12.0,12.0,8375.0,0.0,2375,26.5555,0.7,1,0.0,1.5,1.0,1.38629,2337.5
T35,S4195,15,1,18.0,18.0,4728.0,0.0,2376,26.5493,0.9,0,0.0,0.5,1.0,0.693147,972.8
T36,S4197,1,1,4.0,4.0,0.0,0.0,2377,26.5457,0.9,0,0.0,0.5,1.0,0.693147,500.0
T36,S4201,1,1,8.0,8.0,6946.0,0.0,2380,26.656,0.9,0,0.0,0.5,1.0,0.693147,1194.6
T36,S4202,1,1,4.0,4.0,0.0,0.0,2381,26.6482,0.9,0,0.0,0.5,1.0,0.693147,500.0
T36,S4203,8,3,20.0,20.0,53839.0,0.0,2382,26.6387,0.7,1,0.0,1.5,1.0,1.38629,6883.9
T36,S4204,4,3,16.0,16.0,14007.0,0.0,2383,26.6359,0.7,1,0.0,1.5,1.0,1.38629,2900.7
T36,S4205,5,2,20.0,20.0,20224.0,0.0,2384,26.6314,0.8,1,0.0,1.0,1.0,1.09861,3022.4
T36,S4206,12,6,41.0,41.0,55079.0,0.0,2385,26.6286,0.4,2,0.0,3.0,1.0,1.94591,8507.9
T36,S4207,13,5,43.0,16.0,0.0,0.0,2386,26.6347,0.5,2,13.5,2.5,0.372093,1.79176,3175.0
T36,S4209,7,3,22.0,22.0,51106.0,0.0,2387,26.6302,0.7,1,0.0,1.5,1.0,1.38629,6610.6
T36,S4210,2,1,16.0,8.0,0.0,0.0,2389,26.6707,0.9,0,4.0,0.5,0.5,0.693147,700.0
T36,S4212,5,1,24.0,0.0,0.0,0.0,2390,26.6629,0.9,0,12.0,0.5,0.0,0.693147,1100.0
T36,S4213,23,7,81.0,81.0,130875.0,0.0,2391,26.6518,0.3,2,0.0,3.5,1.0,2.07944,16587.5
T36,S4215,1,1,0.0,0.0,0.0,0.0,2392,26.6745,0.9,0,0.0,0.5,0.0,0.693147,500.0
T36,S4216,8,4,35.0,35.0,25960.0,0.0,2393,26.6633,0.6,1,0.0,2.0,1.0,1.60944,4596.0
T36,S4217,2,1,6.0,2.0,38.0,0.0,2394,26.6668,0.9,0,2.0,0.5,0.333333,0.693147,603.8
T36,S4219,20,6,67.0,67.0,49368.0,0.0,2395,26.6565,0.4,2,0.0,3.0,1.0,1.94591,7936.8
T36,S4220,11,6,46.0,46.0,36657.0,0.0,2397,26.714,0.4,2,0.0,3.0,1.0,1.94591,6665.7
T36,S4221,69,7,307.0,207.0,814994.0,0.0,2398,26.722,0.3,2,50.0,3.5,0.674267,2.07944,87499.4
T36,S4222,7,4,22.0,20.0,59324.0,0.0,2399,26.7972,0.6,1,1.0,2.0,0.909091,1.60944,7982.4
T36,S4224,1,1,4.0,4.0,8967.0,0.0,2400,26.7944,0.9,0,0.0,0.5,1.0,0.693147,1396.7
T36,S4225,7,4,48.0,48.0,54224.0,0.0,2401,26.7849,0.6,1,0.0,2.0,1.0,1.60944,7422.4
T36,S4226,3,2,7.0,7.0,40021.0,0.0,2402,26.7937,0.8,1,0.0,1.0,1.0,1.09861,5002.1
T36,S4229,36,9,85.0,85.0,173480.0,0.0,2403,26.7855,0.1,3,0.0,4.5,1.0,2.30259,21848.0
T36,S4230,9,3,17.0,17.0,14534.0,0.0,2405,26.851,0.7,1,0.0,1.5,1.0,1.38629,2953.4
T36,S4231,150,19,982.0,400.0,250756.0,0.0,2406,26.8469,0.0,6,291.0,9.5,0.407332,2.99573,49125.6
T36,S4233,27,5,80.0,80.0,84683.0,0.0,2407,27.0019,0.5,2,0.0,2.5,1.0,1.79176,10968.3
T36,S4235,39,11,125.0,125.0,283067.0,0.0,2408,27.024,0.0,3,0.0,5.5,1.0,2.48491,33806.7
T36,S4239,1,1,2.0,2.0,427.0,0.0,2409,27.0647,0.9,0,0.0,0.5,1.0,0.693147,542.7
T36,S4240,26,6,72.0,72.0,97614.0,0.0,2411,27.0787,0.4,2,0.0,3.0,1.0,1.94591,12761.4
T36,S4241,27,10,74.0,74.0,32020.0,0.0,2412,27.0973,0.0,3,0.0,5.0,1.0,2.3979,8202.0
T36,S4243,14,4,84.0,84.0,92964.0,0.0,2413,27.1168,0.6,1,0.0,2.0,1.0,1.60944,11296.4
T36,S4244,1,1,8.0,8.0,0.0,0.0,2414,27.1404,0.9,0,0.0,0.5,1.0,0.693147,500.0
T36,S4245,5,3,14.0,14.0,6055.0,0.0,2415,27.1324,0.7,1,0.0,1.5,1.0,1.38629,2105.5
T36,S4246,25,6,141.0,141.0,103899.0,0.0,2416,27.127,0.4,2,0.0,3.0,1.0,1.94591,13389.9
T36,S4247,7,6,34.0,16.0,8656.0,0.0,2417,27.1741,0.4,2,9.0,3.0,0.470588,1.94591,4315.6
T36,S4248,4,1,11.0,11.0,7235.0,0.0,2418,27.1695,0.9,0,0.0,0.5,1.0,0.693147,1223.5
T36,S4251,25,10,104.0,104.0,177470.0,0.0,2420,27.1896,0.0,3,0.0,5.0,1.0,2.3979,22747.0
T36,S4252,3,1,11.0,11.0,5925.0,0.0,2421,27.2214,0.9,0,0.0,0.5,1.0,0.693147,1092.5
T36,S4253,9,4,29.0,29.0,31991.0,0.0,2422,27.2147,0.6,1,0.0,2.0,1.0,1.60944,5199.1
T36,S4254,35,11,140.0,140.0,177443.0,0.0,2423,27.2154,0.0,3,0.0,5.5,1.0,2.48491,23244.3
T36,S4255,9,3,63.0,63.0,63153.0,0.0,2424,27.2619,0.7,1,0.0,1.5,1.0,1.38629,7815.3
T36,S4258,2,2,0.0,0.0,7467.0,0.0,2425,27.2767,0.8,1,0.0,1.0,0.0,1.09861,1746.7
T36,S4259,22,3,87.0,87.0,328532.0,0.0,2426,27.2654,0.7,1,0.0,1.5,1.0,1.38629,34353.2
T36,S4260,44,10,100.0,100.0,87051.0,0.0,2428,27.353,0.0,3,0.0,5.0,1.0,2.3979,13705.1
T36,S4261,4,2,2.0,1.0,6125.0,0.0,2429,27.3829,0.8,1,0.5,1.0,0.5,1.09861,1637.5
T36,S4262,1,1,0.0,0.0,18462.0,0.0,2430,27.372,0.9,0,0.0,0.5,0.0,0.693147,2346.2
T36,S4263,1,1,8.0,0.0,0.0,0.0,2431,27.3608,0.9,0,4.0,0.5,0.0,0.693147,700.0
T36,S4264,19,4,68.0,68.0,32626.0,0.0,2432,27.3495,0.6,1,0.0,2.0,1.0,1.60944,5262.6
T36,S4265,60,14,117.0,117.0,221266.0,0.0,2433,27.3662,0.0,4,0.0,7.0,1.0,2.70805,29126.6
T36,S4266,4,3,9.0,9.0,10098.0,0.0,2434,27.4031,0.7,1,0.0,1.5,1.0,1.38629,2509.8
T36,S4267,4,3,23.0,23.0,47730.0,0.0,2435,27.3955,0.7,1,0.0,1.5,1.0,1.38629,6273.0
T36,S4268,62,15,164.0,164.0,194312.0,0.0,2436,27.3937,0.0,5,0.0,7.5,1.0,2.77259,26931.2
T36,S4269,17,4,52.0,52.0,55204.0,0.0,2437,27.4498,0.6,1,0.0,2.0,1.0,1.60944,7520.4
T36,S4271,32,5,121.0,121.0,98204.0,0.0,2439,27.5159,0.5,2,0.0,2.5,1.0,1.79176,12320.4
T36,S4272,5,3,32.0,32.0,30379.0,0.0,2440,27.5542,0.7,1,0.0,1.5,1.0,1.38629,4537.9
T36,S4273,44,13,129.0,129.0,198214.0,0.0,2441,27.556,0.0,4,0.0,6.5,1.0,2.63906,26321.4
T36,S4275,4,3,8.0,8.0,2705.0,0.0,2442,27.5976,0.7,1,0.0,1.5,1.0,1.38629,1770.5
T36,S4277,4,2,28.0,28.0,65406.0,0.0,2443,27.5896,0.8,1,0.0,1.0,1.0,1.09861,7540.6
T36,S4278,32,10,153.0,153.0,341917.0,0.0,2444,27.5897,0.0,3,0.0,5.0,1.0,2.3979,39191.7
T36,S4279,31,5,126.0,126.0,116678.0,0.0,2445,27.641,0.5,2,0.0,2.5,1.0,1.79176,14167.8
T36,S4280,46,11,138.0,138.0,225275.0,0.0,2447,27.7116,0.0,3,0.0,5.5,1.0,2.48491,28027.5
T36,S4281,4,3,3.0,3.0,12953.0,0.0,2448,27.7567,0.7,1,0.0,1.5,1.0,1.38629,2795.3
T36,S4282,3,1,26.0,26.0,49043.0,0.0,2449,27.7466,0.9,0,0.0,0.5,1.0,0.693147,5404.3
T36,S4283,20,4,100.0,100.0,85375.0,0.0,2450,27.7459,0.6,1,0.0,2.0,1.0,1.60944,10537.5
T36,S4284,1,1,1.0,1.0,17.0,0.0,2451,27.7754,0.9,0,0.0,0.5,1.0,0.693147,501.7
T36,S4285,44,12,122.0,122.0,227050.0,0.0,2452,27.7645,0.0,4,0.0,6.0,1.0,2.56495,28705.0
T36,S4286,1,1,4.0,4.0,0.0,0.0,2453,27.8029,0.9,0,0.0,0.5,1.0,0.693147,500.0
T36,S4287,10,4,47.0,47.0,58760.0,0.0,2454,27.7932,0.6,1,0.0,2.0,1.0,1.60944,7876.0
T36,S4288,2,2,20.0,20.0,28690.0,0.0,2455,27.801,0.8,1,0.0,1.0,1.0,1.09861,3869.0
T36,S4290,39,10,136.0,136.0,172192.0,0.0,2457,27.8044,0.0,3,0.0,5.0,1.0,2.3979,22219.2
T36,S4291,1,1,0.0,0.0,0.0,0.0,2458,27.8485,0.9,0,0.0,0.5,0.0,0.693147,500.0
T36,S4292,19,5,92.0,84.0,61491.0,0.0,2459,27.8371,0.5,2,4.0,2.5,0.913043,1.79176,8849.1
T36,S4293,50,14,174.0,173.0,457150.0,0.0,2460,27.86,0.0,4,0.5,7.0,0.994253,2.70805,52740.0
T36,S4294,2,2,1.0,1.0,5575.0,0.0,2461,27.919,0.8,1,0.0,1.0,1.0,1.09861,1557.5
T36,S4295,5,3,12.0,12.0,821133.0,0.0,2462,27.908,0.7,1,0.0,1.5,1.0,1.38629,83613.3
T36,S4296,16,5,113.0,113.0,152170.0,0.0,2463,27.9016,0.5,2,0.0,2.5,1.0,1.79176,17717.0
T36,S4297,1,1,0.0,0.0,0.0,0.0,2464,27.9361,0.9,0,0.0,0.5,0.0,0.693147,500.0
T36,S4298,50,10,201.0,193.0,284095.0,0.0,2465,27.9248,0.0,3,4.0,5.0,0.960199,2.3979,33609.5
T36,S4299,3,2,6.0,6.0,11885.0,0.0,2466,27.9918,0.8,1,0.0,1.0,1.0,1.09861,2188.5
T36,S4301,23,2,10.0,8.0,0.0,0.0,2469,28.0918,0.8,1,1.0,1.0,0.8,1.09861,1050.0
T36,S4303,20,5,112.0,112.0,111659.0,0.0,2470,28.0837,0.5,2,0.0,2.5,1.0,1.79176,13665.9
T36,S4304,43,11,166.0,166.0,181106.0,0.0,2471,28.1177,0.0,3,0.0,5.5,1.0,2.48491,23610.6
T36,S4305,1,1,0.0,0.0,0.0,0.0,2472,28.1735,0.9,0,0.0,0.5,0.0,0.693147,500.0
T36,S4306,48,10,145.0,145.0,130283.0,0.0,2473,28.1621,0.0,3,0.0,5.0,1.0,2.3979,18028.3
T36,S4307,24,5,106.0,106.0,90641.0,0.0,2474,28.2093,0.5,2,0.0,2.5,1.0,1.79176,11564.1
T36,S4308,35,11,172.0,172.0,262260.0,0.0,2475,28.2408,0.0,3,0.0,5.5,1.0,2.48491,31726.0
T36,S4309,2,1,9.0,9.0,11036.0,0.0,2476,28.2989,0.9,0,0.0,0.5,1.0,0.693147,1603.6
T36,S4310,5,4,18.0,18.0,16591.0,0.0,2478,28.2809,0.6,1,0.0,2.0,1.0,1.60944,3659.1
T36,S4311,1,1,0.0,0.0,1603.0,0.0,2479,28.2767,0.9,0,0.0,0.5,0.0,0.693147,660.3
T36,S4312,1,1,0.0,0.0,177054.0,0.0,2480,28.2653,0.9,0,0.0,0.5,0.0,0.693147,18205.4
T36,S4313,22,5,95.0,95.0,57116.0,0.0,2481,28.2539,0.5,2,0.0,2.5,1.0,1.79176,8211.6
T36,S4314,22,5,91.0,91.0,142757.0,0.0,2482,28.2808,0.5,2,0.0,2.5,1.0,1.79176,16775.7
T36,S4315,49,13,145.0,145.0,189966.0,0.0,2483,28.3061,0.0,4,0.0,6.5,1.0,2.63906,25496.6
T36,S4316,1,1,8.0,8.0,2827.0,0.0,2484,28.3531,0.9,0,0.0,0.5,1.0,0.693147,782.7
T36,S4317,22,6,79.0,79.0,77156.0,0.0,2485,28.3449,0.4,2,0.0,3.0,1.0,1.94591,10715.6
T36,S4318,42,10,133.0,133.0,217707.0,0.0,2486,28.3653,0.0,3,0.0,5.0,1.0,2.3979,26770.7
T36,S4320,19,5,101.0,101.0,74800.0,0.0,2488,28.4257,0.5,2,0.0,2.5,1.0,1.79176,9980.0
T36,S4321,11,5,90.0,90.0,61180.0,0.0,2489,28.4549,0.5,2,0.0,2.5,1.0,1.79176,8618.0
T36,S4322,3,1,9.0,9.0,6315.0,0.0,2490,28.4796,0.9,0,0.0,0.5,1.0,0.693147,1131.5
T36,S4323,3,2,12.0,12.0,12931.0,0.0,2491,28.4718,0.8,1,0.0,1.0,1.0,1.09861,2293.1
T36,S4324,31,12,160.0,160.0,169509.0,0.0,2492,28.4651,0.0,4,0.0,6.0,1.0,2.56495,22950.9
T36,S4325,20,6,109.0,109.0,130077.0,0.0,2493,28.5179,0.4,2,0.0,3.0,1.0,1.94591,16007.7
T36,S4326,4,2,4.0,4.0,128199.0,0.0,2494,28.5502,0.8,1,0.0,1.0,1.0,1.09861,13819.9
T36,S4327,29,9,148.0,148.0,125463.0,0.0,2495,28.5404,0.1,3,0.0,4.5,1.0,2.30259,17046.3
T36,S4328,7,5,21.0,21.0,76836.0,0.0,2496,28.5882,0.5,2,0.0,2.5,1.0,1.79176,10183.6
T36,S4329,15,6,116.0,116.0,97847.0,0.0,2497,28.5852,0.4,2,0.0,3.0,1.0,1.94591,12784.7
T36,S4330,29,11,172.0,172.0,67871.0,0.0,2499,28.6444,0.0,3,0.0,5.5,1.0,2.48491,12287.1
T36,S4331,2,2,0.0,0.0,15641.0,0.0,2500,28.7018,0.8,1,0.0,1.0,0.0,1.09861,2564.1
T36,S4332,2,2,0.0,0.0,213466.0,0.0,2501,28.6903,0.8,1,0.0,1.0,0.0,1.09861,22346.6
T36,S4333,7,3,37.0,37.0,34503.0,0.0,2502,28.6788,0.7,1,0.0,1.5,1.0,1.38629,4950.3
T36,S4334,1,1,16.0,0.0,0.0,0.0,2503,28.6821,0.9,0,8.0,0.5,0.0,0.693147,900.0
T36,S4336,34,5,184.0,179.0,118329.0,0.0,2504,28.6707,0.5,2,2.5,2.5,0.972826,1.79176,14457.9
T36,S4338,30,7,148.0,148.0,184738.0,0.0,2505,28.7307,0.3,2,0.0,3.5,1.0,2.07944,21973.8
T36,S4339,4,3,4.0,4.0,5890.0,0.0,2506,28.7783,0.7,1,0.0,1.5,1.0,1.38629,2089.0
T36,S4340,33,6,156.0,156.0,222742.0,0.0,2508,28.7797,0.4,2,0.0,3.0,1.0,1.94591,25274.2
T36,S4341,3,3,0.0,0.0,28951.0,0.0,2509,28.8304,0.7,1,0.0,1.5,0.0,1.38629,4395.1
T36,S4342,15,5,98.0,98.0,61052.0,0.0,2510,28.8189,0.5,2,0.0,2.5,1.0,1.79176,8605.2
T36,S4343,21,8,84.0,84.0,48002.0,0.0,2511,28.8465,0.2,2,0.0,4.0,1.0,2.19722,8800.2
T36,S4344,4,4,3.0,3.0,19681.0,0.0,2512,28.8685,0.6,1,0.0,2.0,1.0,1.60944,3968.1
T36,S4345,22,5,119.0,119.0,234242.0,0.0,2513,28.8582,0.5,2,0.0,2.5,1.0,1.79176,25924.2
T36,S4346,14,6,55.0,55.0,184436.0,0.0,2514,28.894,0.4,2,0.0,3.0,1.0,1.94591,21443.6
T36,S4347,1,1,0.0,0.0,8719.0,0.0,2515,28.9044,0.9,0,0.0,0.5,0.0,0.693147,1371.9
T36,S4348,21,6,116.0,116.0,259753.0,0.0,2516,28.8929,0.4,2,0.0,3.0,1.0,1.94591,28975.3
T36,S4349,21,7,107.0,107.0,109641.0,0.0,2517,28.9275,0.3,2,0.0,3.5,1.0,2.07944,14464.1
T36,S4350,2,2,0.0,0.0,19918.0,0.0,2519,28.9494,0.8,1,0.0,1.0,0.0,1.09861,2991.8
T36,S4351,17,5,57.0,57.0,40172.0,0.0,2520,28.9379,0.5,2,0.0,2.5,1.0,1.79176,6517.2
T36,S4352,38,7,190.0,190.0,194938.0,0.0,2521,28.9491,0.3,2,0.0,3.5,1.0,2.07944,22993.8
T36,S4353,9,5,6.0,6.0,12480.0,0.0,2522,29.013,0.5,2,0.0,2.5,1.0,1.79176,3748.0
T36,S4354,25,6,130.0,130.0,109174.0,0.0,2523,29.0038,0.4,2,0.0,3.0,1.0,1.94591,13917.4
T36,S4355,6,5,9.0,9.0,57262.0,0.0,2524,29.0439,0.5,2,0.0,2.5,1.0,1.79176,8226.2
T36,S4356,10,4,88.0,88.0,100728.0,0.0,2525,29.0359,0.6,1,0.0,2.0,1.0,1.60944,12072.8
T36,S4357,12,4,82.0,82.0,93768.0,0.0,2526,29.0593,0.6,1,0.0,2.0,1.0,1.60944,11376.8
T36,S4358,18,7,75.0,75.0,107076.0,0.0,2527,29.0802,0.3,2,0.0,3.5,1.0,2.07944,14207.6
T36,S4359,10,4,86.0,86.0,70890.0,0.0,2528,29.0984,0.6,1,0.0,2.0,1.0,1.60944,9089.0
T36,S4360,26,6,115.0,115.0,125398.0,0.0,2530,29.1268,0.4,2,0.0,3.0,1.0,1.94591,15539.8
T36,S4361,2,2,8.0,8.0,6023.0,0.0,2531,29.1607,0.8,1,0.0,1.0,1.0,1.09861,1602.3
T36,S4362,10,6,29.0,29.0,47723.0,0.0,2532,29.1524,0.4,2,0.0,3.0,1.0,1.94591,7772.3
T36,S4363,3,2,0.0,0.0,28428.0,0.0,2533,29.1523,0.8,1,0.0,1.0,0.0,1.09861,3842.8
T36,S4364,28,6,95.0,95.0,81332.0,0.0,2534,29.1408,0.4,2,0.0,3.0,1.0,1.94591,11133.2
T36,S4365,31,8,113.0,113.0,174209.0,0.0,2535,29.1668,0.2,2,0.0,4.0,1.0,2.19722,21420.9
T36,S4366,10,4,14.0,14.0,35830.0,0.0,2536,29.1999,0.6,1,0.0,2.0,1.0,1.60944,5583.0
T36,S4368,21,5,76.0,76.0,39360.0,0.0,2537,29.1939,0.5,2,0.0,2.5,1.0,1.79176,6436.0
T36,S4369,24,6,104.0,104.0,100205.0,0.0,2538,29.2123,0.4,2,0.0,3.0,1.0,1.94591,13020.5
T36,S4371,4,4,1.0,1.0,20113.0,0.0,2540,29.2441,0.6,1,0.0,2.0,1.0,1.60944,4011.3
T36,S4372,22,8,84.0,84.0,118862.0,0.0,2541,29.2329,0.2,2,0.0,4.0,1.0,2.19722,15886.2
T36,S4373,5,3,34.0,34.0,30178.0,0.0,2542,29.2545,0.7,1,0.0,1.5,1.0,1.38629,4517.8
T36,S4374,17,5,105.0,105.0,131875.0,0.0,2543,29.2564,0.5,2,0.0,2.5,1.0,1.79176,15687.5
T36,S4375,7,4,14.0,14.0,50976.0,0.0,2544,29.2862,0.6,1,0.0,2.0,1.0,1.60944,7097.6
T36,S4376,14,5,77.0,77.0,151816.0,0.0,2545,29.2801,0.5,2,0.0,2.5,1.0,1.79176,17681.6
T36,S4377,12,4,73.0,73.0,43506.0,0.0,2546,29.2989,0.6,1,0.0,2.0,1.0,1.60944,6350.6
T36,S4378,3,2,21.0,21.0,19020.0,0.0,2547,29.3161,0.8,1,0.0,1.0,1.0,1.09861,2902.0
T36,S4379,20,5,117.0,117.0,81013.0,0.0,2548,29.3128,0.5,2,0.0,2.5,1.0,1.79176,10601.3
T36,S4380,1,1,0.0,0.0,0.0,0.0,2550,29.3502,0.9,0,0.0,0.5,0.0,0.693147,500.0
T36,S4381,14,5,49.0,49.0,20275.0,0.0,2551,29.3387,0.5,2,0.0,2.5,1.0,1.79176,4527.5
T36,S4382,7,4,1.0,1.0,3001.0,0.0,2552,29.3464,0.6,1,0.0,2.0,1.0,1.60944,2300.1
T36,S4383,13,5,48.0,48.0,91207.0,0.0,2553,29.3353,0.5,2,0.0,2.5,1.0,1.79176,11620.7
T36,S4384,16,5,83.0,83.0,55751.0,0.0,2554,29.3426,0.5,2,0.0,2.5,1.0,1.79176,8075.1
T36,S4385,3,2,6.0,6.0,1321.0,0.0,2555,29.3636,0.8,1,0.0,1.0,1.0,1.09861,1132.1
T36,S4386,2,2,8.0,8.0,13394.0,0.0,2556,29.3545,0.8,1,0.0,1.0,1.0,1.09861,2339.4
T36,S4387,32,6,131.0,131.0,260692.0,0.0,2557,29.3461,0.4,2,0.0,3.0,1.0,1.94591,29069.2
T36,S4388,10,5,55.0,55.0,50307.0,0.0,2558,29.3859,0.5,2,0.0,2.5,1.0,1.79176,7530.7
T36,S4389,17,3,74.0,74.0,72036.0,0.0,2559,29.3959,0.7,1,0.0,1.5,1.0,1.38629,8703.6
T36,S4390,20,6,102.0,102.0,119042.0,0.0,2561,29.4069,0.4,2,0.0,3.0,1.0,1.94591,14904.2
T36,S4391,4,3,6.0,6.0,7097.0,0.0,2562,29.4353,0.7,1,0.0,1.5,1.0,1.38629,2209.7
T36,S4392,18,5,83.0,83.0,189981.0,0.0,2563,29.4261,0.5,2,0.0,2.5,1.0,1.79176,21498.1
T36,S4393,16,6,124.0,124.0,109105.0,0.0,2564,29.447,0.4,2,0.0,3.0,1.0,1.94591,13910.5
T36,S4395,1,1,5.0,5.0,6092.0,0.0,2565,29.4839,0.9,0,0.0,0.5,1.0,0.693147,1109.2
T36,S4396,23,5,118.0,118.0,106882.0,0.0,2566,29.4743,0.5,2,0.0,2.5,1.0,1.79176,13188.2
T36,S4397,6,3,27.0,27.0,48945.0,0.0,2567,29.5088,0.7,1,0.0,1.5,1.0,1.38629,6394.5
T36,S4398,2,1,4.0,4.0,1153.0,0.0,2568,29.5079,0.9,0,0.0,0.5,1.0,0.693147,615.3
T36,S4399,9,5,17.0,17.0,5992.0,0.0,2569,29.4979,0.5,2,0.0,2.5,1.0,1.79176,3099.2
T36,S4400,29,8,125.0,125.0,271278.0,0.0,2572,29.5448,0.2,2,0.0,4.0,1.0,2.19722,31127.8
T36,S4401,7,3,40.0,40.0,20448.0,0.0,2573,29.5819,0.7,1,0.0,1.5,1.0,1.38629,3544.8
T36,S4402,1,0,0.0,0.0,0.0,0.0,2574,29.586,1.0,0,0.0,0.0,0.0,0.0,0.0
T36,S4403,8,5,31.0,31.0,45067.0,0.0,2575,29.5745,0.5,2,0.0,2.5,1.0,1.79176,7006.7
T36,S4404,9,4,69.0,69.0,76526.0,0.0,2576,29.575,0.6,1,0.0,2.0,1.0,1.60944,9652.6
T36,S4405,8,3,9.0,9.0,33595.0,0.0,2577,29.5903,0.7,1,0.0,1.5,1.0,1.38629,4859.5
T36,S4406,12,5,49.0,49.0,57015.0,0.0,2578,29.5823,0.5,2,0.0,2.5,1.0,1.79176,8201.5
T36,S4407,19,6,106.0,106.0,52519.0,0.0,2579,29.5899,0.4,2,0.0,3.0,1.0,1.94591,8251.9
T36,S4408,7,3,42.0,42.0,65577.0,0.0,2580,29.6195,0.7,1,0.0,1.5,1.0,1.38629,8057.7
T36,S4409,1,1,8.0,8.0,5716.0,0.0,2581,29.6243,0.9,0,0.0,0.5,1.0,0.693147,1071.6
T36,S4410,5,2,15.0,15.0,20385.0,0.0,2583,29.6199,0.8,1,0.0,1.0,1.0,1.09861,3038.5
T36,S4411,1,1,5.0,5.0,5950.0,0.0,2584,29.6143,0.9,0,0.0,0.5,1.0,0.693147,1095.0
T36,S4412,8,3,3.0,3.0,13735.0,0.0,2585,29.6048,0.7,1,0.0,1.5,1.0,1.38629,2873.5
T36,S4413,3,2,13.0,13.0,30189.0,0.0,2586,29.5945,0.8,1,0.0,1.0,1.0,1.09861,4018.9
T36,S4414,3,2,21.0,21.0,86066.0,0.0,2587,29.588,0.8,1,0.0,1.0,1.0,1.09861,9606.6
T36,S4415,14,6,77.0,77.0,177934.0,0.0,2588,29.5847,0.4,2,0.0,3.0,1.0,1.94591,20793.4
T36,S4416,5,4,9.0,9.0,15753.0,0.0,2589,29.603,0.6,1,0.0,2.0,1.0,1.60944,3575.3
T36,S4417,10,5,44.0,44.0,20928.0,0.0,2590,29.5951,0.5,2,0.0,2.5,1.0,1.79176,4592.8
T36,S4418,14,4,7.0,7.0,39941.0,0.0,2591,29.6007,0.6,1,0.0,2.0,1.0,1.60944,5994.1
T36,S4419,20,7,66.0,66.0,219715.0,0.0,2592,29.5919,0.3,2,0.0,3.5,1.0,2.07944,25471.5
T36,S4420,12,4,60.0,60.0,77229.0,0.0,2594,29.6362,0.6,1,0.0,2.0,1.0,1.60944,9722.9
T36,S4421,12,4,7.0,6.0,36850.0,0.0,2595,29.6479,0.6,1,0.5,2.0,0.857143,1.60944,5710.0
T36,S4422,13,4,66.0,66.0,95209.0,0.0,2596,29.6388,0.6,1,0.0,2.0,1.0,1.60944,11520.9
T36,S4423,11,2,13.0,13.0,32488.0,0.0,2597,29.6528,0.8,1,0.0,1.0,1.0,1.09861,4248.8
T36,S4424,11,5,10.0,10.0,64819.0,0.0,2598,29.6464,0.5,2,0.0,2.5,1.0,1.79176,8981.9
T36,S4425,9,4,12.0,12.0,13263.0,0.0,2599,29.6388,0.6,1,0.0,2.0,1.0,1.60944,3326.3
T36,S4426,14,4,13.0,13.0,11079.0,0.0,2600,29.632,0.6,1,0.0,2.0,1.0,1.60944,3107.9
T36,S4427,6,3,10.0,10.0,24389.0,0.0,2601,29.6256,0.7,1,0.0,1.5,1.0,1.38629,3938.9
T36,S4428,7,3,8.0,8.0,0.0,0.0,2602,29.6181,0.7,1,0.0,1.5,1.0,1.38629,1500.0
T36,S4429,14,5,36.0,36.0,63988.0,0.0,2603,29.6098,0.5,2,0.0,2.5,1.0,1.79176,8898.8
T36,S4430,10,4,22.0,22.0,48382.0,0.0,2605,29.6159,0.6,1,0.0,2.0,1.0,1.60944,6838.2
T36,S4431,13,7,39.0,39.0,20225.0,0.0,2606,29.6129,0.3,2,0.0,3.5,1.0,2.07944,5522.5
T36,S4432,7,4,13.0,13.0,5888.0,0.0,2607,29.6165,0.6,1,0.0,2.0,1.0,1.60944,2588.8
T36,S4433,6,3,23.0,23.0,41129.0,0.0,2608,29.6102,0.7,1,0.0,1.5,1.0,1.38629,5612.9
T36,S4434,11,5,37.0,37.0,33442.0,0.0,2609,29.6076,0.5,2,0.0,2.5,1.0,1.79176,5844.2
T36,S4435,26,8,89.0,89.0,46397.0,0.0,2610,29.6105,0.2,2,0.0,4.0,1.0,2.19722,8639.7
T36,S4436,15,6,70.0,70.0,79210.0,0.0,2611,29.6332,0.4,2,0.0,3.0,1.0,1.94591,10921.0
T36,S4437,21,6,65.0,65.0,61298.0,0.0,2612,29.6487,0.4,2,0.0,3.0,1.0,1.94591,9129.8
T36,S4438,23,6,97.0,97.0,106863.0,0.0,2613,29.6622,0.4,2,0.0,3.0,1.0,1.94591,13686.3
T36,S4439,13,5,25.0,25.0,25861.0,0.0,2614,29.688,0.5,2,0.0,2.5,1.0,1.79176,5086.1
T36,S4440,7,5,41.0,41.0,48620.0,0.0,2616,29.7364,0.5,2,0.0,2.5,1.0,1.79176,7362.0
T36,S4441,5,3,26.0,26.0,48601.0,0.0,2617,29.7407,0.7,1,0.0,1.5,1.0,1.38629,6360.1
T36,S4442,20,10,90.0,90.0,81549.0,0.0,2618,29.7393,0.0,3,0.0,5.0,1.0,2.3979,13154.9
T36,S4443,12,7,48.0,48.0,63608.0,0.0,2619,29.7623,0.3,2,0.0,3.5,1.0,2.07944,9860.8
T36,S4444,27,6,91.0,91.0,44666.0,0.0,2620,29.7693,0.4,2,0.0,3.0,1.0,1.94591,7466.6
T36,S4445,25,9,141.0,141.0,169253.0,0.0,2621,29.7926,0.1,3,0.0,4.5,1.0,2.30259,21425.3
T36,S4446,16,6,69.0,69.0,37758.0,0.0,2622,29.8351,0.4,2,0.0,3.0,1.0,1.94591,6775.8
T36,S4447,36,7,138.0,138.0,107043.0,0.0,2623,29.85,0.3,2,0.0,3.5,1.0,2.07944,14204.3
T36,S4448,22,7,99.0,99.0,86800.0,0.0,2624,29.8912,0.3,2,0.0,3.5,1.0,2.07944,12180.0
T36,S4449,16,8,85.0,85.0,111990.0,0.0,2625,29.9176,0.2,2,0.0,4.0,1.0,2.19722,15199.0
T36,S4450,15,4,74.0,74.0,37479.0,0.0,2627,29.9321,0.6,1,0.0,2.0,1.0,1.60944,5747.9
T36,S4452,17,6,95.0,95.0,55968.0,0.0,2628,29.9489,0.4,2,0.0,3.0,1.0,1.94591,8596.8
T36,S4453,8,3,55.0,55.0,129013.0,0.0,2629,29.9736,0.7,1,0.0,1.5,1.0,1.38629,14401.3
T36,S4454,14,6,94.0,94.0,74899.0,0.0,2630,29.9831,0.4,2,0.0,3.0,1.0,1.94591,10489.9
T36,S4455,14,8,53.0,53.0,25612.0,0.0,2631,30.0075,0.2,2,0.0,4.0,1.0,2.19722,6561.2
T36,S4456,15,7,84.0,84.0,124798.0,0.0,2632,30.0162,0.3,2,0.0,3.5,1.0,2.07944,15979.8
T36,S4457,10,6,50.0,50.0,64196.0,0.0,2633,30.0367,0.4,2,0.0,3.0,1.0,1.94591,9419.6
T36,S4458,4,3,47.0,47.0,38567.0,0.0,2634,30.0443,0.7,1,0.0,1.5,1.0,1.38629,5356.7
T36,S4459,4,4,22.0,22.0,23173.0,0.0,2635,30.0508,0.6,1,0.0,2.0,1.0,1.60944,4317.3
T36,S4460,13,6,60.0,60.0,94120.0,0.0,2637,30.0477,0.4,2,0.0,3.0,1.0,1.94591,12412.0
T36,S4462,7,5,14.0,14.0,24668.0,0.0,2638,30.059,0.5,2,0.0,2.5,1.0,1.79176,4966.8
T36,S4464,16,6,60.0,60.0,69031.0,0.0,2639,30.0529,0.4,2,0.0,3.0,1.0,1.94591,9903.1
T36,S4465,8,5,23.0,23.0,4550.0,0.0,2640,30.0643,0.5,2,0.0,2.5,1.0,1.79176,2955.0
T36,S4466,11,8,40.0,40.0,48562.0,0.0,2641,30.0616,0.2,2,0.0,4.0,1.0,2.19722,8856.2
T36,S4467,24,8,86.0,86.0,110807.0,0.0,2642,30.0654,0.2,2,0.0,4.0,1.0,2.19722,15080.7
T36,S4470,14,6,58.0,58.0,106068.0,0.0,2644,30.1039,0.4,2,0.0,3.0,1.0,1.94591,13606.8
T36,S4472,12,6,66.0,66.0,148216.0,0.0,2645,30.1145,0.4,2,0.0,3.0,1.0,1.94591,17821.6
T36,S4473,5,4,30.0,30.0,75691.0,0.0,2646,30.128,0.6,1,0.0,2.0,1.0,1.60944,9569.1
T36,S4474,5,1,25.0,25.0,6792.0,0.0,2647,30.128,0.9,0,0.0,0.5,1.0,0.693147,1179.2
T36,S4475,2,2,21.0,21.0,15459.0,0.0,2648,30.1261,0.8,1,0.0,1.0,1.0,1.09861,2545.9
T36,S4476,4,2,5.0,5.0,24518.0,0.0,2649,30.1226,0.8,1,0.0,1.0,1.0,1.09861,3451.8
T36,S4477,1,1,1.0,1.0,0.0,0.0,2650,30.1131,0.9,0,0.0,0.5,1.0,0.693147,500.0
T36,S4478,7,3,7.0,7.0,486.0,0.0,2651,30.1021,0.7,1,0.0,1.5,1.0,1.38629,1548.6
T36,S4479,5,2,12.0,12.0,31122.0,0.0,2652,30.0934,0.8,1,0.0,1.0,1.0,1.09861,4112.2
T36,S4480,1,1,8.0,8.0,12928.0,0.0,2654,30.0956,0.9,0,0.0,0.5,1.0,0.693147,1792.8
T36,S4481,3,3,16.0,16.0,172297.0,0.0,2655,30.0873,0.7,1,0.0,1.5,1.0,1.38629,18729.7
T36,S4482,7,4,36.0,36.0,30444.0,0.0,2656,30.082,0.6,1,0.0,2.0,1.0,1.60944,5044.4
T36,S4483,2,2,0.0,0.0,0.0,0.0,2657,30.0842,0.8,1,0.0,1.0,0.0,1.09861,1000.0
T36,S4484,1,1,0.0,0.0,11296.0,0.0,2658,30.0729,0.9,0,0.0,0.5,0.0,0.693147,1629.6
T36,S4486,11,3,0.0,0.0,13744.0,0.0,2659,30.0616,0.7,1,0.0,1.5,0.0,1.38629,2874.4
T36,S4487,5,3,27.0,27.0,51267.0,0.0,2660,30.0503,0.7,1,0.0,1.5,1.0,1.38629,6626.7
T36,S4489,1,1,5.0,5.0,0.0,0.0,2661,30.0491,0.9,0,0.0,0.5,1.0,0.693147,500.0
T36,S4490,4,1,17.0,17.0,115257.0,0.0,2663,30.0401,0.9,0,0.0,0.5,1.0,0.693147,12025.7
T36,S4491,1,1,3.0,3.0,7293.0,0.0,2664,30.0352,0.9,0,0.0,0.5,1.0,0.693147,1229.3
T36,S4492,2,1,6.0,6.0,0.0,0.0,2665,30.025,0.9,0,0.0,0.5,1.0,0.693147,500.0
T36,S4494,1,1,8.0,8.0,0.0,0.0,2666,30.016,0.9,0,0.0,0.5,1.0,0.693147,500.0
T36,S4495,1,1,5.0,5.0,8436.0,0.0,2667,30.0078,0.9,0,0.0,0.5,1.0,0.693147,1343.6
T36,S4496,3,1,10.0,10.0,1648.0,0.0,2668,29.9984,0.9,0,0.0,0.5,1.0,0.693147,664.8
T36,S4497,3,3,21.0,21.0,90796.0,0.0,2669,29.9909,0.7,1,0.0,1.5,1.0,1.38629,10579.6
T36,S4498,1,1,3.0,3.0,9.0,0.0,2670,29.9875,0.9,0,0.0,0.5,1.0,0.693147,500.9
T36,S4500,6,4,14.0,14.0,28628.0,0.0,2673,30.0306,0.6,1,0.0,2.0,1.0,1.60944,4862.8
T36,S4501,13,6,21.0,21.0,2823914.0,0.0,2674,30.0246,0.4,2,0.0,3.0,1.0,1.94591,285391.0
T36,S4502,3,2,16.0,16.0,29031.0,0.0,2675,30.0212,0.8,1,0.0,1.0,1.0,1.09861,3903.1
T36,S4503,2,2,0.0,0.0,29.0,0.0,2676,30.016,0.8,1,0.0,1.0,0.0,1.09861,1002.9
T36,S4504,3,2,0.0,0.0,21.0,0.0,2677,30.0047,0.8,1,0.0,1.0,0.0,1.09861,1002.1
T36,S4505,1,1,0.0,0.0,0.0,0.0,2678,29.9935,0.9,0,0.0,0.5,0.0,0.693147,500.0
T13,S4507,1,1,0.0,0.0,0.0,0.0,2679,29.9823,0.9,0,0.0,0.5,0.0,0.693147,500.0
T13,S4508,8,5,51.0,37.0,1585042.0,0.0,2680,29.9711,0.5,2,7.0,2.5,0.72549,1.79176,161354.0
T13,S4509,1,1,3.0,3.0,0.0,0.0,2681,29.9738,0.9,0,0.0,0.5,1.0,0.693147,500.0
T13,S4510,2,1,9.0,9.0,158648.0,0.0,2683,29.9719,0.9,0,0.0,0.5,1.0,0.693147,16364.8
T13,S4514,2,2,16.0,16.0,1490.0,0.0,2684,29.9641,0.8,1,0.0,1.0,1.0,1.09861,1149.0
T13,S4515,1,1,1.0,0.0,0.0,0.0,2685,29.9589,0.9,0,0.5,0.5,0.0,0.693147,525.0
T13,S4517,1,1,0.0,0.0,21664.0,0.0,2686,29.9477,0.9,0,0.0,0.5,0.0,0.693147,2666.4
T13,S4518,5,1,19.0,19.0,17182.0,0.0,2687,29.9366,0.9,0,0.0,0.5,1.0,0.693147,2218.2
T13,S4520,1,1,3.0,3.0,47896.0,0.0,2689,29.9292,0.9,0,0.0,0.5,1.0,0.693147,5289.6
T13,S4521,4,2,24.0,24.0,37397.0,0.0,2690,29.9192,0.8,1,0.0,1.0,1.0,1.09861,4739.7
T13,S4522,5,1,38.0,38.0,1407335.0,0.0,2691,29.917,0.9,0,0.0,0.5,1.0,0.693147,141234.0
T13,S4523,2,1,6.0,6.0,85370.0,0.0,2692,29.92,0.9,0,0.0,0.5,1.0,0.693147,9037.0
T13,S4524,2,1,5.0,5.0,5228.0,0.0,2693,29.9111,0.9,0,0.0,0.5,1.0,0.693147,1022.8
T13,S4525,6,2,22.0,22.0,251354.0,0.0,2694,29.9018,0.8,1,0.0,1.0,1.0,1.09861,26135.4
T13,S4526,11,1,41.0,41.0,954250.0,0.0,2695,29.8989,0.9,0,0.0,0.5,1.0,0.693147,95925.0
T13,S4527,3,1,11.0,11.0,62738.0,0.0,2696,29.903,0.9,0,0.0,0.5,1.0,0.693147,6773.8
T13,S4528,2,2,8.0,8.0,171224.0,0.0,2697,29.896,0.8,1,0.0,1.0,1.0,1.09861,18122.4
T13,S4530,1,1,5.0,5.0,10441.0,0.0,2699,29.8876,0.9,0,0.0,0.5,1.0,0.693147,1544.1
T13,S4531,2,1,8.0,8.0,10178.0,0.0,2700,29.8784,0.9,0,0.0,0.5,1.0,0.693147,1517.8
T13,S4533,2,1,6.0,6.0,217445.0,0.0,2701,29.8703,0.9,0,0.0,0.5,1.0,0.693147,22244.5
T13,S4534,3,2,16.0,16.0,36800.0,0.0,2702,29.8614,0.8,1,0.0,1.0,1.0,1.09861,4680.0
T13,S4535,3,3,15.0,15.0,48856.0,0.0,2703,29.8563,0.7,1,0.0,1.5,1.0,1.38629,6385.6
T13,S4536,2,1,6.0,6.0,0.0,0.0,2704,29.8508,0.9,0,0.0,0.5,1.0,0.693147,500.0
T13,S4538,3,2,18.0,18.0,71558.0,0.0,2705,29.842,0.8,1,0.0,1.0,1.0,1.09861,8155.8
T13,S4539,6,2,30.0,25.0,53331.0,0.0,2706,29.8376,0.8,1,2.5,1.0,0.833333,1.09861,6458.1
T13,S4540,6,2,32.0,32.0,54954.0,0.0,2708,29.8336,0.8,1,0.0,1.0,1.0,1.09861,6495.4
T13,S4541,4,2,42.0,42.0,1965.0,0.0,2709,29.8344,0.8,1,0.0,1.0,1.0,1.09861,1196.5
T13,S4542,1,1,3.0,3.0,21503.0,0.0,2710,29.8389,0.9,0,0.0,0.5,1.0,0.693147,2650.3
T13,S4543,6,3,30.0,30.0,101055.0,0.0,2711,29.829,0.7,1,0.0,1.5,1.0,1.38629,11605.5
T13,S4544,4,2,20.0,20.0,41519.0,0.0,2712,29.8291,0.8,1,0.0,1.0,1.0,1.09861,5151.9
T13,S4545,4,1,14.0,14.0,18489.0,0.0,2713,29.8255,0.9,0,0.0,0.5,1.0,0.693147,2348.9
T13,S4546,8,2,49.0,49.0,28153.0,0.0,2714,29.8196,0.8,1,0.0,1.0,1.0,1.09861,3815.3
T13,S4547,3,3,11.0,11.0,255.0,0.0,2715,29.8267,0.7,1,0.0,1.5,1.0,1.38629,1525.5
T13,S4548,20,2,102.0,94.0,45511.0,0.0,2716,29.8198,0.8,1,4.0,1.0,0.921569,1.09861,5751.1
T13,S4549,6,2,50.0,50.0,317259.0,0.0,2717,29.8434,0.8,1,0.0,1.0,1.0,1.09861,32725.9
T13,S4550,4,3,27.0,27.0,74274.0,0.0,2719,29.8512,0.7,1,0.0,1.5,1.0,1.38629,8927.4
T13,S4551,6,1,34.0,34.0,49024.0,0.0,2720,29.8502,0.9,0,0.0,0.5,1.0,0.693147,5402.4
T13,S4552,2,1,8.0,8.0,28917.0,0.0,2721,29.8517,0.9,0,0.0,0.5,1.0,0.693147,3391.7
T13,S4553,5,2,32.0,32.0,108501.0,0.0,2722,29.8437,0.8,1,0.0,1.0,1.0,1.09861,11850.1
T13,S4554,4,1,24.0,24.0,230719.0,0.0,2723,29.8445,0.9,0,0.0,0.5,1.0,0.693147,23571.9
T13,S4555,4,2,39.0,39.0,98493.0,0.0,2724,29.8423,0.8,1,0.0,1.0,1.0,1.09861,10849.3
T13,S4556,5,2,26.0,18.0,98953.0,0.0,2725,29.8457,0.8,1,4.0,1.0,0.692308,1.09861,11095.3
T13,S4557,4,2,23.0,23.0,847.0,0.0,2726,29.8414,0.8,1,0.0,1.0,1.0,1.09861,1084.7
T13,S4558,2,1,18.0,18.0,10698.0,0.0,2727,29.8388,0.9,0,0.0,0.5,1.0,0.693147,1569.8
T13,S4559,6,2,32.0,32.0,52374.0,0.0,2728,29.8345,0.8,1,0.0,1.0,1.0,1.09861,6237.4
T13,S4561,5,2,20.0,20.0,6605.0,0.0,2730,29.8277,0.8,1,0.0,1.0,1.0,1.09861,1660.5
T13,S4563,4,2,28.0,28.0,49265.0,0.0,2731,29.8241,0.8,1,0.0,1.0,1.0,1.09861,5926.5
T13,S4565,2,2,13.0,13.0,11249.0,0.0,2732,29.8234,0.8,1,0.0,1.0,1.0,1.09861,2124.9
T13,S4566,1,1,8.0,8.0,1624.0,0.0,2733,29.8172,0.9,0,0.0,0.5,1.0,0.693147,662.4
T13,S4567,3,2,24.0,24.0,182324.0,0.0,2734,29.8093,0.8,1,0.0,1.0,1.0,1.09861,19232.4
T13,S4569,2,2,18.0,18.0,24339.0,0.0,2735,29.8071,0.8,1,0.0,1.0,1.0,1.09861,3433.9
T13,S4570,7,2,60.0,60.0,125699.0,0.0,2737,29.7934,0.8,1,0.0,1.0,1.0,1.09861,13569.9
T13,S4571,5,2,21.0,21.0,118887.0,0.0,2738,29.8044,0.8,1,0.0,1.0,1.0,1.09861,12888.7
T13,S4572,7,2,33.0,33.0,72693.0,0.0,2739,29.8012,0.8,1,0.0,1.0,1.0,1.09861,8269.3
T13,S4573,5,2,34.0,34.0,132608.0,0.0,2740,29.8024,0.8,1,0.0,1.0,1.0,1.09861,14260.8
T13,S4575,5,2,21.0,21.0,91277.0,0.0,2741,29.8039,0.8,1,0.0,1.0,1.0,1.09861,10127.7
T13,S4576,8,1,37.0,37.0,71851.0,0.0,2742,29.8007,0.9,0,0.0,0.5,1.0,0.693147,7685.1
T13,S4577,5,2,24.0,24.0,47357.0,0.0,2743,29.8033,0.8,1,0.0,1.0,1.0,1.09861,5735.7
T13,S4578,5,2,16.0,16.0,81811.0,0.0,2744,29.8012,0.8,1,0.0,1.0,1.0,1.09861,9181.1
T13,S4579,7,2,31.0,31.0,64784.0,0.0,2745,29.7962,0.8,1,0.0,1.0,1.0,1.09861,7478.4
T13,S4580,2,2,11.0,11.0,58989.0,0.0,2747,29.7865,0.8,1,0.0,1.0,1.0,1.09861,6898.9
T13,S4581,2,1,10.0,10.0,17981.0,0.0,2748,29.7796,0.9,0,0.0,0.5,1.0,0.693147,2298.1
T13,S4582,5,1,21.0,21.0,29969.0,0.0,2749,29.7724,0.9,0,0.0,0.5,1.0,0.693147,3496.9
T13,S4583,2,1,8.0,8.0,34854.0,0.0,2750,29.7693,0.9,0,0.0,0.5,1.0,0.693147,3985.4
T13,S4584,13,1,57.0,57.0,31281.0,0.0,2751,29.7613,0.9,0,0.0,0.5,1.0,0.693147,3628.1
T13,S4586,3,1,21.0,21.0,15044.0,0.0,2752,29.7712,0.9,0,0.0,0.5,1.0,0.693147,2004.4
T13,S4587,7,2,34.0,34.0,24295.0,0.0,2753,29.7681,0.8,1,0.0,1.0,1.0,1.09861,3429.5
T13,S4588,6,2,18.0,18.0,3224.0,0.0,2754,29.7696,0.8,1,0.0,1.0,1.0,1.09861,1322.4
T13,S4589,5,1,19.0,19.0,3986.0,0.0,2755,29.7653,0.9,0,0.0,0.5,1.0,0.693147,898.6
T13,S4590,1,1,5.0,5.0,14118.0,0.0,2757,29.7517,0.9,0,0.0,0.5,1.0,0.693147,1911.8
T13,S4591,7,1,33.0,33.0,263346.0,0.0,2758,29.7427,0.9,0,0.0,0.5,1.0,0.693147,26834.6
T13,S4592,6,1,31.0,31.0,61949.0,0.0,2759,29.7439,0.9,0,0.0,0.5,1.0,0.693147,6694.9
T13,S4593,14,3,82.0,82.0,317687.0,0.0,2760,29.7444,0.7,1,0.0,1.5,1.0,1.38629,33268.7
T13,S4594,10,1,34.0,34.0,10627.0,0.0,2761,29.7633,0.9,0,0.0,0.5,1.0,0.693147,1562.7
T13,S4595,7,1,36.0,36.0,35238.0,0.0,2762,29.7648,0.9,0,0.0,0.5,1.0,0.693147,4023.8
T13,S4596,3,1,21.0,21.0,73746.0,0.0,2763,29.7671,0.9,0,0.0,0.5,1.0,0.693147,7874.6
T13,S4598,4,1,23.0,23.0,34637.0,0.0,2764,29.7639,0.9,0,0.0,0.5,1.0,0.693147,3963.7
T13,S4599,57,5,131.0,81.0,416052.0,0.0,2765,29.7615,0.5,2,25.0,2.5,0.618321,1.79176,45355.2
T13,S4600,6,1,14.0,14.0,16697.0,0.0,2768,29.8759,0.9,0,0.0,0.5,1.0,0.693147,2169.7
T13,S4601,2,1,8.0,8.0,2784.0,0.0,2769,29.8702,0.9,0,0.0,0.5,1.0,0.693147,778.4
T13,S4602,3,1,16.0,16.0,8664.0,0.0,2770,29.8623,0.9,0,0.0,0.5,1.0,0.693147,1366.4
T13,S4603,4,1,18.0,18.0,33251.0,0.0,2771,29.8573,0.9,0,0.0,0.5,1.0,0.693147,3825.1
T13,S4604,5,1,21.0,21.0,152601.0,0.0,2772,29.853,0.9,0,0.0,0.5,1.0,0.693147,15760.1
T13,S4605,5,1,23.0,23.0,33589.0,0.0,2773,29.8498,0.9,0,0.0,0.5,1.0,0.693147,3858.9
T13,S4606,8,1,25.0,25.0,34086.0,0.0,2774,29.8473,0.9,0,0.0,0.5,1.0,0.693147,3908.6
T13,S4607,3,1,16.0,16.0,37048.0,0.0,2775,29.8456,0.9,0,0.0,0.5,1.0,0.693147,4204.8
T13,S4608,1,1,5.0,5.0,0.0,0.0,2776,29.8406,0.9,0,0.0,0.5,1.0,0.693147,500.0
T13,S4609,9,1,35.0,35.0,53962.0,0.0,2777,29.8317,0.9,0,0.0,0.5,1.0,0.693147,5896.2
T13,S4610,10,2,39.0,39.0,32062.0,0.0,2779,29.826,0.8,1,0.0,1.0,1.0,1.09861,4206.2
T13,S4611,10,3,49.0,49.0,47276.0,0.0,2780,29.8293,0.7,1,0.0,1.5,1.0,1.38629,6227.6
T13,S4613,8,2,42.0,42.0,86045.0,0.0,2781,29.8362,0.8,1,0.0,1.0,1.0,1.09861,9604.5
T13,S4614,8,2,29.0,29.0,13632.0,0.0,2782,29.8406,0.8,1,0.0,1.0,1.0,1.09861,2363.2
T13,S4615,18,5,21.0,0.0,280.0,0.0,2783,29.8403,0.5,2,10.5,2.5,0.0,1.79176,3053.0
T13,S4616,5,1,23.0,23.0,94344.0,0.0,2784,29.8296,0.9,0,0.0,0.5,1.0,0.693147,9934.4
T13,S4617,7,2,37.0,37.0,14898.0,0.0,2785,29.8271,0.8,1,0.0,1.0,1.0,1.09861,2489.8
T13,S4618,19,3,85.0,85.0,59369.0,0.0,2786,29.8297,0.7,1,0.0,1.5,1.0,1.38629,7436.9
T13,S4619,13,2,72.0,72.0,59993.0,0.0,2787,29.8495,0.8,1,0.0,1.0,1.0,1.09861,6999.3
T13,S4620,1,1,5.0,5.0,0.0,0.0,2789,29.8643,0.9,0,0.0,0.5,1.0,0.693147,500.0
T13,S4621,11,3,52.0,52.0,86024.0,0.0,2790,29.8554,0.7,1,0.0,1.5,1.0,1.38629,10102.4
T13,S4622,13,2,57.0,57.0,46634.0,0.0,2791,29.8633,0.8,1,0.0,1.0,1.0,1.09861,5663.4
T13,S4623,15,3,61.0,61.0,14838.0,0.0,2792,29.8731,0.7,1,0.0,1.5,1.0,1.38629,2983.8
T13,S4624,23,4,76.0,76.0,105512.0,0.0,2793,29.8842,0.6,1,0.0,2.0,1.0,1.60944,12551.2
T13,S4625,27,5,98.0,98.0,20298.0,0.0,2794,29.9007,0.5,2,0.0,2.5,1.0,1.79176,4529.8
T13,S4626,15,4,33.0,28.0,8446.0,0.0,2795,29.9251,0.6,1,2.5,2.0,0.848485,1.60944,2969.6
T13,S4627,4,3,21.0,21.0,50623.0,0.0,2796,29.9244,0.7,1,0.0,1.5,1.0,1.38629,6562.3
T13,S4628,8,4,50.0,50.0,70286.0,0.0,2797,29.9212,0.6,1,0.0,2.0,1.0,1.60944,9028.6
T13,S4630,7,3,47.0,47.0,31397.0,0.0,2799,29.9205,0.7,1,0.0,1.5,1.0,1.38629,4639.7
T13,S4631,7,2,47.0,47.0,60905.0,0.0,2800,29.9266,0.8,1,0.0,1.0,1.0,1.09861,7090.5
T13,S4632,7,2,37.0,37.0,51625.0,0.0,2801,29.9327,0.8,1,0.0,1.0,1.0,1.09861,6162.5
T13,S4633,15,4,81.0,81.0,47656.0,0.0,2802,29.9353,0.6,1,0.0,2.0,1.0,1.60944,6765.6
T13,S4634,23,2,84.0,84.0,48090.0,0.0,2803,29.9535,0.8,1,0.0,1.0,1.0,1.09861,5809.0
T13,S4635,12,3,61.0,61.0,56949.0,0.0,2804,29.9728,0.7,1,0.0,1.5,1.0,1.38629,7194.9
T13,S4636,19,4,119.0,111.0,51713.0,0.0,2805,29.9838,0.6,1,4.0,2.0,0.932773,1.60944,7371.3
T13,S4637,19,4,94.0,94.0,41975.0,0.0,2806,30.0127,0.6,1,0.0,2.0,1.0,1.60944,6197.5
T13,S4638,27,4,136.0,136.0,294330.0,0.0,2807,30.0355,0.6,1,0.0,2.0,1.0,1.60944,31433.0
T13,S4639,36,5,136.0,136.0,92493.0,0.0,2808,30.0733,0.5,2,0.0,2.5,1.0,1.79176,11749.3
T13,S4640,16,2,88.0,88.0,20520.0,0.0,2810,30.112,0.8,1,0.0,1.0,1.0,1.09861,3052.0
T13,S4641,11,3,67.0,67.0,48472.0,0.0,2811,30.1326,0.7,1,0.0,1.5,1.0,1.38629,6347.2
T13,S4642,7,2,47.0,47.0,25915.0,0.0,2812,30.1457,0.8,1,0.0,1.0,1.0,1.09861,3591.5
T13,S4643,12,4,52.0,44.0,88542.0,0.0,2813,30.1517,0.6,1,4.0,2.0,0.846154,1.60944,11054.2
T13,S4644,16,5,73.0,70.0,48797.0,0.0,2814,30.1567,0.5,2,1.5,2.5,0.958904,1.79176,7454.7
T13,S4645,24,2,118.0,118.0,25141.0,0.0,2815,30.1708,0.8,1,0.0,1.0,1.0,1.09861,3514.1
T13,S4646,34,2,143.0,143.0,47781.0,0.0,2816,30.202,0.8,1,0.0,1.0,1.0,1.09861,5778.1
T13,S4647,39,2,166.0,166.0,37975.0,0.0,2817,30.2421,0.8,1,0.0,1.0,1.0,1.09861,4797.5
T13,S4648,11,3,61.0,61.0,35329.0,0.0,2818,30.2903,0.7,1,0.0,1.5,1.0,1.38629,5032.9
T13,S4649,20,3,97.0,97.0,83118.0,0.0,2819,30.3012,0.7,1,0.0,1.5,1.0,1.38629,9811.8
T13,S4650,22,2,121.0,121.0,76849.0,0.0,2821,30.3148,0.8,1,0.0,1.0,1.0,1.09861,8684.9
T13,S4651,14,2,71.0,71.0,19540.0,0.0,2822,30.3469,0.8,1,0.0,1.0,1.0,1.09861,2954.0
T13,S4652,25,2,161.0,161.0,98664.0,0.0,2823,30.3613,0.8,1,0.0,1.0,1.0,1.09861,10866.4
T13,S4653,10,3,53.0,53.0,26604.0,0.0,2824,30.4076,0.7,1,0.0,1.5,1.0,1.38629,4160.4
T13,S4654,2,2,10.0,10.0,179.0,0.0,2825,30.4156,0.8,1,0.0,1.0,1.0,1.09861,1017.9
T13,S4655,3,2,13.0,13.0,10.0,0.0,2826,30.4084,0.8,1,0.0,1.0,1.0,1.09861,1001.0
T13,S4656,21,3,90.0,90.0,25000.0,0.0,2827,30.4022,0.7,1,0.0,1.5,1.0,1.38629,4000.0
T13,S4657,20,3,103.0,103.0,16301.0,0.0,2828,30.4233,0.7,1,0.0,1.5,1.0,1.38629,3130.1
T13,S4658,53,3,230.0,230.0,33963.0,0.0,2829,30.449,0.7,1,0.0,1.5,1.0,1.38629,4896.3
T13,S4659,56,4,238.0,238.0,78916.0,0.0,2830,30.5195,0.6,1,0.0,2.0,1.0,1.60944,9891.6
T13,S4660,20,3,85.0,85.0,22993.0,0.0,2832,30.5912,0.7,1,0.0,1.5,1.0,1.38629,3799.3
T13,S4661,17,3,74.0,74.0,17098.0,0.0,2833,30.6104,0.7,1,0.0,1.5,1.0,1.38629,3209.8
T13,S4662,36,3,174.0,174.0,160928.0,0.0,2834,30.6257,0.7,1,0.0,1.5,1.0,1.38629,17592.8
T13,S4663,21,3,79.0,79.0,29670.0,0.0,2835,30.6763,0.7,1,0.0,1.5,1.0,1.38629,4467.0
T13,S4664,17,3,97.0,97.0,11762.0,0.0,2836,30.6934,0.7,1,0.0,1.5,1.0,1.38629,2676.2
T13,S4665,18,3,80.0,80.0,39655.0,0.0,2837,30.7167,0.7,1,0.0,1.5,1.0,1.38629,5465.5
T13,S4666,18,4,83.0,83.0,37580.0,0.0,2838,30.7341,0.6,1,0.0,2.0,1.0,1.60944,5758.0
T13,S4667,13,4,57.0,57.0,18658.0,0.0,2839,30.7525,0.6,1,0.0,2.0,1.0,1.60944,3865.8
T13,S4668,1,1,8.0,8.0,90.0,0.0,2840,30.7618,0.9,0,0.0,0.5,1.0,0.693147,509.0
T12,S4670,2,2,3.0,0.0,0.0,0.0,2842,30.7484,0.8,1,1.5,1.0,0.0,1.09861,1075.0
T12,S4671,13,5,45.0,39.0,105524.0,0.0,2843,30.7376,0.5,2,3.0,2.5,0.866667,1.79176,13202.4
T12,S4672,14,4,36.0,6.0,30264.0,0.0,2844,30.7405,0.6,1,15.0,2.0,0.166667,1.60944,5776.4
T12,S4673,28,5,82.0,82.0,760259.0,0.0,2845,30.7318,0.5,2,0.0,2.5,1.0,1.79176,78525.9
T12,S4674,10,5,11.0,11.0,133994.0,0.0,2846,30.7498,0.5,2,0.0,2.5,1.0,1.79176,15899.4
T12,S4675,11,4,56.0,35.0,173141.0,0.0,2847,30.7429,0.6,1,10.5,2.0,0.625,1.60944,19839.1
T12,S4676,2,2,0.0,0.0,21101.0,0.0,2848,30.7444,0.8,1,0.0,1.0,0.0,1.09861,3110.1
T12,S4677,4,2,18.0,18.0,213390.0,0.0,2849,30.7336,0.8,1,0.0,1.0,1.0,1.09861,22339.0
T12,S4678,6,4,21.0,16.0,259631.0,0.0,2850,30.7291,0.6,1,2.5,2.0,0.761905,1.60944,28088.1
T12,S4679,13,5,76.0,76.0,1101114.0,0.0,2851,30.7239,0.5,2,0.0,2.5,1.0,1.79176,112611.0
T12,S4680,5,3,19.0,16.0,139872.0,0.0,2853,30.7434,0.7,1,1.5,1.5,0.842105,1.38629,15562.2
T12,S4681,8,5,37.0,24.0,407183.0,0.0,2854,30.7382,0.5,2,6.5,2.5,0.648649,1.79176,43543.3
T12,S4682,14,6,50.0,50.0,946972.0,0.0,2855,30.7359,0.4,2,0.0,3.0,1.0,1.94591,97697.2
T12,S4683,14,3,56.0,56.0,1692249.0,0.0,2856,30.7426,0.7,1,0.0,1.5,1.0,1.38629,170725.0
T12,S4684,16,5,60.0,36.0,756906.0,0.0,2857,30.7515,0.5,2,12.0,2.5,0.6,1.79176,78790.6
T12,S4685,1,1,3.0,3.0,0.0,0.0,2858,30.7533,0.9,0,0.0,0.5,1.0,0.693147,500.0
T12,S4686,4,3,8.0,8.0,15252.0,0.0,2859,30.7436,0.7,1,0.0,1.5,1.0,1.38629,3025.2
T12,S4687,6,4,21.0,21.0,306479.0,0.0,2860,30.7356,0.6,1,0.0,2.0,1.0,1.60944,32647.9
T12,S4688,12,8,36.0,36.0,357617.0,0.0,2861,30.7322,0.2,2,0.0,4.0,1.0,2.19722,39761.7
T12,S4689,9,5,34.0,34.0,820643.0,0.0,2862,30.7341,0.5,2,0.0,2.5,1.0,1.79176,84564.3
T12,S4690,12,5,46.0,46.0,390677.0,0.0,2864,30.7346,0.5,2,0.0,2.5,1.0,1.79176,41567.7
T12,S4691,37,7,140.0,127.0,634300.0,0.0,2865,30.7399,0.3,2,6.5,3.5,0.907143,2.07944,67255.0
T12,S4692,11,5,45.0,45.0,1490455.0,0.0,2866,30.7735,0.5,2,0.0,2.5,1.0,1.79176,151546.0
T12,S4693,18,4,129.0,129.0,844365.0,0.0,2867,30.7785,0.6,1,0.0,2.0,1.0,1.60944,86436.5
T12,S4694,6,5,26.0,26.0,660012.0,0.0,2868,30.8128,0.5,2,0.0,2.5,1.0,1.79176,68501.2
T12,S4695,10,5,41.0,41.0,192497.0,0.0,2869,30.8111,0.5,2,0.0,2.5,1.0,1.79176,21749.7
T12,S4696,15,5,94.0,68.0,5321922.0,0.0,2870,30.8146,0.5,2,13.0,2.5,0.723404,1.79176,535342.0
T12,S4697,17,8,37.0,24.0,7910770.0,0.0,2871,30.8276,0.2,2,6.5,4.0,0.648649,2.19722,795402.0
T12,S4698,8,5,17.0,17.0,194435.0,0.0,2872,30.8252,0.5,2,0.0,2.5,1.0,1.79176,21943.5
T12,S4699,12,7,58.0,58.0,305619.0,0.0,2873,30.8204,0.3,2,0.0,3.5,1.0,2.07944,34061.9
T12,S4701,6,5,19.0,19.0,19087.0,0.0,2876,30.8425,0.5,2,0.0,2.5,1.0,1.79176,4408.7
T12,S4702,15,6,85.0,85.0,970694.0,0.0,2877,30.8384,0.4,2,0.0,3.0,1.0,1.94591,100069.0
T12,S4703,32,8,136.0,136.0,1729157.0,0.0,2878,30.8572,0.2,2,0.0,4.0,1.0,2.19722,176916.0
T12,S4704,16,6,130.0,130.0,3095181.0,0.0,2879,30.8937,0.4,2,0.0,3.0,1.0,1.94591,312518.0
T12,S4705,9,4,33.0,33.0,169608.0,0.0,2880,30.9282,0.6,1,0.0,2.0,1.0,1.60944,18960.8
T12,S4706,8,5,36.0,36.0,43986.0,0.0,2881,30.9289,0.5,2,0.0,2.5,1.0,1.79176,6898.6
T12,S4707,9,5,67.0,67.0,1600039.0,0.0,2882,30.9306,0.5,2,0.0,2.5,1.0,1.79176,162504.0
T12,S4708,13,4,59.0,59.0,117856.0,0.0,2883,30.9432,0.6,1,0.0,2.0,1.0,1.60944,13785.6
T12,S4709,28,9,134.0,121.0,3545108.0,0.0,2884,30.9529,0.1,3,6.5,4.5,0.902985,2.30259,359336.0
T12,S4710,14,6,65.0,65.0,521167.0,0.0,2886,30.9796,0.4,2,0.0,3.0,1.0,1.94591,55116.7
T12,S4711,9,5,64.0,64.0,121342.0,0.0,2887,30.9914,0.5,2,0.0,2.5,1.0,1.79176,14634.2
T12,S4712,20,6,160.0,160.0,294194.0,0.0,2888,31.0028,0.4,2,0.0,3.0,1.0,1.94591,32419.4
T12,S4713,14,7,62.0,62.0,639900.0,0.0,2889,31.0475,0.3,2,0.0,3.5,1.0,2.07944,67490.0
T12,S4714,10,7,40.0,40.0,731737.0,0.0,2890,31.0582,0.3,2,0.0,3.5,1.0,2.07944,76673.7
T12,S4715,15,7,123.0,110.0,722101.0,0.0,2891,31.0613,0.3,2,6.5,3.5,0.894309,2.07944,76035.1
T12,S4716,1,1,1.0,1.0,0.0,0.0,2892,31.0886,0.9,0,0.0,0.5,1.0,0.693147,500.0
T12,S4717,10,5,44.0,44.0,990482.0,0.0,2893,31.0782,0.5,2,0.0,2.5,1.0,1.79176,101548.0
T12,S4718,15,4,63.0,55.0,1232447.0,0.0,2894,31.0827,0.6,1,4.0,2.0,0.873016,1.60944,125445.0
T12,S4719,14,5,57.0,57.0,4474978.0,0.0,2895,31.0909,0.5,2,0.0,2.5,1.0,1.79176,449998.0
T12,S4720,22,7,131.0,131.0,866094.0,0.0,2897,31.1085,0.3,2,0.0,3.5,1.0,2.07944,90109.4
T12,S4721,11,6,32.0,32.0,1151185.0,0.0,2898,31.143,0.4,2,0.0,3.0,1.0,1.94591,118118.0
T12,S4722,24,8,115.0,107.0,2017346.0,0.0,2899,31.1433,0.2,2,4.0,4.0,0.930435,2.19722,205935.0
T12,S4723,14,6,80.0,80.0,168451.0,0.0,2900,31.1695,0.4,2,0.0,3.0,1.0,1.94591,19845.1
T12,S4724,28,7,82.0,82.0,253527.0,0.0,2901,31.1863,0.3,2,0.0,3.5,1.0,2.07944,28852.7
T12,S4725,20,8,101.0,101.0,402483.0,0.0,2902,31.2038,0.2,2,0.0,4.0,1.0,2.19722,44248.3
T12,S4726,7,4,42.0,42.0,53272.0,0.0,2903,31.2279,0.6,1,0.0,2.0,1.0,1.60944,7327.2
T12,S4727,14,7,36.0,36.0,384250.0,0.0,2904,31.2316,0.3,2,0.0,3.5,1.0,2.07944,41925.0
T12,S4728,16,6,92.0,92.0,577531.0,0.0,2905,31.2332,0.4,2,0.0,3.0,1.0,1.94591,60753.1
T12,S4729,10,6,29.0,29.0,30699.0,0.0,2906,31.2541,0.4,2,0.0,3.0,1.0,1.94591,6069.9
T12,S4730,52,11,222.0,199.0,1806687.0,0.0,2908,31.2485,0.0,3,11.5,5.5,0.896396,2.48491,186744.0
T12,S4731,85,19,67.0,67.0,9886835.0,0.0,2909,31.3062,0.0,6,0.0,9.5,1.0,2.99573,998184.0
T12,S4732,44,10,247.0,218.0,4406196.0,0.0,2910,31.3184,0.0,3,14.5,5.0,0.882591,2.3979,446345.0
T12,S4733,11,5,48.0,48.0,217786.0,0.0,2911,31.3826,0.5,2,0.0,2.5,1.0,1.79176,24278.6
T12,S4734,24,7,113.0,113.0,351489.0,0.0,2912,31.3883,0.3,2,0.0,3.5,1.0,2.07944,38648.9
T12,S4736,26,11,123.0,103.0,2731805.0,0.0,2913,31.4163,0.0,3,10.0,5.5,0.837398,2.48491,279180.0
T12,S4737,13,7,89.0,89.0,221884.0,0.0,2914,31.4409,0.3,2,0.0,3.5,1.0,2.07944,25688.4
T12,S4739,24,9,161.0,161.0,420231.0,0.0,2915,31.4606,0.1,3,0.0,4.5,1.0,2.30259,46523.1
T12,S4740,14,5,95.0,95.0,396186.0,0.0,2917,31.4974,0.5,2,0.0,2.5,1.0,1.79176,42118.6
T12,S4741,25,8,173.0,139.0,1484462.0,0.0,2918,31.5191,0.2,2,17.0,4.0,0.803468,2.19722,153296.0
T12,S4742,35,12,178.0,149.0,1050242.0,0.0,2919,31.556,0.0,4,14.5,6.0,0.837079,2.56495,111749.0
T12,S4744,64,10,391.0,308.0,13292383.0,0.0,2920,31.5962,0.0,3,41.5,5.0,0.787724,2.3979,1336310.0
T12,S4745,88,18,237.0,190.0,7988811.0,0.0,2921,31.6909,0.0,5,23.5,9.0,0.801688,2.94444,809056.0
T12,S4746,36,10,92.0,80.0,2678837.0,0.0,2922,31.745,0.0,3,6.0,5.0,0.869565,2.3979,273184.0
T12,S4747,14,7,40.0,40.0,224258.0,0.0,2923,31.7616,0.3,2,0.0,3.5,1.0,2.07944,25925.8
T12,S4749,20,7,75.0,71.0,3509600.0,0.0,2924,31.7644,0.3,2,2.0,3.5,0.946667,2.07944,354560.0
T12,S4750,17,4,38.0,38.0,632053.0,0.0,2926,31.7878,0.6,1,0.0,2.0,1.0,1.60944,65205.3
T12,S4752,5,2,22.0,17.0,205101.0,0.0,2927,31.7899,0.8,1,2.5,1.0,0.772727,1.09861,21635.1
T12,S4753,11,5,44.0,44.0,359438.0,0.0,2928,31.7849,0.5,2,0.0,2.5,1.0,1.79176,38443.8
T12,S4754,14,7,29.0,29.0,241057.0,0.0,2929,31.789,0.3,2,0.0,3.5,1.0,2.07944,27605.7
T12,S4755,15,5,48.0,48.0,343398.0,0.0,2930,31.7881,0.5,2,0.0,2.5,1.0,1.79176,36839.8
T12,S4756,38,6,128.0,123.0,1505555.0,0.0,2931,31.7936,0.4,2,2.5,3.0,0.960938,1.94591,153680.0
T12,S4757,3,1,5.0,5.0,1004.0,0.0,2932,31.8247,0.9,0,0.0,0.5,1.0,0.693147,600.4
T12,S4758,26,9,86.0,86.0,370785.0,0.0,2933,31.8156,0.1,3,0.0,4.5,1.0,2.30259,41578.5
T12,S4759,23,8,70.0,70.0,486361.0,0.0,2934,31.8341,0.2,2,0.0,4.0,1.0,2.19722,52636.1
T12,S4760,29,8,110.0,110.0,1214480.0,0.0,2936,31.8362,0.2,2,0.0,4.0,1.0,2.19722,125448.0
T12,S4761,3,1,5.0,5.0,16019.0,0.0,2937,31.8628,0.9,0,0.0,0.5,1.0,0.693147,2101.9
T12,S4762,16,5,89.0,89.0,663036.0,0.0,2938,31.8537,0.5,2,0.0,2.5,1.0,1.79176,68803.6
T12,S4764,49,8,255.0,247.0,4133889.0,0.0,2939,31.8731,0.2,2,4.0,4.0,0.968627,2.19722,417589.0
T12,S4766,3,3,13.0,5.0,774986.0,0.0,2940,31.9463,0.7,1,4.0,1.5,0.384615,1.38629,79198.6
T12,S4767,20,6,77.0,77.0,167792.0,0.0,2941,31.9372,0.4,2,0.0,3.0,1.0,1.94591,19779.2
T12,S4768,18,6,69.0,69.0,538225.0,0.0,2942,31.9525,0.4,2,0.0,3.0,1.0,1.94591,56822.5
T12,S4769,6,3,11.0,11.0,9639.0,0.0,2943,31.9651,0.7,1,0.0,1.5,1.0,1.38629,2463.9
T12,S4770,8,2,8.0,8.0,214506.0,0.0,2945,31.9478,0.8,1,0.0,1.0,1.0,1.09861,22450.6
T12,S4771,33,11,204.0,196.0,7049437.0,0.0,2946,31.9397,0.0,3,4.0,5.5,0.960784,2.48491,710644.0
T12,S4772,4,3,1.0,1.0,59364.0,0.0,2947,31.9953,0.7,1,0.0,1.5,1.0,1.38629,7436.4
T12,S4773,22,7,66.0,66.0,349270.0,0.0,2948,31.9848,0.3,2,0.0,3.5,1.0,2.07944,38427.0
T12,S4776,2,1,0.0,0.0,15649.0,0.0,2949,31.9964,0.9,0,0.0,0.5,0.0,0.693147,2064.9
T12,S4777,18,9,39.0,39.0,459944.0,0.0,2950,31.9855,0.1,3,0.0,4.5,1.0,2.30259,50494.4
T12,S4778,16,7,90.0,90.0,471396.0,0.0,2951,31.9879,0.3,2,0.0,3.5,1.0,2.07944,50639.6
T12,S4779,35,10,165.0,165.0,1855940.0,0.0,2952,32.0075,0.0,3,0.0,5.0,1.0,2.3979,190594.0
T12,S4780,9,6,22.0,22.0,151559.0,0.0,2954,32.0502,0.4,2,0.0,3.0,1.0,1.94591,18155.9
T12,S4781,4,1,2.0,2.0,6390.0,0.0,2955,32.0468,0.9,0,0.0,0.5,1.0,0.693147,1139.0
T12,S4782,18,9,88.0,88.0,360301.0,0.0,2956,32.0366,0.1,3,0.0,4.5,1.0,2.30259,40530.1
T12,S4783,38,12,202.0,202.0,1276428.0,0.0,2957,32.0556,0.0,4,0.0,6.0,1.0,2.56495,133643.0
T12,S4784,2,1,2.0,2.0,9966.0,0.0,2958,32.113,0.9,0,0.0,0.5,1.0,0.693147,1496.6
T12,S4785,1,1,0.0,0.0,4764.0,0.0,2959,32.1029,0.9,0,0.0,0.5,0.0,0.693147,976.4
T12,S4786,1,1,5.0,5.0,28658.0,0.0,2960,32.092,0.9,0,0.0,0.5,1.0,0.693147,3365.8
T12,S4787,6,4,34.0,34.0,192913.0,0.0,2961,32.0829,0.6,1,0.0,2.0,1.0,1.60944,21291.3
T12,S4789,23,7,78.0,78.0,128810.0,0.0,2962,32.0835,0.3,2,0.0,3.5,1.0,2.07944,16381.0
T12,S4790,15,5,68.0,68.0,1324281.0,0.0,2964,32.0959,0.5,2,0.0,2.5,1.0,1.79176,134928.0
T12,S4791,16,8,55.0,55.0,255060.0,0.0,2965,32.1081,0.2,2,0.0,4.0,1.0,2.19722,29506.0
T12,S4792,1,1,0.0,0.0,11462.0,0.0,2966,32.1158,0.9,0,0.0,0.5,0.0,0.693147,1646.2
T12,S4793,7,4,31.0,31.0,366137.0,0.0,2967,32.1049,0.6,1,0.0,2.0,1.0,1.60944,38613.7
T12,S4794,13,6,50.0,48.0,95322.0,0.0,2968,32.1046,0.4,2,1.0,3.0,0.96,1.94591,12582.2
T12,S4795,1,1,0.0,0.0,2291.0,0.0,2969,32.1099,0.9,0,0.0,0.5,0.0,0.693147,729.1
T12,S4797,15,4,90.0,90.0,197118.0,0.0,2970,32.0991,0.6,1,0.0,2.0,1.0,1.60944,21711.8
T12,S4798,51,8,294.0,294.0,5287355.0,0.0,2971,32.1186,0.2,2,0.0,4.0,1.0,2.19722,532736.0
T12,S4799,5,2,14.0,9.0,277867.0,0.0,2972,32.2068,0.8,1,2.5,1.0,0.642857,1.09861,28911.7
T12,S4800,15,5,92.0,92.0,491598.0,0.0,2975,32.2654,0.5,2,0.0,2.5,1.0,1.79176,51659.8
T12,S4801,5,2,36.0,36.0,61185.0,0.0,2976,32.2855,0.8,1,0.0,1.0,1.0,1.09861,7118.5
T12,S4802,17,6,88.0,88.0,146874.0,0.0,2977,32.2867,0.4,2,0.0,3.0,1.0,1.94591,17687.4
T12,S4803,1,1,5.0,5.0,965.0,0.0,2978,32.3054,0.9,0,0.0,0.5,1.0,0.693147,596.5
T12,S4804,16,6,64.0,64.0,285450.0,0.0,2979,32.2963,0.4,2,0.0,3.0,1.0,1.94591,31545.0
T12,S4805,30,6,122.0,122.0,726905.0,0.0,2980,32.3069,0.4,2,0.0,3.0,1.0,1.94591,75690.5
T12,S4806,5,4,17.0,17.0,111890.0,0.0,2981,32.337,0.6,1,0.0,2.0,1.0,1.60944,13189.0
T12,S4807,1,1,2.0,2.0,711.0,0.0,2982,32.3319,0.9,0,0.0,0.5,1.0,0.693147,571.1
T12,S4808,17,6,66.0,66.0,143277.0,0.0,2983,32.3217,0.4,2,0.0,3.0,1.0,1.94591,17327.7
T12,S4809,5,1,28.0,28.0,42590.0,0.0,2984,32.333,0.9,0,0.0,0.5,1.0,0.693147,4759.0
T12,S4810,5,2,21.0,21.0,43918.0,0.0,2986,32.3405,0.8,1,0.0,1.0,1.0,1.09861,5391.8
T12,S4811,25,6,112.0,112.0,534967.0,0.0,2987,32.3367,0.4,2,0.0,3.0,1.0,1.94591,56496.7
T12,S4812,8,3,34.0,34.0,15422.0,0.0,2988,32.3633,0.7,1,0.0,1.5,1.0,1.38629,3042.2
T12,S4813,22,7,76.0,76.0,86374.0,0.0,2989,32.3639,0.3,2,0.0,3.5,1.0,2.07944,12137.4
T12,S4814,13,7,80.0,80.0,121032.0,0.0,2990,32.3785,0.3,2,0.0,3.5,1.0,2.07944,15603.2
T12,S4815,30,7,117.0,117.0,174886.0,0.0,2991,32.3944,0.3,2,0.0,3.5,1.0,2.07944,20988.6
T12,S4816,15,5,30.0,30.0,52771.0,0.0,2992,32.4227,0.5,2,0.0,2.5,1.0,1.79176,7777.1
T12,S4817,23,3,103.0,103.0,6091.0,0.0,2993,32.4219,0.7,1,0.0,1.5,1.0,1.38629,2109.1
T12,S4818,28,9,83.0,83.0,121092.0,0.0,2994,32.4455,0.1,3,0.0,4.5,1.0,2.30259,16609.2
T12,S4819,48,11,218.0,218.0,295322.0,0.0,2995,32.4624,0.0,3,0.0,5.5,1.0,2.48491,35032.2
T12,S4820,2,1,34.0,34.0,39215.0,0.0,2997,32.5164,0.9,0,0.0,0.5,1.0,0.693147,4421.5
T12,S4821,30,9,151.0,151.0,128741.0,0.0,2998,32.5169,0.1,3,0.0,4.5,1.0,2.30259,17374.1
T12,S4822,44,8,205.0,205.0,1037246.0,0.0,2999,32.5565,0.2,2,0.0,4.0,1.0,2.19722,107725.0
T12,S4823,5,4,19.0,19.0,28979.0,0.0,3000,32.614,0.6,1,0.0,2.0,1.0,1.60944,4897.9
T12,S4824,38,8,134.0,134.0,454181.0,0.0,3001,32.6094,0.2,2,0.0,4.0,1.0,2.19722,49418.1
T12,S4825,1,1,13.0,13.0,1952.0,0.0,3002,32.6432,0.9,0,0.0,0.5,1.0,0.693147,695.2
T12,S4827,1,1,5.0,5.0,1378.0,0.0,3003,32.6367,0.9,0,0.0,0.5,1.0,0.693147,637.8
T12,S4828,59,12,220.0,220.0,990578.0,0.0,3004,32.6275,0.0,4,0.0,6.0,1.0,2.56495,105058.0
T12,S4829,24,7,115.0,115.0,298610.0,0.0,3005,32.6898,0.3,2,0.0,3.5,1.0,2.07944,33361.0
T12,S4830,36,8,153.0,145.0,192121.0,0.0,3007,32.715,0.2,2,4.0,4.0,0.947712,2.19722,23412.1
T12,S4831,33,7,175.0,175.0,147518.0,0.0,3008,32.7523,0.3,2,0.0,3.5,1.0,2.07944,18251.8
T12,S4832,27,9,122.0,122.0,158787.0,0.0,3009,32.7996,0.1,3,0.0,4.5,1.0,2.30259,20378.7
T12,S4833,3,3,15.0,15.0,86482.0,0.0,3010,32.8293,0.7,1,0.0,1.5,1.0,1.38629,10148.2
T12,S4834,5,3,9.0,9.0,19637.0,0.0,3011,32.8233,0.7,1,0.0,1.5,1.0,1.38629,3463.7
T12,S4835,1,1,2.0,2.0,0.0,0.0,3012,32.8154,0.9,0,0.0,0.5,1.0,0.693147,500.0
T12,S4836,38,9,161.0,161.0,265347.0,0.0,3013,32.8052,0.1,3,0.0,4.5,1.0,2.30259,31034.7
T12,S4837,26,7,94.0,93.0,298842.0,0.0,3014,32.8478,0.3,2,0.5,3.5,0.989362,2.07944,33409.2
T12,S4838,15,8,14.0,14.0,82707.0,0.0,3015,32.8677,0.2,2,0.0,4.0,1.0,2.19722,12270.7
T12,S4839,4,2,21.0,21.0,16549.0,0.0,3016,32.8615,0.8,1,0.0,1.0,1.0,1.09861,2654.9
T12,S4840,29,10,173.0,160.0,297708.0,0.0,3018,32.8533,0.0,3,6.5,5.0,0.924855,2.3979,35095.8
T12,S4841,4,4,6.0,6.0,40154.0,0.0,3019,32.8954,0.6,1,0.0,2.0,1.0,1.60944,6015.4
T12,S4842,18,8,65.0,65.0,149773.0,0.0,3020,32.8865,0.2,2,0.0,4.0,1.0,2.19722,18977.3
T12,S4843,2,2,21.0,21.0,196.0,0.0,3021,32.8971,0.8,1,0.0,1.0,1.0,1.09861,1019.6
T12,S4844,37,9,167.0,167.0,284402.0,0.0,3022,32.8932,0.1,3,0.0,4.5,1.0,2.30259,32940.2
T12,S4845,1,1,5.0,5.0,11853.0,0.0,3023,32.9376,0.9,0,0.0,0.5,1.0,0.693147,1685.3
T12,S4846,9,6,42.0,42.0,127535.0,0.0,3024,32.9283,0.4,2,0.0,3.0,1.0,1.94591,15753.5
T12,S4847,39,13,176.0,171.0,277534.0,0.0,3025,32.9313,0.0,4,2.5,6.5,0.971591,2.63906,34378.4
T12,S4849,13,7,74.0,74.0,186944.0,0.0,3026,32.977,0.3,2,0.0,3.5,1.0,2.07944,22194.4
T12,S4850,38,12,170.0,170.0,159972.0,0.0,3028,32.9922,0.0,4,0.0,6.0,1.0,2.56495,21997.2
T12,S4851,38,11,155.0,147.0,218869.0,0.0,3029,33.0374,0.0,3,4.0,5.5,0.948387,2.48491,27586.9
T12,S4852,3,1,9.0,9.0,48170.0,0.0,3030,33.075,0.9,0,0.0,0.5,1.0,0.693147,5317.0
T12,S4853,1,1,8.0,8.0,18658.0,0.0,3031,33.0671,0.9,0,0.0,0.5,1.0,0.693147,2365.8
T12,S4854,39,11,169.0,169.0,239928.0,0.0,3032,33.0588,0.0,3,0.0,5.5,1.0,2.48491,29492.8
T12,S4855,7,5,40.0,40.0,11003.0,0.0,3033,33.1037,0.5,2,0.0,2.5,1.0,1.79176,3600.3
T12,S4856,1,1,2.0,2.0,0.0,0.0,3034,33.1059,0.9,0,0.0,0.5,1.0,0.693147,500.0
T12,S4857,20,9,95.0,95.0,90491.0,0.0,3035,33.0957,0.1,3,0.0,4.5,1.0,2.30259,13549.1
T12,S4858,2,2,6.0,6.0,993.0,0.0,3036,33.1161,0.8,1,0.0,1.0,1.0,1.09861,1099.3
T12,S4860,48,15,303.0,303.0,305651.0,0.0,3038,33.0966,0.0,5,0.0,7.5,1.0,2.77259,38065.1
T12,S4861,10,1,38.0,38.0,10091.0,0.0,3039,33.1854,0.9,0,0.0,0.5,1.0,0.693147,1509.1
T12,S4862,12,3,89.0,89.0,113205.0,0.0,3040,33.187,0.7,1,0.0,1.5,1.0,1.38629,12820.5
T12,S4863,10,1,33.0,33.0,56858.0,0.0,3041,33.2054,0.9,0,0.0,0.5,1.0,0.693147,6185.8
T12,S4864,19,6,79.0,79.0,78217.0,0.0,3042,33.2053,0.4,2,0.0,3.0,1.0,1.94591,10821.7
T12,S4865,6,2,36.0,36.0,3747.0,0.0,3043,33.2203,0.8,1,0.0,1.0,1.0,1.09861,1374.7
T12,S4866,17,6,65.0,65.0,19302.0,0.0,3044,33.2213,0.4,2,0.0,3.0,1.0,1.94591,4930.2
T12,S4867,7,3,57.0,57.0,56113.0,0.0,3045,33.2317,0.7,1,0.0,1.5,1.0,1.38629,7111.3
T12,S4868,27,7,154.0,149.0,130135.0,0.0,3046,33.2395,0.3,2,2.5,3.5,0.967532,2.07944,16638.5
T12,S4869,12,2,40.0,40.0,6979.0,0.0,3047,33.2775,0.8,1,0.0,1.0,1.0,1.09861,1697.9
T12,S4870,14,2,122.0,122.0,75402.0,0.0,3049,33.2695,0.8,1,0.0,1.0,1.0,1.09861,8540.2
T12,S4871,13,1,89.0,89.0,16996.0,0.0,3050,33.2985,0.9,0,0.0,0.5,1.0,0.693147,2199.6
T12,S4872,12,6,89.0,89.0,527669.0,0.0,3051,33.3168,0.4,2,0.0,3.0,1.0,1.94591,55766.9
T12,S4873,7,2,71.0,71.0,67557.0,0.0,3052,33.3351,0.8,1,0.0,1.0,1.0,1.09861,7755.7
T12,S4874,13,2,101.0,101.0,107331.0,0.0,3053,33.3474,0.8,1,0.0,1.0,1.0,1.09861,11733.1
T12,S4875,11,4,52.0,52.0,40568.0,0.0,3054,33.3696,0.6,1,0.0,2.0,1.0,1.60944,6056.8
T12,S4876,16,3,127.0,127.0,67227.0,0.0,3055,33.3757,0.7,1,0.0,1.5,1.0,1.38629,8222.7
T12,S4877,1,1,5.0,5.0,88326.0,0.0,3056,33.4063,0.9,0,0.0,0.5,1.0,0.693147,9332.6
T12,S4878,35,4,207.0,207.0,203465.0,0.0,3057,33.397,0.6,1,0.0,2.0,1.0,1.60944,22346.5
T12,S4879,11,3,43.0,43.0,23831.0,0.0,3058,33.4538,0.7,1,0.0,1.5,1.0,1.38629,3883.1
T12,S4880,34,6,185.0,185.0,50549.0,0.0,3060,33.4548,0.4,2,0.0,3.0,1.0,1.94591,8054.9
T12,S4881,8,5,63.0,63.0,69733.0,0.0,3061,33.5043,0.5,2,0.0,2.5,1.0,1.79176,9473.3
T12,S4882,1,1,21.0,21.0,127491.0,0.0,3062,33.514,0.9,0,0.0,0.5,1.0,0.693147,13249.1
T12,S4883,34,4,203.0,203.0,390760.0,0.0,3063,33.5099,0.6,1,0.0,2.0,1.0,1.60944,41076.0
T12,S4884,21,5,111.0,111.0,53181.0,0.0,3064,33.5652,0.5,2,0.0,2.5,1.0,1.79176,7818.1
T12,S4885,4,2,52.0,52.0,28146.0,0.0,3065,33.5905,0.8,1,0.0,1.0,1.0,1.09861,3814.6
T12,S4886,16,6,177.0,177.0,222066.0,0.0,3066,33.5965,0.4,2,0.0,3.0,1.0,1.94591,25206.6
T12,S4887,17,8,66.0,66.0,1330547.0,0.0,3067,33.6433,0.2,2,0.0,4.0,1.0,2.19722,137055.0
T12,S4888,1,1,8.0,8.0,338.0,0.0,3068,33.6538,0.9,0,0.0,0.5,1.0,0.693147,533.8
T12,S4889,8,2,57.0,57.0,35601.0,0.0,3069,33.6455,0.8,1,0.0,1.0,1.0,1.09861,4560.1
T12,S4890,20,8,6844.0,6844.0,254722.0,0.0,3071,33.6532,0.2,2,0.0,4.0,1.0,2.19722,29472.2
T12,S4894,14,3,115.0,115.0,194083.0,0.0,3072,35.8708,0.7,1,0.0,1.5,1.0,1.38629,20908.3
T12,S4895,3,3,16.0,16.0,188169.0,0.0,3073,35.8966,0.7,1,0.0,1.5,1.0,1.38629,20316.9
T12,S4896,11,3,75.0,75.0,174224.0,0.0,3074,35.8901,0.7,1,0.0,1.5,1.0,1.38629,18922.4
T12,S4897,11,4,55.0,55.0,95701.0,0.0,3075,35.9028,0.6,1,0.0,2.0,1.0,1.60944,11570.1
T12,S4898,5,3,6.0,6.0,17252.0,0.0,3076,35.909,0.7,1,0.0,1.5,1.0,1.38629,3225.2
T12,S4899,3,1,15.0,15.0,24737.0,0.0,3077,35.8993,0.9,0,0.0,0.5,1.0,0.693147,2973.7
T12,S4900,11,5,27.0,27.0,65100.0,0.0,3080,35.9381,0.5,2,0.0,2.5,1.0,1.79176,9010.0
T12,S4901,16,3,121.0,121.0,50303.0,0.0,3081,35.9352,0.7,1,0.0,1.5,1.0,1.38629,6530.3
T12,S4902,10,6,34.0,34.0,46099.0,0.0,3082,35.9628,0.4,2,0.0,3.0,1.0,1.94591,7609.9
T12,S4903,1,1,3.0,3.0,0.0,0.0,3083,35.9621,0.9,0,0.0,0.5,1.0,0.693147,500.0
T12,S4904,9,3,61.0,61.0,86228.0,0.0,3084,35.9514,0.7,1,0.0,1.5,1.0,1.38629,10122.8
T12,S4905,3,3,18.0,18.0,453.0,0.0,3085,35.9596,0.7,1,0.0,1.5,1.0,1.38629,1545.3
T12,S4906,10,4,45.0,37.0,448891.0,0.0,3086,35.9537,0.6,1,4.0,2.0,0.822222,1.60944,47089.1
T12,S4907,6,3,39.0,39.0,36204.0,0.0,3087,35.9541,0.7,1,0.0,1.5,1.0,1.38629,5120.4
T12,S4908,17,7,95.0,87.0,1600432.0,0.0,3088,35.9551,0.3,2,4.0,3.5,0.915789,2.07944,163743.0
T12,S4909,13,7,107.0,107.0,145345.0,0.0,3089,35.9716,0.3,2,0.0,3.5,1.0,2.07944,18034.5
T12,S4910,12,4,81.0,81.0,42246.0,0.0,3091,35.9852,0.6,1,0.0,2.0,1.0,1.60944,6224.6
T12,S4911,7,2,40.0,40.0,144861.0,0.0,3092,35.9998,0.8,1,0.0,1.0,1.0,1.09861,15486.1
T12,S4913,13,4,112.0,112.0,67585.0,0.0,3093,36.0011,0.6,1,0.0,2.0,1.0,1.60944,8758.5
T12,S4915,8,5,56.0,56.0,31121.0,0.0,3094,36.0256,0.5,2,0.0,2.5,1.0,1.79176,5612.1
T12,S4916,4,2,26.0,26.0,109548.0,0.0,3095,36.0321,0.8,1,0.0,1.0,1.0,1.09861,11954.8
T12,S4917,22,7,127.0,127.0,294114.0,0.0,3096,36.0288,0.3,2,0.0,3.5,1.0,2.07944,32911.4
T12,S4918,3,2,14.0,14.0,106873.0,0.0,3097,36.0582,0.8,1,0.0,1.0,1.0,1.09861,11687.3
T12,S4919,11,4,66.0,66.0,518209.0,0.0,3098,36.0511,0.6,1,0.0,2.0,1.0,1.60944,53820.9
T12,S4920,34,9,342.0,342.0,381169.0,0.0,3100,36.0508,0.1,3,0.0,4.5,1.0,2.30259,42616.9
T12,S4921,3,3,13.0,13.0,89431.0,0.0,3101,36.1494,0.7,1,0.0,1.5,1.0,1.38629,10443.1
T12,S4922,12,6,67.0,67.0,85266.0,0.0,3102,36.142,0.4,2,0.0,3.0,1.0,1.94591,11526.6
T12,S4923,8,4,47.0,47.0,52528.0,0.0,3103,36.1519,0.6,1,0.0,2.0,1.0,1.60944,7252.8
T12,S4924,8,4,58.0,58.0,170899.0,0.0,3104,36.1554,0.6,1,0.0,2.0,1.0,1.60944,19089.9
T12,S4925,16,8,118.0,118.0,230581.0,0.0,3105,36.1625,0.2,2,0.0,4.0,1.0,2.19722,27058.1
T12,S4928,13,6,123.0,123.0,253205.0,0.0,3106,36.1888,0.4,2,0.0,3.0,1.0,1.94591,28320.5
T12,S4929,17,9,91.0,91.0,515703.0,0.0,3107,36.2168,0.1,3,0.0,4.5,1.0,2.30259,56070.3
T12,S4930,1,1,0.0,0.0,1157.0,0.0,3109,36.2243,0.9,0,0.0,0.5,0.0,0.693147,615.7
T12,S4931,20,1,130.0,130.0,259354.0,0.0,3110,36.2127,0.9,0,0.0,0.5,1.0,0.693147,26435.4
T12,S4932,22,9,100.0,100.0,397963.0,0.0,3111,36.2429,0.1,3,0.0,4.5,1.0,2.30259,44296.3
T12,S4933,26,9,153.0,153.0,12728.0,0.0,3112,36.2634,0.1,3,0.0,4.5,1.0,2.30259,5772.8
T12,S4934,34,11,38.0,38.0,500043.0,0.0,3113,36.3009,0.0,3,0.0,5.5,1.0,2.48491,55504.3
T12,S4935,8,1,31.0,31.0,6499.0,0.0,3114,36.3014,0.9,0,0.0,0.5,1.0,0.693147,1149.9
T12,S4936,10,1,76.0,76.0,6295.0,0.0,3115,36.2997,0.9,0,0.0,0.5,1.0,0.693147,1129.5
T12,S4937,27,9,131.0,131.0,81576.0,0.0,3116,36.3125,0.1,3,0.0,4.5,1.0,2.30259,12657.6
T12,S4938,13,2,79.0,79.0,32244.0,0.0,3117,36.3428,0.8,1,0.0,1.0,1.0,1.09861,4224.4
T12,S4939,13,7,45.0,45.0,130497.0,0.0,3118,36.3565,0.3,2,0.0,3.5,1.0,2.07944,16549.7
T12,S4940,15,8,81.0,81.0,112926.0,0.0,3120,36.3531,0.2,2,0.0,4.0,1.0,2.19722,15292.6
T12,S4941,11,4,13.0,13.0,20718.0,0.0,3121,36.3674,0.6,1,0.0,2.0,1.0,1.60944,4071.8
T12,S4942,5,2,0.0,0.0,96785.0,0.0,3122,36.3599,0.8,1,0.0,1.0,0.0,1.09861,10678.5
T12,S4943,4,1,0.0,0.0,2016.0,0.0,3123,36.3483,0.9,0,0.0,0.5,0.0,0.693147,701.6
T12,S4944,1,1,1.0,1.0,0.0,0.0,3124,36.3366,0.9,0,0.0,0.5,1.0,0.693147,500.0
T12,S4945,11,7,21.0,21.0,25461.0,0.0,3125,36.3253,0.3,2,0.0,3.5,1.0,2.07944,6046.1
T12,S4946,10,3,5.0,5.0,10322.0,0.0,3126,36.3204,0.7,1,0.0,1.5,1.0,1.38629,2532.2
T12,S4947,4,1,0.0,0.0,32838.0,0.0,3127,36.3104,0.9,0,0.0,0.5,0.0,0.693147,3783.8
T12,S4948,19,9,1.0,1.0,1048072.0,0.0,3128,36.2988,0.1,3,0.0,4.5,1.0,2.30259,109307.0
T12,S4949,14,2,0.0,0.0,20208.0,0.0,3129,36.2875,0.8,1,0.0,1.0,0.0,1.09861,3020.8
T12,S4950,46,13,43.0,43.0,840191.0,0.0,3131,36.2739,0.0,4,0.0,6.5,1.0,2.63906,90519.1
T12,S4952,26,8,0.0,0.0,257957.0,0.0,3132,36.276,0.2,2,0.0,4.0,0.0,2.19722,29795.7
T12,S4953,29,3,8.0,8.0,708495.0,0.0,3133,36.2645,0.7,1,0.0,1.5,1.0,1.38629,72349.5
T12,S4954,23,8,18.0,18.0,6060286.0,0.0,3134,36.2554,0.2,2,0.0,4.0,1.0,2.19722,610029.0
T12,S4956,5,3,42.0,42.0,17895.0,0.0,3135,36.2496,0.7,1,0.0,1.5,1.0,1.38629,3289.5
T12,S4957,1,1,5.0,5.0,21698.0,0.0,3136,36.2514,0.9,0,0.0,0.5,1.0,0.693147,2669.8
T12,S4958,6,4,5.0,5.0,171397.0,0.0,3137,36.2415,0.6,1,0.0,2.0,1.0,1.60944,19139.7
T12,S4959,6,4,21.0,21.0,31665.0,0.0,3138,36.2315,0.6,1,0.0,2.0,1.0,1.60944,5166.5
T12,S4965,10,2,40.0,40.0,58351.0,0.0,3140,36.2263,0.8,1,0.0,1.0,1.0,1.09861,6835.1
T12,S4966,119,19,35.0,35.0,2303400.0,0.0,3141,36.2275,0.0,6,0.0,9.5,1.0,2.99573,239840.0
T12,S4968,5,2,0.0,0.0,24.0,0.0,3142,36.2271,0.8,1,0.0,1.0,0.0,1.09861,1002.4
T12,S4969,8,3,34.0,34.0,19908.0,0.0,3143,36.2156,0.7,1,0.0,1.5,1.0,1.38629,3490.8
T12,S4970,9,4,21.0,21.0,101096.0,0.0,3145,36.2157,0.6,1,0.0,2.0,1.0,1.60944,12109.6
T44,S4971,6,2,16.0,16.0,0.0,0.0,3146,36.2109,0.8,1,0.0,1.0,1.0,1.09861,1000.0
T44,S4972,7,3,24.0,20.0,0.0,0.0,3147,36.2045,0.7,1,2.0,1.5,0.833333,1.38629,1600.0
T44,S4973,3,2,8.0,8.0,0.0,0.0,3148,36.1993,0.8,1,0.0,1.0,1.0,1.09861,1000.0
T44,S4974,1,1,4.0,4.0,0.0,0.0,3149,36.1904,0.9,0,0.0,0.5,1.0,0.693147,500.0
T44,S4975,3,3,8.0,8.0,99206.0,0.0,3150,36.1801,0.7,1,0.0,1.5,1.0,1.38629,11420.6
T44,S4976,2,2,10.0,10.0,150076.0,0.0,3151,36.1712,0.8,1,0.0,1.0,1.0,1.09861,16007.6
T44,S4977,11,5,48.0,40.0,22637.0,0.0,3152,36.1629,0.5,2,4.0,2.5,0.833333,1.79176,4963.7
T44,S4978,7,3,20.0,20.0,171.0,0.0,3153,36.1641,0.7,1,0.0,1.5,1.0,1.38629,1517.1
T44,S4979,1,1,4.0,4.0,0.0,0.0,3154,36.159,0.9,0,0.0,0.5,1.0,0.693147,500.0
T44,S4980,1,1,8.0,8.0,140555.0,0.0,3156,36.1497,0.9,0,0.0,0.5,1.0,0.693147,14555.5
T44,S4990,7,6,28.0,28.0,0.0,0.0,3158,36.142,0.4,2,0.0,3.0,1.0,1.94591,3000.0
T44,S4991,8,6,30.0,30.0,0.0,0.0,3159,36.1394,0.4,2,0.0,3.0,1.0,1.94591,3000.0
T44,S4992,6,5,23.0,23.0,0.0,0.0,3160,36.1375,0.5,2,0.0,2.5,1.0,1.79176,2500.0
T44,S4994,3,3,8.0,8.0,0.0,0.0,3161,36.1333,0.7,1,0.0,1.5,1.0,1.38629,1500.0
T44,S4995,3,3,12.0,12.0,0.0,0.0,3162,36.1244,0.7,1,0.0,1.5,1.0,1.38629,1500.0
T44,S4996,5,3,3052.0,3052.0,0.0,0.0,3163,36.1168,0.7,1,0.0,1.5,1.0,1.38629,1500.0
T44,S4997,12,5,40.0,40.0,1.0,0.0,3164,37.0703,0.5,2,0.0,2.5,1.0,1.79176,2500.1
T44,S4998,5,5,18.0,14.0,0.0,0.0,3165,37.0712,0.5,2,2.0,2.5,0.777778,1.79176,2600.0
T44,S4999,2,2,12.0,12.0,0.0,0.0,3166,37.0639,0.8,1,0.0,1.0,1.0,1.09861,1000.0
T44,S5000,6,3,20.0,20.0,0.0,0.0,3170,37.0809,0.7,1,0.0,1.5,1.0,1.38629,1500.0
T44,S5001,6,4,22.0,22.0,0.0,0.0,3171,37.0755,0.6,1,0.0,2.0,1.0,1.60944,2000.0
T44,S5003,1,1,8.0,8.0,0.0,0.0,3172,37.0707,0.9,0,0.0,0.5,1.0,0.693147,500.0
T44,S5004,5,3,20.0,20.0,0.0,0.0,3173,37.0616,0.7,1,0.0,1.5,1.0,1.38629,1500.0
T44,S5005,5,3,22.0,22.0,0.0,0.0,3174,37.0562,0.7,1,0.0,1.5,1.0,1.38629,1500.0
T44,S5006,4,2,18.0,18.0,0.0,0.0,3175,37.0514,0.8,1,0.0,1.0,1.0,1.09861,1000.0
T44,S5007,1,1,8.0,8.0,0.0,0.0,3176,37.0454,0.9,0,0.0,0.5,1.0,0.693147,500.0
T44,S5008,7,5,28.0,28.0,0.0,0.0,3177,37.0363,0.5,2,0.0,2.5,1.0,1.79176,2500.0
T44,S5009,6,3,22.0,22.0,0.0,0.0,3178,37.0335,0.7,1,0.0,1.5,1.0,1.38629,1500.0
T44,S5010,7,2,28.0,28.0,0.0,0.0,3180,37.0293,0.8,1,0.0,1.0,1.0,1.09861,1000.0
T44,S5011,8,5,36.0,36.0,0.0,0.0,3181,37.0265,0.5,2,0.0,2.5,1.0,1.79176,2500.0
T44,S5012,4,3,16.0,16.0,0.0,0.0,3182,37.0262,0.7,1,0.0,1.5,1.0,1.38629,1500.0
T44,S5013,9,6,32.0,32.0,0.0,0.0,3183,37.0196,0.4,2,0.0,3.0,1.0,1.94591,3000.0
T44,S5014,6,5,26.0,26.0,0.0,0.0,3184,37.018,0.5,2,0.0,2.5,1.0,1.79176,2500.0
T44,S5015,9,4,30.0,30.0,0.0,0.0,3185,37.0145,0.6,1,0.0,2.0,1.0,1.60944,2000.0
T44,S5016,6,4,20.0,20.0,0.0,0.0,3186,37.0123,0.6,1,0.0,2.0,1.0,1.60944,2000.0
T44,S5017,11,4,36.0,36.0,0.0,0.0,3187,37.007,0.6,1,0.0,2.0,1.0,1.60944,2000.0
T44,S5018,15,7,54.0,54.0,0.0,0.0,3188,37.0067,0.3,2,0.0,3.5,1.0,2.07944,3500.0
T44,S5019,10,6,38.0,30.0,17007.0,0.0,3189,37.012,0.4,2,4.0,3.0,0.789474,1.94591,4900.7
T44,S5020,5,3,20.0,20.0,0.0,0.0,3191,37.0064,0.7,1,0.0,1.5,1.0,1.38629,1500.0
T44,S5021,6,4,28.0,28.0,0.0,0.0,3192,37.001,0.6,1,0.0,2.0,1.0,1.60944,2000.0
T44,S5023,1,1,1.0,1.0,0.0,0.0,3193,36.9982,0.9,0,0.0,0.5,1.0,0.693147,500.0
T44,S5024,3,3,8.0,8.0,0.0,0.0,3194,36.9869,0.7,1,0.0,1.5,1.0,1.38629,1500.0
T44,S5026,1,1,2.0,0.0,0.0,0.0,3195,36.9779,0.9,0,1.0,0.5,0.0,0.693147,550.0
T44,S5027,1,1,5.0,5.0,0.0,0.0,3196,36.9663,0.9,0,0.0,0.5,1.0,0.693147,500.0
